1d64b9b7-9ce7-4483-9e33-646950ea591a;2025-02-26T05:59:00Z;122520;122520;122520;122520;25;
1d64b9b7-9ce7-4483-9e33-646950ea591a;2025-02-26T06:00:00Z;122570;122690;122690;122450;226;
1d64b9b7-9ce7-4483-9e33-646950ea591a;2025-02-26T06:01:00Z;122690;122690;122790;122680;136;
1d64b9b7-9ce7-4483-9e33-646950ea591a;2025-02-26T06:02:00Z;122650;122420;122650;122420;176;
1d64b9b7-9ce7-4483-9e33-646950ea591a;2025-02-26T06:03:00Z;122420;122400;122490;122390;179;
1d64b9b7-9ce7-4483-9e33-646950ea591a;2025-02-26T06:04:00Z;122400;122480;122480;122390;156;
1d64b9b7-9ce7-4483-9e33-646950ea591a;2025-02-26T06:05:00Z;122480;122560;122570;122470;195;
1d64b9b7-9ce7-4483-9e33-646950ea591a;2025-02-26T06:06:00Z;122570;122510;122600;122480;50;
1d64b9b7-9ce7-4483-9e33-646950ea591a;2025-02-26T06:07:00Z;122500;122380;122510;122380;69;
1d64b9b7-9ce7-4483-9e33-646950ea591a;2025-02-26T06:08:00Z;122400;122420;122450;122400;43;
1d64b9b7-9ce7-4483-9e33-646950ea591a;2025-02-26T06:09:00Z;122430;122480;122480;122410;32;
1d64b9b7-9ce7-4483-9e33-646950ea591a;2025-02-26T06:10:00Z;122450;122380;122470;122380;67;
1d64b9b7-9ce7-4483-9e33-646950ea591a;2025-02-26T06:11:00Z;122380;122340;122390;122300;200;
1d64b9b7-9ce7-4483-9e33-646950ea591a;2025-02-26T06:12:00Z;122340;122350;122350;122310;46;
1d64b9b7-9ce7-4483-9e33-646950ea591a;2025-02-26T06:13:00Z;122320;122370;122370;122300;56;
1d64b9b7-9ce7-4483-9e33-646950ea591a;2025-02-26T06:14:00Z;122370;122340;122380;122330;47;
1d64b9b7-9ce7-4483-9e33-646950ea591a;2025-02-26T06:15:00Z;122340;122260;122340;122210;160;
1d64b9b7-9ce7-4483-9e33-646950ea591a;2025-02-26T06:16:00Z;122260;122250;122270;122220;62;
1d64b9b7-9ce7-4483-9e33-646950ea591a;2025-02-26T06:17:00Z;122250;122230;122260;122230;17;
1d64b9b7-9ce7-4483-9e33-646950ea591a;2025-02-26T06:18:00Z;122250;122090;122260;122060;421;
1d64b9b7-9ce7-4483-9e33-646950ea591a;2025-02-26T06:19:00Z;122110;122040;122140;122030;103;
1d64b9b7-9ce7-4483-9e33-646950ea591a;2025-02-26T06:20:00Z;122060;122070;122090;122040;67;
1d64b9b7-9ce7-4483-9e33-646950ea591a;2025-02-26T06:21:00Z;122070;122080;122110;122060;60;
1d64b9b7-9ce7-4483-9e33-646950ea591a;2025-02-26T06:22:00Z;122070;122050;122070;122020;62;
1d64b9b7-9ce7-4483-9e33-646950ea591a;2025-02-26T06:23:00Z;122070;122040;122080;122040;46;
1d64b9b7-9ce7-4483-9e33-646950ea591a;2025-02-26T06:24:00Z;122040;122010;122040;122010;23;
1d64b9b7-9ce7-4483-9e33-646950ea591a;2025-02-26T06:25:00Z;122020;121980;122050;121980;168;
1d64b9b7-9ce7-4483-9e33-646950ea591a;2025-02-26T06:26:00Z;121970;121950;121980;121950;52;
1d64b9b7-9ce7-4483-9e33-646950ea591a;2025-02-26T06:27:00Z;121960;121920;121960;121890;184;
1d64b9b7-9ce7-4483-9e33-646950ea591a;2025-02-26T06:28:00Z;121900;121760;121910;121760;304;
1d64b9b7-9ce7-4483-9e33-646950ea591a;2025-02-26T06:29:00Z;121790;121630;121840;121530;544;
1d64b9b7-9ce7-4483-9e33-646950ea591a;2025-02-26T06:30:00Z;121630;121550;121630;121500;558;
1d64b9b7-9ce7-4483-9e33-646950ea591a;2025-02-26T06:31:00Z;121540;121480;121590;121440;294;
1d64b9b7-9ce7-4483-9e33-646950ea591a;2025-02-26T06:32:00Z;121480;121590;121590;121430;141;
1d64b9b7-9ce7-4483-9e33-646950ea591a;2025-02-26T06:33:00Z;121590;121670;121670;121560;158;
1d64b9b7-9ce7-4483-9e33-646950ea591a;2025-02-26T06:34:00Z;121650;121740;121770;121640;240;
1d64b9b7-9ce7-4483-9e33-646950ea591a;2025-02-26T06:35:00Z;121710;121750;121750;121690;39;
1d64b9b7-9ce7-4483-9e33-646950ea591a;2025-02-26T06:36:00Z;121740;121730;121800;121730;208;
1d64b9b7-9ce7-4483-9e33-646950ea591a;2025-02-26T06:37:00Z;121730;121910;121950;121730;357;
1d64b9b7-9ce7-4483-9e33-646950ea591a;2025-02-26T06:38:00Z;121930;122040;122070;121870;232;
1d64b9b7-9ce7-4483-9e33-646950ea591a;2025-02-26T06:39:00Z;122050;122030;122050;122010;114;
1d64b9b7-9ce7-4483-9e33-646950ea591a;2025-02-26T06:40:00Z;122020;122080;122080;122010;86;
1d64b9b7-9ce7-4483-9e33-646950ea591a;2025-02-26T06:41:00Z;122060;121990;122090;121990;159;
1d64b9b7-9ce7-4483-9e33-646950ea591a;2025-02-26T06:42:00Z;121990;121880;122000;121880;222;
1d64b9b7-9ce7-4483-9e33-646950ea591a;2025-02-26T06:43:00Z;121880;121820;121910;121820;132;
1d64b9b7-9ce7-4483-9e33-646950ea591a;2025-02-26T06:44:00Z;121860;121860;121870;121830;9;
1d64b9b7-9ce7-4483-9e33-646950ea591a;2025-02-26T06:45:00Z;121860;121920;121950;121840;61;
1d64b9b7-9ce7-4483-9e33-646950ea591a;2025-02-26T06:46:00Z;121950;121940;121960;121910;33;
1d64b9b7-9ce7-4483-9e33-646950ea591a;2025-02-26T06:47:00Z;121930;121890;121930;121890;33;
1d64b9b7-9ce7-4483-9e33-646950ea591a;2025-02-26T06:48:00Z;121900;121820;121940;121820;85;
1d64b9b7-9ce7-4483-9e33-646950ea591a;2025-02-26T06:49:00Z;121820;121820;121850;121810;83;
1d64b9b7-9ce7-4483-9e33-646950ea591a;2025-02-26T06:50:00Z;121850;121820;121850;121810;35;
1d64b9b7-9ce7-4483-9e33-646950ea591a;2025-02-26T06:51:00Z;121820;121820;121830;121810;46;
1d64b9b7-9ce7-4483-9e33-646950ea591a;2025-02-26T06:52:00Z;121820;121820;121820;121810;136;
1d64b9b7-9ce7-4483-9e33-646950ea591a;2025-02-26T06:53:00Z;121820;121820;121870;121820;38;
1d64b9b7-9ce7-4483-9e33-646950ea591a;2025-02-26T06:54:00Z;121820;121700;121830;121690;163;
1d64b9b7-9ce7-4483-9e33-646950ea591a;2025-02-26T06:55:00Z;121700;121900;121900;121700;98;
1d64b9b7-9ce7-4483-9e33-646950ea591a;2025-02-26T06:56:00Z;121910;121950;121990;121890;122;
1d64b9b7-9ce7-4483-9e33-646950ea591a;2025-02-26T06:57:00Z;121910;121810;121910;121740;417;
1d64b9b7-9ce7-4483-9e33-646950ea591a;2025-02-26T06:58:00Z;121790;121760;121790;121730;73;
1d64b9b7-9ce7-4483-9e33-646950ea591a;2025-02-26T06:59:00Z;121760;121730;121770;121700;99;
1d64b9b7-9ce7-4483-9e33-646950ea591a;2025-02-26T07:00:00Z;121740;121850;121890;121500;973;
1d64b9b7-9ce7-4483-9e33-646950ea591a;2025-02-26T07:01:00Z;121840;121900;121910;121780;307;
1d64b9b7-9ce7-4483-9e33-646950ea591a;2025-02-26T07:02:00Z;121880;121810;121880;121740;251;
1d64b9b7-9ce7-4483-9e33-646950ea591a;2025-02-26T07:03:00Z;121810;121800;121820;121670;193;
1d64b9b7-9ce7-4483-9e33-646950ea591a;2025-02-26T07:04:00Z;121780;121800;121850;121680;187;
1d64b9b7-9ce7-4483-9e33-646950ea591a;2025-02-26T07:05:00Z;121780;121640;121790;121600;244;
1d64b9b7-9ce7-4483-9e33-646950ea591a;2025-02-26T07:06:00Z;121630;121640;121670;121530;339;
1d64b9b7-9ce7-4483-9e33-646950ea591a;2025-02-26T07:07:00Z;121660;121590;121720;121590;242;
1d64b9b7-9ce7-4483-9e33-646950ea591a;2025-02-26T07:08:00Z;121590;121650;121670;121350;1226;
1d64b9b7-9ce7-4483-9e33-646950ea591a;2025-02-26T07:09:00Z;121670;121570;121680;121550;214;
1d64b9b7-9ce7-4483-9e33-646950ea591a;2025-02-26T07:10:00Z;121560;121790;121810;121550;532;
1d64b9b7-9ce7-4483-9e33-646950ea591a;2025-02-26T07:11:00Z;121790;121760;121830;121640;226;
1d64b9b7-9ce7-4483-9e33-646950ea591a;2025-02-26T07:12:00Z;121750;121710;121800;121660;191;
1d64b9b7-9ce7-4483-9e33-646950ea591a;2025-02-26T07:13:00Z;121720;121790;121800;121720;89;
1d64b9b7-9ce7-4483-9e33-646950ea591a;2025-02-26T07:14:00Z;121770;121650;121770;121650;144;
1d64b9b7-9ce7-4483-9e33-646950ea591a;2025-02-26T07:15:00Z;121650;121650;121730;121630;96;
1d64b9b7-9ce7-4483-9e33-646950ea591a;2025-02-26T07:16:00Z;121660;121530;121660;121520;252;
1d64b9b7-9ce7-4483-9e33-646950ea591a;2025-02-26T07:17:00Z;121520;121310;121540;121250;1081;
1d64b9b7-9ce7-4483-9e33-646950ea591a;2025-02-26T07:18:00Z;121310;121220;121370;121170;609;
1d64b9b7-9ce7-4483-9e33-646950ea591a;2025-02-26T07:19:00Z;121230;121280;121340;121190;274;
1d64b9b7-9ce7-4483-9e33-646950ea591a;2025-02-26T07:20:00Z;121270;121220;121300;121020;986;
1d64b9b7-9ce7-4483-9e33-646950ea591a;2025-02-26T07:21:00Z;121230;121150;121230;121080;501;
1d64b9b7-9ce7-4483-9e33-646950ea591a;2025-02-26T07:22:00Z;121160;121160;121230;121090;343;
1d64b9b7-9ce7-4483-9e33-646950ea591a;2025-02-26T07:23:00Z;121170;121100;121270;121100;274;
1d64b9b7-9ce7-4483-9e33-646950ea591a;2025-02-26T07:24:00Z;121140;121090;121160;121050;164;
1d64b9b7-9ce7-4483-9e33-646950ea591a;2025-02-26T07:25:00Z;121090;121290;121290;121090;367;
1d64b9b7-9ce7-4483-9e33-646950ea591a;2025-02-26T07:26:00Z;121290;121380;121390;121280;248;
1d64b9b7-9ce7-4483-9e33-646950ea591a;2025-02-26T07:27:00Z;121370;121350;121390;121280;110;
1d64b9b7-9ce7-4483-9e33-646950ea591a;2025-02-26T07:28:00Z;121370;121320;121380;121250;257;
1d64b9b7-9ce7-4483-9e33-646950ea591a;2025-02-26T07:29:00Z;121320;121280;121350;121270;122;
1d64b9b7-9ce7-4483-9e33-646950ea591a;2025-02-26T07:30:00Z;121270;121230;121270;121170;178;
1d64b9b7-9ce7-4483-9e33-646950ea591a;2025-02-26T07:31:00Z;121240;121100;121270;121060;289;
1d64b9b7-9ce7-4483-9e33-646950ea591a;2025-02-26T07:32:00Z;121110;121050;121110;120890;1250;
1d64b9b7-9ce7-4483-9e33-646950ea591a;2025-02-26T07:33:00Z;121070;121030;121100;121010;122;
1d64b9b7-9ce7-4483-9e33-646950ea591a;2025-02-26T07:34:00Z;121010;120850;121050;120800;921;
1d64b9b7-9ce7-4483-9e33-646950ea591a;2025-02-26T07:35:00Z;120820;120970;120970;120770;490;
1d64b9b7-9ce7-4483-9e33-646950ea591a;2025-02-26T07:36:00Z;120970;120980;121040;120930;496;
1d64b9b7-9ce7-4483-9e33-646950ea591a;2025-02-26T07:37:00Z;120980;121030;121060;120950;221;
1d64b9b7-9ce7-4483-9e33-646950ea591a;2025-02-26T07:38:00Z;121030;121040;121040;121000;96;
1d64b9b7-9ce7-4483-9e33-646950ea591a;2025-02-26T07:39:00Z;121040;120920;121090;120870;339;
1d64b9b7-9ce7-4483-9e33-646950ea591a;2025-02-26T07:40:00Z;120910;120920;120970;120830;229;
1d64b9b7-9ce7-4483-9e33-646950ea591a;2025-02-26T07:41:00Z;120920;120950;121000;120900;175;
1d64b9b7-9ce7-4483-9e33-646950ea591a;2025-02-26T07:42:00Z;120950;120890;121040;120890;539;
1d64b9b7-9ce7-4483-9e33-646950ea591a;2025-02-26T07:43:00Z;120890;120740;120900;120730;489;
1d64b9b7-9ce7-4483-9e33-646950ea591a;2025-02-26T07:44:00Z;120750;120800;120850;120740;345;
1d64b9b7-9ce7-4483-9e33-646950ea591a;2025-02-26T07:45:00Z;120800;120870;120870;120730;312;
1d64b9b7-9ce7-4483-9e33-646950ea591a;2025-02-26T07:46:00Z;120860;120920;120930;120810;316;
1d64b9b7-9ce7-4483-9e33-646950ea591a;2025-02-26T07:47:00Z;120900;121000;121000;120890;131;
1d64b9b7-9ce7-4483-9e33-646950ea591a;2025-02-26T07:48:00Z;120970;120900;120970;120830;339;
1d64b9b7-9ce7-4483-9e33-646950ea591a;2025-02-26T07:49:00Z;120880;120940;120940;120870;66;
1d64b9b7-9ce7-4483-9e33-646950ea591a;2025-02-26T07:50:00Z;120940;120930;120990;120920;86;
1d64b9b7-9ce7-4483-9e33-646950ea591a;2025-02-26T07:51:00Z;120940;120850;120940;120850;71;
1d64b9b7-9ce7-4483-9e33-646950ea591a;2025-02-26T07:52:00Z;120860;120960;120990;120850;89;
1d64b9b7-9ce7-4483-9e33-646950ea591a;2025-02-26T07:53:00Z;120990;121370;121400;120990;1091;
1d64b9b7-9ce7-4483-9e33-646950ea591a;2025-02-26T07:54:00Z;121370;121360;121390;121300;172;
1d64b9b7-9ce7-4483-9e33-646950ea591a;2025-02-26T07:55:00Z;121370;121290;121370;121240;291;
1d64b9b7-9ce7-4483-9e33-646950ea591a;2025-02-26T07:56:00Z;121300;121260;121320;121220;106;
1d64b9b7-9ce7-4483-9e33-646950ea591a;2025-02-26T07:57:00Z;121260;121220;121260;121200;168;
1d64b9b7-9ce7-4483-9e33-646950ea591a;2025-02-26T07:58:00Z;121230;121280;121280;121220;124;
1d64b9b7-9ce7-4483-9e33-646950ea591a;2025-02-26T07:59:00Z;121290;121250;121290;121190;220;
1d64b9b7-9ce7-4483-9e33-646950ea591a;2025-02-26T08:00:00Z;121240;121240;121270;121190;581;
1d64b9b7-9ce7-4483-9e33-646950ea591a;2025-02-26T08:01:00Z;121220;121350;121380;121220;527;
1d64b9b7-9ce7-4483-9e33-646950ea591a;2025-02-26T08:02:00Z;121320;121310;121350;121280;183;
1d64b9b7-9ce7-4483-9e33-646950ea591a;2025-02-26T08:03:00Z;121310;121280;121320;121280;101;
1d64b9b7-9ce7-4483-9e33-646950ea591a;2025-02-26T08:04:00Z;121260;121250;121290;121230;149;
1d64b9b7-9ce7-4483-9e33-646950ea591a;2025-02-26T08:05:00Z;121260;121340;121360;121260;143;
1d64b9b7-9ce7-4483-9e33-646950ea591a;2025-02-26T08:06:00Z;121320;121310;121340;121300;51;
1d64b9b7-9ce7-4483-9e33-646950ea591a;2025-02-26T08:07:00Z;121290;121300;121370;121280;111;
1d64b9b7-9ce7-4483-9e33-646950ea591a;2025-02-26T08:08:00Z;121300;121300;121310;121220;189;
1d64b9b7-9ce7-4483-9e33-646950ea591a;2025-02-26T08:09:00Z;121280;121400;121480;121280;622;
1d64b9b7-9ce7-4483-9e33-646950ea591a;2025-02-26T08:10:00Z;121390;121340;121420;121320;147;
1d64b9b7-9ce7-4483-9e33-646950ea591a;2025-02-26T08:11:00Z;121340;121330;121350;121310;45;
1d64b9b7-9ce7-4483-9e33-646950ea591a;2025-02-26T08:12:00Z;121330;121270;121340;121240;97;
1d64b9b7-9ce7-4483-9e33-646950ea591a;2025-02-26T08:13:00Z;121260;121260;121260;121170;348;
1d64b9b7-9ce7-4483-9e33-646950ea591a;2025-02-26T08:14:00Z;121250;121240;121250;121170;334;
1d64b9b7-9ce7-4483-9e33-646950ea591a;2025-02-26T08:15:00Z;121220;121180;121270;121170;253;
1d64b9b7-9ce7-4483-9e33-646950ea591a;2025-02-26T08:16:00Z;121180;121220;121220;121170;93;
1d64b9b7-9ce7-4483-9e33-646950ea591a;2025-02-26T08:17:00Z;121200;121360;121370;121200;260;
1d64b9b7-9ce7-4483-9e33-646950ea591a;2025-02-26T08:18:00Z;121370;121350;121370;121280;188;
1d64b9b7-9ce7-4483-9e33-646950ea591a;2025-02-26T08:19:00Z;121320;121440;121510;121320;452;
1d64b9b7-9ce7-4483-9e33-646950ea591a;2025-02-26T08:20:00Z;121450;121400;121500;121360;153;
1d64b9b7-9ce7-4483-9e33-646950ea591a;2025-02-26T08:21:00Z;121360;121420;121470;121350;212;
1d64b9b7-9ce7-4483-9e33-646950ea591a;2025-02-26T08:22:00Z;121380;121570;121570;121360;267;
1d64b9b7-9ce7-4483-9e33-646950ea591a;2025-02-26T08:23:00Z;121540;121480;121570;121480;156;
1d64b9b7-9ce7-4483-9e33-646950ea591a;2025-02-26T08:24:00Z;121480;121390;121480;121370;149;
1d64b9b7-9ce7-4483-9e33-646950ea591a;2025-02-26T08:25:00Z;121380;121340;121450;121320;110;
1d64b9b7-9ce7-4483-9e33-646950ea591a;2025-02-26T08:26:00Z;121340;121250;121340;121210;196;
1d64b9b7-9ce7-4483-9e33-646950ea591a;2025-02-26T08:27:00Z;121240;121290;121310;121230;77;
1d64b9b7-9ce7-4483-9e33-646950ea591a;2025-02-26T08:28:00Z;121280;121210;121290;121210;58;
1d64b9b7-9ce7-4483-9e33-646950ea591a;2025-02-26T08:29:00Z;121200;121230;121280;121200;72;
1d64b9b7-9ce7-4483-9e33-646950ea591a;2025-02-26T08:30:00Z;121230;121260;121310;121220;81;
1d64b9b7-9ce7-4483-9e33-646950ea591a;2025-02-26T08:31:00Z;121290;121250;121290;121240;46;
1d64b9b7-9ce7-4483-9e33-646950ea591a;2025-02-26T08:32:00Z;121240;121250;121250;121180;85;
1d64b9b7-9ce7-4483-9e33-646950ea591a;2025-02-26T08:33:00Z;121260;121230;121260;121220;25;
1d64b9b7-9ce7-4483-9e33-646950ea591a;2025-02-26T08:34:00Z;121220;121180;121230;121170;63;
1d64b9b7-9ce7-4483-9e33-646950ea591a;2025-02-26T08:35:00Z;121190;121280;121290;121170;98;
1d64b9b7-9ce7-4483-9e33-646950ea591a;2025-02-26T08:36:00Z;121290;121320;121440;121270;506;
1d64b9b7-9ce7-4483-9e33-646950ea591a;2025-02-26T08:37:00Z;121330;121350;121410;121270;154;
1d64b9b7-9ce7-4483-9e33-646950ea591a;2025-02-26T08:38:00Z;121350;121430;121460;121310;226;
1d64b9b7-9ce7-4483-9e33-646950ea591a;2025-02-26T08:39:00Z;121440;121460;121460;121410;67;
1d64b9b7-9ce7-4483-9e33-646950ea591a;2025-02-26T08:40:00Z;121470;121520;121540;121430;155;
1d64b9b7-9ce7-4483-9e33-646950ea591a;2025-02-26T08:41:00Z;121510;121450;121570;121430;428;
1d64b9b7-9ce7-4483-9e33-646950ea591a;2025-02-26T08:42:00Z;121460;121470;121530;121430;104;
1d64b9b7-9ce7-4483-9e33-646950ea591a;2025-02-26T08:43:00Z;121460;121410;121470;121330;181;
1d64b9b7-9ce7-4483-9e33-646950ea591a;2025-02-26T08:44:00Z;121390;121480;121500;121380;121;
1d64b9b7-9ce7-4483-9e33-646950ea591a;2025-02-26T08:45:00Z;121450;121450;121450;121380;95;
1d64b9b7-9ce7-4483-9e33-646950ea591a;2025-02-26T08:46:00Z;121470;121470;121500;121440;71;
1d64b9b7-9ce7-4483-9e33-646950ea591a;2025-02-26T08:47:00Z;121480;121560;121560;121470;121;
1d64b9b7-9ce7-4483-9e33-646950ea591a;2025-02-26T08:48:00Z;121520;121460;121520;121380;255;
1d64b9b7-9ce7-4483-9e33-646950ea591a;2025-02-26T08:49:00Z;121470;121500;121500;121420;44;
1d64b9b7-9ce7-4483-9e33-646950ea591a;2025-02-26T08:50:00Z;121490;121500;121510;121480;29;
1d64b9b7-9ce7-4483-9e33-646950ea591a;2025-02-26T08:51:00Z;121490;121470;121510;121450;58;
1d64b9b7-9ce7-4483-9e33-646950ea591a;2025-02-26T08:52:00Z;121500;121720;121730;121470;592;
1d64b9b7-9ce7-4483-9e33-646950ea591a;2025-02-26T08:53:00Z;121720;121880;121890;121660;1168;
1d64b9b7-9ce7-4483-9e33-646950ea591a;2025-02-26T08:54:00Z;121880;121850;121930;121830;356;
1d64b9b7-9ce7-4483-9e33-646950ea591a;2025-02-26T08:55:00Z;121850;121960;121970;121840;300;
1d64b9b7-9ce7-4483-9e33-646950ea591a;2025-02-26T08:56:00Z;121960;121900;122060;121900;522;
1d64b9b7-9ce7-4483-9e33-646950ea591a;2025-02-26T08:57:00Z;121910;121880;121980;121800;269;
1d64b9b7-9ce7-4483-9e33-646950ea591a;2025-02-26T08:58:00Z;121880;121710;121880;121710;188;
1d64b9b7-9ce7-4483-9e33-646950ea591a;2025-02-26T08:59:00Z;121720;121710;121800;121690;380;
1d64b9b7-9ce7-4483-9e33-646950ea591a;2025-02-26T09:00:00Z;121730;121800;121880;121700;163;
1d64b9b7-9ce7-4483-9e33-646950ea591a;2025-02-26T09:01:00Z;121790;121930;121930;121790;112;
1d64b9b7-9ce7-4483-9e33-646950ea591a;2025-02-26T09:02:00Z;121930;121820;121940;121800;111;
1d64b9b7-9ce7-4483-9e33-646950ea591a;2025-02-26T09:03:00Z;121840;121880;121880;121840;9;
1d64b9b7-9ce7-4483-9e33-646950ea591a;2025-02-26T09:04:00Z;121860;121880;121900;121810;50;
1d64b9b7-9ce7-4483-9e33-646950ea591a;2025-02-26T09:05:00Z;121880;121950;121960;121880;197;
1d64b9b7-9ce7-4483-9e33-646950ea591a;2025-02-26T09:06:00Z;121960;121810;122030;121810;427;
1d64b9b7-9ce7-4483-9e33-646950ea591a;2025-02-26T09:07:00Z;121820;121830;121890;121820;50;
1d64b9b7-9ce7-4483-9e33-646950ea591a;2025-02-26T09:08:00Z;121830;121820;121850;121760;99;
1d64b9b7-9ce7-4483-9e33-646950ea591a;2025-02-26T09:09:00Z;121820;121870;121870;121750;57;
1d64b9b7-9ce7-4483-9e33-646950ea591a;2025-02-26T09:10:00Z;121860;121840;121890;121790;57;
1d64b9b7-9ce7-4483-9e33-646950ea591a;2025-02-26T09:11:00Z;121830;121830;121870;121810;73;
1d64b9b7-9ce7-4483-9e33-646950ea591a;2025-02-26T09:12:00Z;121840;121790;121850;121790;80;
1d64b9b7-9ce7-4483-9e33-646950ea591a;2025-02-26T09:13:00Z;121770;121770;121810;121710;115;
1d64b9b7-9ce7-4483-9e33-646950ea591a;2025-02-26T09:14:00Z;121780;121780;121830;121750;72;
1d64b9b7-9ce7-4483-9e33-646950ea591a;2025-02-26T09:15:00Z;121810;121860;121860;121780;71;
1d64b9b7-9ce7-4483-9e33-646950ea591a;2025-02-26T09:16:00Z;121860;121870;121950;121810;222;
1d64b9b7-9ce7-4483-9e33-646950ea591a;2025-02-26T09:17:00Z;121890;121900;121910;121870;21;
1d64b9b7-9ce7-4483-9e33-646950ea591a;2025-02-26T09:18:00Z;121880;121890;121940;121870;79;
1d64b9b7-9ce7-4483-9e33-646950ea591a;2025-02-26T09:19:00Z;121910;121800;121910;121800;134;
1d64b9b7-9ce7-4483-9e33-646950ea591a;2025-02-26T09:20:00Z;121820;121790;121820;121750;147;
1d64b9b7-9ce7-4483-9e33-646950ea591a;2025-02-26T09:21:00Z;121800;121750;121810;121750;62;
1d64b9b7-9ce7-4483-9e33-646950ea591a;2025-02-26T09:22:00Z;121760;121830;121890;121740;182;
1d64b9b7-9ce7-4483-9e33-646950ea591a;2025-02-26T09:23:00Z;121820;121880;121890;121820;35;
1d64b9b7-9ce7-4483-9e33-646950ea591a;2025-02-26T09:24:00Z;121870;121800;121900;121800;159;
1d64b9b7-9ce7-4483-9e33-646950ea591a;2025-02-26T09:25:00Z;121800;121980;122010;121790;490;
1d64b9b7-9ce7-4483-9e33-646950ea591a;2025-02-26T09:26:00Z;121970;122180;122180;121940;545;
1d64b9b7-9ce7-4483-9e33-646950ea591a;2025-02-26T09:27:00Z;122180;122200;122270;122130;1006;
1d64b9b7-9ce7-4483-9e33-646950ea591a;2025-02-26T09:28:00Z;122180;122130;122220;122130;186;
1d64b9b7-9ce7-4483-9e33-646950ea591a;2025-02-26T09:29:00Z;122130;122200;122200;122130;78;
1d64b9b7-9ce7-4483-9e33-646950ea591a;2025-02-26T09:30:00Z;122200;122160;122240;122150;329;
1d64b9b7-9ce7-4483-9e33-646950ea591a;2025-02-26T09:31:00Z;122180;122140;122200;122090;279;
1d64b9b7-9ce7-4483-9e33-646950ea591a;2025-02-26T09:32:00Z;122160;122100;122190;122100;163;
1d64b9b7-9ce7-4483-9e33-646950ea591a;2025-02-26T09:33:00Z;122110;122130;122170;122100;82;
1d64b9b7-9ce7-4483-9e33-646950ea591a;2025-02-26T09:34:00Z;122100;122080;122140;122070;128;
1d64b9b7-9ce7-4483-9e33-646950ea591a;2025-02-26T09:35:00Z;122090;122170;122180;122060;183;
1d64b9b7-9ce7-4483-9e33-646950ea591a;2025-02-26T09:36:00Z;122180;122150;122200;122120;229;
1d64b9b7-9ce7-4483-9e33-646950ea591a;2025-02-26T09:37:00Z;122120;121930;122130;121920;562;
1d64b9b7-9ce7-4483-9e33-646950ea591a;2025-02-26T09:38:00Z;121950;121890;121980;121810;428;
1d64b9b7-9ce7-4483-9e33-646950ea591a;2025-02-26T09:39:00Z;121890;122080;122100;121830;235;
1d64b9b7-9ce7-4483-9e33-646950ea591a;2025-02-26T09:40:00Z;122070;122010;122070;121940;154;
1d64b9b7-9ce7-4483-9e33-646950ea591a;2025-02-26T09:41:00Z;122000;121950;122000;121920;112;
1d64b9b7-9ce7-4483-9e33-646950ea591a;2025-02-26T09:42:00Z;121980;121870;122030;121860;176;
1d64b9b7-9ce7-4483-9e33-646950ea591a;2025-02-26T09:43:00Z;121870;121950;121960;121830;98;
1d64b9b7-9ce7-4483-9e33-646950ea591a;2025-02-26T09:44:00Z;121950;122020;122040;121940;124;
1d64b9b7-9ce7-4483-9e33-646950ea591a;2025-02-26T09:45:00Z;121990;121880;122030;121870;168;
1d64b9b7-9ce7-4483-9e33-646950ea591a;2025-02-26T09:46:00Z;121860;121890;121970;121850;73;
1d64b9b7-9ce7-4483-9e33-646950ea591a;2025-02-26T09:47:00Z;121900;121980;121980;121880;219;
1d64b9b7-9ce7-4483-9e33-646950ea591a;2025-02-26T09:48:00Z;121990;121980;122060;121970;116;
1d64b9b7-9ce7-4483-9e33-646950ea591a;2025-02-26T09:49:00Z;121980;121890;122000;121890;132;
1d64b9b7-9ce7-4483-9e33-646950ea591a;2025-02-26T09:50:00Z;121890;121800;121940;121800;355;
1d64b9b7-9ce7-4483-9e33-646950ea591a;2025-02-26T09:51:00Z;121800;121840;121940;121790;170;
1d64b9b7-9ce7-4483-9e33-646950ea591a;2025-02-26T09:52:00Z;121850;121830;121860;121790;165;
1d64b9b7-9ce7-4483-9e33-646950ea591a;2025-02-26T09:53:00Z;121820;121770;121860;121720;200;
1d64b9b7-9ce7-4483-9e33-646950ea591a;2025-02-26T09:54:00Z;121750;121600;121760;121580;629;
1d64b9b7-9ce7-4483-9e33-646950ea591a;2025-02-26T09:55:00Z;121610;121730;121740;121600;294;
1d64b9b7-9ce7-4483-9e33-646950ea591a;2025-02-26T09:56:00Z;121730;121720;121800;121700;120;
1d64b9b7-9ce7-4483-9e33-646950ea591a;2025-02-26T09:57:00Z;121730;121720;121750;121710;33;
1d64b9b7-9ce7-4483-9e33-646950ea591a;2025-02-26T09:58:00Z;121740;121670;121760;121660;135;
1d64b9b7-9ce7-4483-9e33-646950ea591a;2025-02-26T09:59:00Z;121700;121790;121820;121680;129;
1d64b9b7-9ce7-4483-9e33-646950ea591a;2025-02-26T10:00:00Z;121800;121940;121970;121800;350;
1d64b9b7-9ce7-4483-9e33-646950ea591a;2025-02-26T10:01:00Z;121930;122040;122050;121930;293;
1d64b9b7-9ce7-4483-9e33-646950ea591a;2025-02-26T10:02:00Z;122050;121970;122050;121940;178;
1d64b9b7-9ce7-4483-9e33-646950ea591a;2025-02-26T10:03:00Z;121980;121890;121990;121890;142;
1d64b9b7-9ce7-4483-9e33-646950ea591a;2025-02-26T10:04:00Z;121900;121900;121930;121820;132;
1d64b9b7-9ce7-4483-9e33-646950ea591a;2025-02-26T10:05:00Z;121900;121980;122040;121900;207;
1d64b9b7-9ce7-4483-9e33-646950ea591a;2025-02-26T10:06:00Z;121970;121950;122010;121930;48;
1d64b9b7-9ce7-4483-9e33-646950ea591a;2025-02-26T10:07:00Z;121950;121910;121980;121880;80;
1d64b9b7-9ce7-4483-9e33-646950ea591a;2025-02-26T10:08:00Z;121940;121920;121970;121880;206;
1d64b9b7-9ce7-4483-9e33-646950ea591a;2025-02-26T10:09:00Z;121920;121760;121920;121730;174;
1d64b9b7-9ce7-4483-9e33-646950ea591a;2025-02-26T10:10:00Z;121770;121840;121860;121770;123;
1d64b9b7-9ce7-4483-9e33-646950ea591a;2025-02-26T10:11:00Z;121830;121850;121860;121800;47;
1d64b9b7-9ce7-4483-9e33-646950ea591a;2025-02-26T10:12:00Z;121840;121800;121840;121800;26;
1d64b9b7-9ce7-4483-9e33-646950ea591a;2025-02-26T10:13:00Z;121810;121990;122000;121810;181;
1d64b9b7-9ce7-4483-9e33-646950ea591a;2025-02-26T10:14:00Z;121980;121900;121980;121880;88;
1d64b9b7-9ce7-4483-9e33-646950ea591a;2025-02-26T10:15:00Z;121890;121770;121890;121740;201;
1d64b9b7-9ce7-4483-9e33-646950ea591a;2025-02-26T10:16:00Z;121750;121720;121800;121710;109;
1d64b9b7-9ce7-4483-9e33-646950ea591a;2025-02-26T10:17:00Z;121720;121670;121720;121610;370;
1d64b9b7-9ce7-4483-9e33-646950ea591a;2025-02-26T10:18:00Z;121660;121740;121770;121630;144;
1d64b9b7-9ce7-4483-9e33-646950ea591a;2025-02-26T10:19:00Z;121740;121770;121780;121660;75;
1d64b9b7-9ce7-4483-9e33-646950ea591a;2025-02-26T10:20:00Z;121730;121800;121800;121690;149;
1d64b9b7-9ce7-4483-9e33-646950ea591a;2025-02-26T10:21:00Z;121800;121910;121950;121790;202;
1d64b9b7-9ce7-4483-9e33-646950ea591a;2025-02-26T10:22:00Z;121920;121960;121980;121870;211;
1d64b9b7-9ce7-4483-9e33-646950ea591a;2025-02-26T10:23:00Z;121970;121930;121970;121890;195;
1d64b9b7-9ce7-4483-9e33-646950ea591a;2025-02-26T10:24:00Z;121920;121920;121940;121890;164;
1d64b9b7-9ce7-4483-9e33-646950ea591a;2025-02-26T10:25:00Z;121930;121950;122000;121910;173;
1d64b9b7-9ce7-4483-9e33-646950ea591a;2025-02-26T10:26:00Z;121950;121740;121960;121740;148;
1d64b9b7-9ce7-4483-9e33-646950ea591a;2025-02-26T10:27:00Z;121730;121500;121740;121480;497;
1d64b9b7-9ce7-4483-9e33-646950ea591a;2025-02-26T10:28:00Z;121500;121480;121560;121440;374;
1d64b9b7-9ce7-4483-9e33-646950ea591a;2025-02-26T10:29:00Z;121480;121520;121550;121350;709;
1d64b9b7-9ce7-4483-9e33-646950ea591a;2025-02-26T10:30:00Z;121510;121420;121550;121420;193;
1d64b9b7-9ce7-4483-9e33-646950ea591a;2025-02-26T10:31:00Z;121460;121500;121550;121410;241;
1d64b9b7-9ce7-4483-9e33-646950ea591a;2025-02-26T10:32:00Z;121500;121460;121540;121430;218;
1d64b9b7-9ce7-4483-9e33-646950ea591a;2025-02-26T10:33:00Z;121450;121520;121520;121380;374;
1d64b9b7-9ce7-4483-9e33-646950ea591a;2025-02-26T10:34:00Z;121520;121070;121530;121050;1394;
1d64b9b7-9ce7-4483-9e33-646950ea591a;2025-02-26T10:35:00Z;121070;120870;121140;120850;876;
1d64b9b7-9ce7-4483-9e33-646950ea591a;2025-02-26T10:36:00Z;120830;120710;120910;120690;947;
1d64b9b7-9ce7-4483-9e33-646950ea591a;2025-02-26T10:37:00Z;120710;120430;120780;120320;1780;
1d64b9b7-9ce7-4483-9e33-646950ea591a;2025-02-26T10:38:00Z;120420;120240;120430;120210;658;
1d64b9b7-9ce7-4483-9e33-646950ea591a;2025-02-26T10:39:00Z;120240;119800;120260;119800;1652;
1d64b9b7-9ce7-4483-9e33-646950ea591a;2025-02-26T10:40:00Z;119800;119710;119800;119420;2268;
1d64b9b7-9ce7-4483-9e33-646950ea591a;2025-02-26T10:41:00Z;119720;119550;119760;119440;1483;
1d64b9b7-9ce7-4483-9e33-646950ea591a;2025-02-26T10:42:00Z;119550;119380;119590;119270;1675;
1d64b9b7-9ce7-4483-9e33-646950ea591a;2025-02-26T10:43:00Z;119380;119300;119420;119170;1128;
1d64b9b7-9ce7-4483-9e33-646950ea591a;2025-02-26T10:44:00Z;119290;119490;119550;119260;897;
1d64b9b7-9ce7-4483-9e33-646950ea591a;2025-02-26T10:45:00Z;119500;119290;119540;119110;1496;
1d64b9b7-9ce7-4483-9e33-646950ea591a;2025-02-26T10:46:00Z;119270;119210;119360;119180;858;
1d64b9b7-9ce7-4483-9e33-646950ea591a;2025-02-26T10:47:00Z;119210;119240;119240;119030;740;
1d64b9b7-9ce7-4483-9e33-646950ea591a;2025-02-26T10:48:00Z;119240;119360;119410;119190;768;
1d64b9b7-9ce7-4483-9e33-646950ea591a;2025-02-26T10:49:00Z;119370;119400;119420;119240;386;
1d64b9b7-9ce7-4483-9e33-646950ea591a;2025-02-26T10:50:00Z;119390;119060;119390;119060;577;
1d64b9b7-9ce7-4483-9e33-646950ea591a;2025-02-26T10:51:00Z;119070;119170;119240;118910;1241;
1d64b9b7-9ce7-4483-9e33-646950ea591a;2025-02-26T10:52:00Z;119170;118990;119180;118810;683;
1d64b9b7-9ce7-4483-9e33-646950ea591a;2025-02-26T10:53:00Z;118990;118860;119030;118800;577;
1d64b9b7-9ce7-4483-9e33-646950ea591a;2025-02-26T10:54:00Z;118870;119030;119120;118870;359;
1d64b9b7-9ce7-4483-9e33-646950ea591a;2025-02-26T10:55:00Z;119040;118790;119040;118780;728;
1d64b9b7-9ce7-4483-9e33-646950ea591a;2025-02-26T10:56:00Z;118780;118700;118780;118550;1103;
1d64b9b7-9ce7-4483-9e33-646950ea591a;2025-02-26T10:57:00Z;118700;118810;118870;118660;560;
1d64b9b7-9ce7-4483-9e33-646950ea591a;2025-02-26T10:58:00Z;118830;118900;118950;118820;364;
1d64b9b7-9ce7-4483-9e33-646950ea591a;2025-02-26T10:59:00Z;118900;118910;118960;118810;565;
1d64b9b7-9ce7-4483-9e33-646950ea591a;2025-02-26T11:05:00Z;118940;118680;119080;118670;1151;
1d64b9b7-9ce7-4483-9e33-646950ea591a;2025-02-26T11:06:00Z;118680;118540;118680;118400;1375;
1d64b9b7-9ce7-4483-9e33-646950ea591a;2025-02-26T11:07:00Z;118540;118110;118540;118100;823;
1d64b9b7-9ce7-4483-9e33-646950ea591a;2025-02-26T11:08:00Z;118120;118280;118380;118050;918;
1d64b9b7-9ce7-4483-9e33-646950ea591a;2025-02-26T11:09:00Z;118270;118480;118500;118240;643;
1d64b9b7-9ce7-4483-9e33-646950ea591a;2025-02-26T11:10:00Z;118480;118220;118480;118160;909;
1d64b9b7-9ce7-4483-9e33-646950ea591a;2025-02-26T11:11:00Z;118220;118280;118290;118160;532;
1d64b9b7-9ce7-4483-9e33-646950ea591a;2025-02-26T11:12:00Z;118270;118220;118290;118210;316;
1d64b9b7-9ce7-4483-9e33-646950ea591a;2025-02-26T11:13:00Z;118220;118170;118270;118140;380;
1d64b9b7-9ce7-4483-9e33-646950ea591a;2025-02-26T11:14:00Z;118160;118030;118160;118000;1233;
1d64b9b7-9ce7-4483-9e33-646950ea591a;2025-02-26T11:15:00Z;118040;118130;118180;117950;1394;
1d64b9b7-9ce7-4483-9e33-646950ea591a;2025-02-26T11:16:00Z;118100;118320;118380;118080;833;
1d64b9b7-9ce7-4483-9e33-646950ea591a;2025-02-26T11:17:00Z;118310;118400;118420;118250;492;
1d64b9b7-9ce7-4483-9e33-646950ea591a;2025-02-26T11:18:00Z;118400;118480;118480;118360;439;
1d64b9b7-9ce7-4483-9e33-646950ea591a;2025-02-26T11:19:00Z;118460;118540;118570;118390;487;
1d64b9b7-9ce7-4483-9e33-646950ea591a;2025-02-26T11:20:00Z;118530;118640;118660;118460;578;
1d64b9b7-9ce7-4483-9e33-646950ea591a;2025-02-26T11:21:00Z;118620;118790;118790;118580;560;
1d64b9b7-9ce7-4483-9e33-646950ea591a;2025-02-26T11:22:00Z;118770;118870;118980;118760;685;
1d64b9b7-9ce7-4483-9e33-646950ea591a;2025-02-26T11:23:00Z;118890;119020;119140;118860;1137;
1d64b9b7-9ce7-4483-9e33-646950ea591a;2025-02-26T11:24:00Z;119010;119000;119080;118890;612;
1d64b9b7-9ce7-4483-9e33-646950ea591a;2025-02-26T11:25:00Z;119000;118850;119020;118820;525;
1d64b9b7-9ce7-4483-9e33-646950ea591a;2025-02-26T11:26:00Z;118850;118810;118870;118740;321;
1d64b9b7-9ce7-4483-9e33-646950ea591a;2025-02-26T11:27:00Z;118820;118940;118940;118750;175;
1d64b9b7-9ce7-4483-9e33-646950ea591a;2025-02-26T11:28:00Z;118940;118780;118950;118780;140;
1d64b9b7-9ce7-4483-9e33-646950ea591a;2025-02-26T11:29:00Z;118770;118910;118930;118610;477;
1d64b9b7-9ce7-4483-9e33-646950ea591a;2025-02-26T11:30:00Z;118900;118910;118940;118760;253;
1d64b9b7-9ce7-4483-9e33-646950ea591a;2025-02-26T11:31:00Z;118900;119030;119040;118840;339;
1d64b9b7-9ce7-4483-9e33-646950ea591a;2025-02-26T11:32:00Z;119010;119260;119290;119000;547;
1d64b9b7-9ce7-4483-9e33-646950ea591a;2025-02-26T11:33:00Z;119270;119300;119380;119230;681;
1d64b9b7-9ce7-4483-9e33-646950ea591a;2025-02-26T11:34:00Z;119310;119280;119360;119260;279;
1d64b9b7-9ce7-4483-9e33-646950ea591a;2025-02-26T11:35:00Z;119260;119080;119280;119020;279;
1d64b9b7-9ce7-4483-9e33-646950ea591a;2025-02-26T11:36:00Z;119050;118990;119080;118930;254;
1d64b9b7-9ce7-4483-9e33-646950ea591a;2025-02-26T11:37:00Z;118990;119100;119120;118990;218;
1d64b9b7-9ce7-4483-9e33-646950ea591a;2025-02-26T11:38:00Z;119040;119030;119060;118870;279;
1d64b9b7-9ce7-4483-9e33-646950ea591a;2025-02-26T11:39:00Z;119030;119030;119080;118990;158;
1d64b9b7-9ce7-4483-9e33-646950ea591a;2025-02-26T11:40:00Z;119020;118970;119050;118920;131;
1d64b9b7-9ce7-4483-9e33-646950ea591a;2025-02-26T11:41:00Z;118950;119000;119090;118920;161;
1d64b9b7-9ce7-4483-9e33-646950ea591a;2025-02-26T11:42:00Z;118940;118840;118950;118830;183;
1d64b9b7-9ce7-4483-9e33-646950ea591a;2025-02-26T11:43:00Z;118870;118930;119000;118870;235;
1d64b9b7-9ce7-4483-9e33-646950ea591a;2025-02-26T11:44:00Z;118920;119020;119020;118870;62;
1d64b9b7-9ce7-4483-9e33-646950ea591a;2025-02-26T11:45:00Z;118940;119170;119190;118920;200;
1d64b9b7-9ce7-4483-9e33-646950ea591a;2025-02-26T11:46:00Z;119160;118840;119160;118840;347;
1d64b9b7-9ce7-4483-9e33-646950ea591a;2025-02-26T11:47:00Z;118840;118730;118920;118720;413;
1d64b9b7-9ce7-4483-9e33-646950ea591a;2025-02-26T11:48:00Z;118730;118440;118730;118410;815;
1d64b9b7-9ce7-4483-9e33-646950ea591a;2025-02-26T11:49:00Z;118450;118730;118760;118440;488;
1d64b9b7-9ce7-4483-9e33-646950ea591a;2025-02-26T11:50:00Z;118730;118810;118830;118580;208;
1d64b9b7-9ce7-4483-9e33-646950ea591a;2025-02-26T11:51:00Z;118820;119050;119070;118820;475;
1d64b9b7-9ce7-4483-9e33-646950ea591a;2025-02-26T11:52:00Z;119050;119270;119280;119030;462;
1d64b9b7-9ce7-4483-9e33-646950ea591a;2025-02-26T11:53:00Z;119270;119280;119310;119190;275;
1d64b9b7-9ce7-4483-9e33-646950ea591a;2025-02-26T11:54:00Z;119270;119340;119380;119270;486;
1d64b9b7-9ce7-4483-9e33-646950ea591a;2025-02-26T11:55:00Z;119330;119290;119470;119280;651;
1d64b9b7-9ce7-4483-9e33-646950ea591a;2025-02-26T11:56:00Z;119310;119210;119330;119180;352;
1d64b9b7-9ce7-4483-9e33-646950ea591a;2025-02-26T11:57:00Z;119230;119230;119290;119180;84;
1d64b9b7-9ce7-4483-9e33-646950ea591a;2025-02-26T11:58:00Z;119250;119270;119280;119120;100;
1d64b9b7-9ce7-4483-9e33-646950ea591a;2025-02-26T11:59:00Z;119270;119120;119300;119100;198;
1d64b9b7-9ce7-4483-9e33-646950ea591a;2025-02-26T12:00:00Z;119140;119080;119150;119030;266;
1d64b9b7-9ce7-4483-9e33-646950ea591a;2025-02-26T12:01:00Z;119100;119090;119140;119030;381;
1d64b9b7-9ce7-4483-9e33-646950ea591a;2025-02-26T12:02:00Z;119080;118980;119080;118800;615;
1d64b9b7-9ce7-4483-9e33-646950ea591a;2025-02-26T12:03:00Z;118980;119070;119090;118980;107;
1d64b9b7-9ce7-4483-9e33-646950ea591a;2025-02-26T12:04:00Z;119050;119080;119120;119040;82;
1d64b9b7-9ce7-4483-9e33-646950ea591a;2025-02-26T12:05:00Z;119100;119070;119170;119070;112;
1d64b9b7-9ce7-4483-9e33-646950ea591a;2025-02-26T12:06:00Z;119100;119090;119120;119070;25;
1d64b9b7-9ce7-4483-9e33-646950ea591a;2025-02-26T12:07:00Z;119090;119190;119190;119090;33;
1d64b9b7-9ce7-4483-9e33-646950ea591a;2025-02-26T12:08:00Z;119190;119100;119200;119050;124;
1d64b9b7-9ce7-4483-9e33-646950ea591a;2025-02-26T12:09:00Z;119070;119090;119140;119070;48;
1d64b9b7-9ce7-4483-9e33-646950ea591a;2025-02-26T12:10:00Z;119110;119220;119240;119110;100;
1d64b9b7-9ce7-4483-9e33-646950ea591a;2025-02-26T12:11:00Z;119220;119210;119230;119150;90;
1d64b9b7-9ce7-4483-9e33-646950ea591a;2025-02-26T12:12:00Z;119190;119240;119270;119190;159;
1d64b9b7-9ce7-4483-9e33-646950ea591a;2025-02-26T12:13:00Z;119240;118960;119240;118960;280;
1d64b9b7-9ce7-4483-9e33-646950ea591a;2025-02-26T12:14:00Z;118940;118880;118950;118750;476;
1d64b9b7-9ce7-4483-9e33-646950ea591a;2025-02-26T12:15:00Z;118890;118700;118910;118700;244;
1d64b9b7-9ce7-4483-9e33-646950ea591a;2025-02-26T12:16:00Z;118710;118800;118820;118680;239;
1d64b9b7-9ce7-4483-9e33-646950ea591a;2025-02-26T12:17:00Z;118800;118820;118890;118800;176;
1d64b9b7-9ce7-4483-9e33-646950ea591a;2025-02-26T12:18:00Z;118830;118760;118850;118700;105;
1d64b9b7-9ce7-4483-9e33-646950ea591a;2025-02-26T12:19:00Z;118760;118490;118760;118460;797;
1d64b9b7-9ce7-4483-9e33-646950ea591a;2025-02-26T12:20:00Z;118460;118420;118470;118250;734;
1d64b9b7-9ce7-4483-9e33-646950ea591a;2025-02-26T12:21:00Z;118440;118380;118460;118350;247;
1d64b9b7-9ce7-4483-9e33-646950ea591a;2025-02-26T12:22:00Z;118380;118260;118400;118250;240;
1d64b9b7-9ce7-4483-9e33-646950ea591a;2025-02-26T12:23:00Z;118270;118550;118560;118270;303;
1d64b9b7-9ce7-4483-9e33-646950ea591a;2025-02-26T12:24:00Z;118530;118710;118720;118450;377;
1d64b9b7-9ce7-4483-9e33-646950ea591a;2025-02-26T12:25:00Z;118710;118690;118770;118640;186;
1d64b9b7-9ce7-4483-9e33-646950ea591a;2025-02-26T12:26:00Z;118710;118510;118710;118460;206;
1d64b9b7-9ce7-4483-9e33-646950ea591a;2025-02-26T12:27:00Z;118530;118670;118670;118500;143;
1d64b9b7-9ce7-4483-9e33-646950ea591a;2025-02-26T12:28:00Z;118650;118550;118650;118470;204;
1d64b9b7-9ce7-4483-9e33-646950ea591a;2025-02-26T12:29:00Z;118540;118450;118540;118380;176;
1d64b9b7-9ce7-4483-9e33-646950ea591a;2025-02-26T12:30:00Z;118450;118400;118450;118360;169;
1d64b9b7-9ce7-4483-9e33-646950ea591a;2025-02-26T12:31:00Z;118400;118360;118400;118270;236;
1d64b9b7-9ce7-4483-9e33-646950ea591a;2025-02-26T12:32:00Z;118360;118000;118360;118000;928;
1d64b9b7-9ce7-4483-9e33-646950ea591a;2025-02-26T12:33:00Z;118010;118110;118170;117990;550;
1d64b9b7-9ce7-4483-9e33-646950ea591a;2025-02-26T12:34:00Z;118120;118140;118170;118020;256;
1d64b9b7-9ce7-4483-9e33-646950ea591a;2025-02-26T12:35:00Z;118140;117900;118140;117890;929;
1d64b9b7-9ce7-4483-9e33-646950ea591a;2025-02-26T12:36:00Z;117900;118070;118100;117820;631;
1d64b9b7-9ce7-4483-9e33-646950ea591a;2025-02-26T12:37:00Z;118070;118020;118070;117870;441;
1d64b9b7-9ce7-4483-9e33-646950ea591a;2025-02-26T12:38:00Z;117990;118080;118080;117950;147;
1d64b9b7-9ce7-4483-9e33-646950ea591a;2025-02-26T12:39:00Z;118060;117990;118080;117930;242;
1d64b9b7-9ce7-4483-9e33-646950ea591a;2025-02-26T12:40:00Z;117970;117770;118040;117750;930;
1d64b9b7-9ce7-4483-9e33-646950ea591a;2025-02-26T12:41:00Z;117780;117960;117990;117760;617;
1d64b9b7-9ce7-4483-9e33-646950ea591a;2025-02-26T12:42:00Z;117950;118030;118060;117830;443;
1d64b9b7-9ce7-4483-9e33-646950ea591a;2025-02-26T12:43:00Z;118060;118090;118090;118010;214;
1d64b9b7-9ce7-4483-9e33-646950ea591a;2025-02-26T12:44:00Z;118090;118130;118140;118040;349;
1d64b9b7-9ce7-4483-9e33-646950ea591a;2025-02-26T12:45:00Z;118130;118000;118140;117990;223;
1d64b9b7-9ce7-4483-9e33-646950ea591a;2025-02-26T12:46:00Z;118000;117970;118030;117910;363;
1d64b9b7-9ce7-4483-9e33-646950ea591a;2025-02-26T12:47:00Z;117970;117840;118040;117780;505;
1d64b9b7-9ce7-4483-9e33-646950ea591a;2025-02-26T12:48:00Z;117840;117800;117840;117750;389;
1d64b9b7-9ce7-4483-9e33-646950ea591a;2025-02-26T12:49:00Z;117840;117830;117890;117790;289;
1d64b9b7-9ce7-4483-9e33-646950ea591a;2025-02-26T12:50:00Z;117870;117910;117950;117740;322;
1d64b9b7-9ce7-4483-9e33-646950ea591a;2025-02-26T12:51:00Z;117920;117840;118000;117820;313;
1d64b9b7-9ce7-4483-9e33-646950ea591a;2025-02-26T12:52:00Z;117820;117500;117860;117500;1180;
1d64b9b7-9ce7-4483-9e33-646950ea591a;2025-02-26T12:53:00Z;117530;117570;117740;117450;1022;
1d64b9b7-9ce7-4483-9e33-646950ea591a;2025-02-26T12:54:00Z;117560;117320;117660;117320;681;
1d64b9b7-9ce7-4483-9e33-646950ea591a;2025-02-26T12:55:00Z;117350;117440;117470;117300;635;
1d64b9b7-9ce7-4483-9e33-646950ea591a;2025-02-26T12:56:00Z;117420;117480;117600;117400;621;
1d64b9b7-9ce7-4483-9e33-646950ea591a;2025-02-26T12:57:00Z;117490;117610;117630;117460;205;
1d64b9b7-9ce7-4483-9e33-646950ea591a;2025-02-26T12:58:00Z;117620;117520;117630;117490;309;
1d64b9b7-9ce7-4483-9e33-646950ea591a;2025-02-26T12:59:00Z;117530;117590;117630;117520;238;
1d64b9b7-9ce7-4483-9e33-646950ea591a;2025-02-26T13:00:00Z;117590;117460;117590;117450;286;
1d64b9b7-9ce7-4483-9e33-646950ea591a;2025-02-26T13:01:00Z;117460;117690;117690;117390;477;
1d64b9b7-9ce7-4483-9e33-646950ea591a;2025-02-26T13:02:00Z;117690;117810;117830;117690;385;
1d64b9b7-9ce7-4483-9e33-646950ea591a;2025-02-26T13:03:00Z;117810;117820;117890;117730;480;
1d64b9b7-9ce7-4483-9e33-646950ea591a;2025-02-26T13:04:00Z;117820;117920;118020;117810;1077;
1d64b9b7-9ce7-4483-9e33-646950ea591a;2025-02-26T13:05:00Z;117910;117780;117910;117770;241;
1d64b9b7-9ce7-4483-9e33-646950ea591a;2025-02-26T13:06:00Z;117780;117850;117890;117730;321;
1d64b9b7-9ce7-4483-9e33-646950ea591a;2025-02-26T13:07:00Z;117840;117740;117840;117730;239;
1d64b9b7-9ce7-4483-9e33-646950ea591a;2025-02-26T13:08:00Z;117760;117790;117790;117730;73;
1d64b9b7-9ce7-4483-9e33-646950ea591a;2025-02-26T13:09:00Z;117800;117790;117880;117790;224;
1d64b9b7-9ce7-4483-9e33-646950ea591a;2025-02-26T13:10:00Z;117780;117620;117780;117600;493;
1d64b9b7-9ce7-4483-9e33-646950ea591a;2025-02-26T13:11:00Z;117610;117370;117660;117370;495;
1d64b9b7-9ce7-4483-9e33-646950ea591a;2025-02-26T13:12:00Z;117370;117270;117460;117190;967;
1d64b9b7-9ce7-4483-9e33-646950ea591a;2025-02-26T13:13:00Z;117270;117160;117310;117130;471;
1d64b9b7-9ce7-4483-9e33-646950ea591a;2025-02-26T13:14:00Z;117180;117030;117180;117000;1052;
1d64b9b7-9ce7-4483-9e33-646950ea591a;2025-02-26T13:15:00Z;117050;117030;117050;116890;870;
1d64b9b7-9ce7-4483-9e33-646950ea591a;2025-02-26T13:16:00Z;117040;117040;117110;116940;629;
1d64b9b7-9ce7-4483-9e33-646950ea591a;2025-02-26T13:17:00Z;117030;117030;117070;116940;318;
1d64b9b7-9ce7-4483-9e33-646950ea591a;2025-02-26T13:18:00Z;117040;116880;117040;116780;649;
1d64b9b7-9ce7-4483-9e33-646950ea591a;2025-02-26T13:19:00Z;116870;116790;116870;116740;731;
1d64b9b7-9ce7-4483-9e33-646950ea591a;2025-02-26T13:20:00Z;116790;116930;116930;116750;678;
1d64b9b7-9ce7-4483-9e33-646950ea591a;2025-02-26T13:21:00Z;116940;116950;116960;116860;271;
1d64b9b7-9ce7-4483-9e33-646950ea591a;2025-02-26T13:22:00Z;116940;116950;116990;116840;270;
1d64b9b7-9ce7-4483-9e33-646950ea591a;2025-02-26T13:23:00Z;116990;117170;117180;116980;450;
1d64b9b7-9ce7-4483-9e33-646950ea591a;2025-02-26T13:24:00Z;117180;117120;117210;117120;441;
1d64b9b7-9ce7-4483-9e33-646950ea591a;2025-02-26T13:25:00Z;117140;117110;117220;116960;404;
1d64b9b7-9ce7-4483-9e33-646950ea591a;2025-02-26T13:26:00Z;117100;117030;117150;117020;220;
1d64b9b7-9ce7-4483-9e33-646950ea591a;2025-02-26T13:27:00Z;117030;117090;117170;117020;184;
1d64b9b7-9ce7-4483-9e33-646950ea591a;2025-02-26T13:28:00Z;117070;117130;117140;117020;224;
1d64b9b7-9ce7-4483-9e33-646950ea591a;2025-02-26T13:29:00Z;117150;117240;117250;117070;210;
1d64b9b7-9ce7-4483-9e33-646950ea591a;2025-02-26T13:30:00Z;117240;117010;117240;116960;398;
1d64b9b7-9ce7-4483-9e33-646950ea591a;2025-02-26T13:31:00Z;117020;117150;117180;116970;260;
1d64b9b7-9ce7-4483-9e33-646950ea591a;2025-02-26T13:32:00Z;117150;117290;117360;117150;480;
1d64b9b7-9ce7-4483-9e33-646950ea591a;2025-02-26T13:33:00Z;117260;117310;117340;117200;169;
1d64b9b7-9ce7-4483-9e33-646950ea591a;2025-02-26T13:34:00Z;117310;117330;117380;117270;155;
1d64b9b7-9ce7-4483-9e33-646950ea591a;2025-02-26T13:35:00Z;117330;117370;117420;117300;176;
1d64b9b7-9ce7-4483-9e33-646950ea591a;2025-02-26T13:36:00Z;117400;117530;117590;117390;511;
1d64b9b7-9ce7-4483-9e33-646950ea591a;2025-02-26T13:37:00Z;117520;117600;117640;117410;339;
1d64b9b7-9ce7-4483-9e33-646950ea591a;2025-02-26T13:38:00Z;117590;117660;117710;117510;351;
1d64b9b7-9ce7-4483-9e33-646950ea591a;2025-02-26T13:39:00Z;117620;117640;117680;117550;244;
1d64b9b7-9ce7-4483-9e33-646950ea591a;2025-02-26T13:40:00Z;117630;117460;117660;117430;396;
1d64b9b7-9ce7-4483-9e33-646950ea591a;2025-02-26T13:41:00Z;117470;117340;117470;117310;231;
1d64b9b7-9ce7-4483-9e33-646950ea591a;2025-02-26T13:42:00Z;117350;117380;117390;117280;218;
1d64b9b7-9ce7-4483-9e33-646950ea591a;2025-02-26T13:43:00Z;117390;117470;117470;117360;116;
1d64b9b7-9ce7-4483-9e33-646950ea591a;2025-02-26T13:44:00Z;117470;117500;117540;117470;374;
1d64b9b7-9ce7-4483-9e33-646950ea591a;2025-02-26T13:45:00Z;117500;117390;117610;117380;385;
1d64b9b7-9ce7-4483-9e33-646950ea591a;2025-02-26T13:46:00Z;117400;117600;117600;117350;157;
1d64b9b7-9ce7-4483-9e33-646950ea591a;2025-02-26T13:47:00Z;117570;117550;117600;117510;128;
1d64b9b7-9ce7-4483-9e33-646950ea591a;2025-02-26T13:48:00Z;117550;117640;117640;117500;205;
1d64b9b7-9ce7-4483-9e33-646950ea591a;2025-02-26T13:49:00Z;117640;117620;117660;117580;139;
1d64b9b7-9ce7-4483-9e33-646950ea591a;2025-02-26T13:50:00Z;117650;117720;117780;117600;285;
1d64b9b7-9ce7-4483-9e33-646950ea591a;2025-02-26T13:51:00Z;117720;117630;117750;117610;125;
1d64b9b7-9ce7-4483-9e33-646950ea591a;2025-02-26T13:52:00Z;117620;117490;117620;117490;139;
1d64b9b7-9ce7-4483-9e33-646950ea591a;2025-02-26T13:53:00Z;117500;117490;117510;117370;173;
1d64b9b7-9ce7-4483-9e33-646950ea591a;2025-02-26T13:54:00Z;117490;117670;117670;117470;225;
1d64b9b7-9ce7-4483-9e33-646950ea591a;2025-02-26T13:55:00Z;117640;117750;117780;117610;190;
1d64b9b7-9ce7-4483-9e33-646950ea591a;2025-02-26T13:56:00Z;117760;117780;117850;117740;262;
1d64b9b7-9ce7-4483-9e33-646950ea591a;2025-02-26T13:57:00Z;117760;117670;117770;117620;265;
1d64b9b7-9ce7-4483-9e33-646950ea591a;2025-02-26T13:58:00Z;117670;117740;117740;117540;270;
1d64b9b7-9ce7-4483-9e33-646950ea591a;2025-02-26T13:59:00Z;117740;117690;117760;117690;164;
1d64b9b7-9ce7-4483-9e33-646950ea591a;2025-02-26T14:00:00Z;117680;117490;117690;117390;327;
1d64b9b7-9ce7-4483-9e33-646950ea591a;2025-02-26T14:01:00Z;117500;117530;117570;117460;90;
1d64b9b7-9ce7-4483-9e33-646950ea591a;2025-02-26T14:02:00Z;117560;117460;117560;117460;193;
1d64b9b7-9ce7-4483-9e33-646950ea591a;2025-02-26T14:03:00Z;117450;117360;117460;117350;307;
1d64b9b7-9ce7-4483-9e33-646950ea591a;2025-02-26T14:04:00Z;117360;117260;117380;117240;565;
1d64b9b7-9ce7-4483-9e33-646950ea591a;2025-02-26T14:05:00Z;117240;117270;117290;117180;357;
1d64b9b7-9ce7-4483-9e33-646950ea591a;2025-02-26T14:06:00Z;117260;117460;117460;117220;242;
1d64b9b7-9ce7-4483-9e33-646950ea591a;2025-02-26T14:07:00Z;117440;117430;117480;117340;293;
1d64b9b7-9ce7-4483-9e33-646950ea591a;2025-02-26T14:08:00Z;117420;117520;117520;117370;378;
1d64b9b7-9ce7-4483-9e33-646950ea591a;2025-02-26T14:09:00Z;117520;117500;117530;117390;155;
1d64b9b7-9ce7-4483-9e33-646950ea591a;2025-02-26T14:10:00Z;117490;117590;117690;117490;297;
1d64b9b7-9ce7-4483-9e33-646950ea591a;2025-02-26T14:11:00Z;117580;117690;117780;117570;487;
1d64b9b7-9ce7-4483-9e33-646950ea591a;2025-02-26T14:12:00Z;117700;117740;117830;117700;342;
1d64b9b7-9ce7-4483-9e33-646950ea591a;2025-02-26T14:13:00Z;117730;117870;117920;117710;520;
1d64b9b7-9ce7-4483-9e33-646950ea591a;2025-02-26T14:14:00Z;117880;117850;117880;117780;244;
1d64b9b7-9ce7-4483-9e33-646950ea591a;2025-02-26T14:15:00Z;117840;117610;117850;117610;321;
1d64b9b7-9ce7-4483-9e33-646950ea591a;2025-02-26T14:16:00Z;117610;117510;117640;117500;272;
1d64b9b7-9ce7-4483-9e33-646950ea591a;2025-02-26T14:17:00Z;117510;117360;117510;117320;339;
1d64b9b7-9ce7-4483-9e33-646950ea591a;2025-02-26T14:18:00Z;117320;117200;117350;117110;614;
1d64b9b7-9ce7-4483-9e33-646950ea591a;2025-02-26T14:19:00Z;117210;117310;117420;117190;270;
1d64b9b7-9ce7-4483-9e33-646950ea591a;2025-02-26T14:20:00Z;117310;117400;117460;117260;231;
1d64b9b7-9ce7-4483-9e33-646950ea591a;2025-02-26T14:21:00Z;117370;117430;117440;117280;151;
1d64b9b7-9ce7-4483-9e33-646950ea591a;2025-02-26T14:22:00Z;117440;117440;117530;117380;328;
1d64b9b7-9ce7-4483-9e33-646950ea591a;2025-02-26T14:23:00Z;117450;117370;117450;117300;237;
1d64b9b7-9ce7-4483-9e33-646950ea591a;2025-02-26T14:24:00Z;117380;117420;117420;117320;135;
1d64b9b7-9ce7-4483-9e33-646950ea591a;2025-02-26T14:25:00Z;117410;117410;117420;117390;115;
1d64b9b7-9ce7-4483-9e33-646950ea591a;2025-02-26T14:26:00Z;117410;117350;117410;117350;121;
1d64b9b7-9ce7-4483-9e33-646950ea591a;2025-02-26T14:27:00Z;117340;117050;117340;117040;517;
1d64b9b7-9ce7-4483-9e33-646950ea591a;2025-02-26T14:28:00Z;117040;117090;117090;116800;976;
1d64b9b7-9ce7-4483-9e33-646950ea591a;2025-02-26T14:29:00Z;117090;116940;117090;116780;481;
1d64b9b7-9ce7-4483-9e33-646950ea591a;2025-02-26T14:30:00Z;116940;116700;116940;116650;643;
1d64b9b7-9ce7-4483-9e33-646950ea591a;2025-02-26T14:31:00Z;116700;116450;116700;116450;979;
1d64b9b7-9ce7-4483-9e33-646950ea591a;2025-02-26T14:32:00Z;116460;116550;116630;116440;679;
1d64b9b7-9ce7-4483-9e33-646950ea591a;2025-02-26T14:33:00Z;116520;116400;116530;116400;483;
1d64b9b7-9ce7-4483-9e33-646950ea591a;2025-02-26T14:34:00Z;116400;116420;116450;116280;667;
1d64b9b7-9ce7-4483-9e33-646950ea591a;2025-02-26T14:35:00Z;116420;116280;116420;116250;388;
1d64b9b7-9ce7-4483-9e33-646950ea591a;2025-02-26T14:36:00Z;116270;116290;116390;116250;362;
1d64b9b7-9ce7-4483-9e33-646950ea591a;2025-02-26T14:37:00Z;116320;116430;116460;116290;519;
1d64b9b7-9ce7-4483-9e33-646950ea591a;2025-02-26T14:38:00Z;116420;116530;116540;116390;389;
1d64b9b7-9ce7-4483-9e33-646950ea591a;2025-02-26T14:39:00Z;116530;116380;116530;116380;299;
1d64b9b7-9ce7-4483-9e33-646950ea591a;2025-02-26T14:40:00Z;116400;116540;116540;116360;247;
1d64b9b7-9ce7-4483-9e33-646950ea591a;2025-02-26T14:41:00Z;116540;116500;116560;116440;265;
1d64b9b7-9ce7-4483-9e33-646950ea591a;2025-02-26T14:42:00Z;116500;116480;116560;116430;271;
1d64b9b7-9ce7-4483-9e33-646950ea591a;2025-02-26T14:43:00Z;116490;116390;116550;116370;340;
1d64b9b7-9ce7-4483-9e33-646950ea591a;2025-02-26T14:44:00Z;116400;116540;116570;116380;687;
1d64b9b7-9ce7-4483-9e33-646950ea591a;2025-02-26T14:45:00Z;116530;116220;116530;116180;513;
1d64b9b7-9ce7-4483-9e33-646950ea591a;2025-02-26T14:46:00Z;116210;116190;116240;116100;924;
1d64b9b7-9ce7-4483-9e33-646950ea591a;2025-02-26T14:47:00Z;116200;116110;116230;116110;440;
1d64b9b7-9ce7-4483-9e33-646950ea591a;2025-02-26T14:48:00Z;116120;116260;116260;116110;609;
1d64b9b7-9ce7-4483-9e33-646950ea591a;2025-02-26T14:49:00Z;116250;116350;116390;116230;562;
1d64b9b7-9ce7-4483-9e33-646950ea591a;2025-02-26T14:50:00Z;116330;116290;116430;116280;294;
1d64b9b7-9ce7-4483-9e33-646950ea591a;2025-02-26T14:51:00Z;116280;116450;116460;116280;132;
1d64b9b7-9ce7-4483-9e33-646950ea591a;2025-02-26T14:52:00Z;116440;116400;116440;116310;163;
1d64b9b7-9ce7-4483-9e33-646950ea591a;2025-02-26T14:53:00Z;116370;116300;116400;116290;92;
1d64b9b7-9ce7-4483-9e33-646950ea591a;2025-02-26T14:54:00Z;116310;116290;116310;116250;133;
1d64b9b7-9ce7-4483-9e33-646950ea591a;2025-02-26T14:55:00Z;116310;116480;116490;116290;248;
1d64b9b7-9ce7-4483-9e33-646950ea591a;2025-02-26T14:56:00Z;116490;116560;116570;116430;328;
1d64b9b7-9ce7-4483-9e33-646950ea591a;2025-02-26T14:57:00Z;116570;116740;116740;116490;496;
1d64b9b7-9ce7-4483-9e33-646950ea591a;2025-02-26T14:58:00Z;116730;116810;116850;116700;628;
1d64b9b7-9ce7-4483-9e33-646950ea591a;2025-02-26T14:59:00Z;116810;116860;116920;116780;324;
1d64b9b7-9ce7-4483-9e33-646950ea591a;2025-02-26T15:00:00Z;116860;116780;116880;116770;358;
1d64b9b7-9ce7-4483-9e33-646950ea591a;2025-02-26T15:01:00Z;116760;116620;116800;116570;445;
1d64b9b7-9ce7-4483-9e33-646950ea591a;2025-02-26T15:02:00Z;116590;116580;116640;116550;154;
1d64b9b7-9ce7-4483-9e33-646950ea591a;2025-02-26T15:03:00Z;116560;116670;116790;116520;188;
1d64b9b7-9ce7-4483-9e33-646950ea591a;2025-02-26T15:04:00Z;116670;116640;116760;116450;874;
1d64b9b7-9ce7-4483-9e33-646950ea591a;2025-02-26T15:05:00Z;116640;116830;116860;116580;201;
1d64b9b7-9ce7-4483-9e33-646950ea591a;2025-02-26T15:06:00Z;116800;117070;117100;116770;660;
1d64b9b7-9ce7-4483-9e33-646950ea591a;2025-02-26T15:07:00Z;117070;116960;117080;116920;354;
1d64b9b7-9ce7-4483-9e33-646950ea591a;2025-02-26T15:08:00Z;116950;116980;117030;116850;219;
1d64b9b7-9ce7-4483-9e33-646950ea591a;2025-02-26T15:09:00Z;116940;117080;117080;116920;112;
1d64b9b7-9ce7-4483-9e33-646950ea591a;2025-02-26T15:10:00Z;117070;117170;117200;117020;418;
1d64b9b7-9ce7-4483-9e33-646950ea591a;2025-02-26T15:11:00Z;117170;117230;117230;117140;139;
1d64b9b7-9ce7-4483-9e33-646950ea591a;2025-02-26T15:12:00Z;117220;117430;117430;117220;616;
1d64b9b7-9ce7-4483-9e33-646950ea591a;2025-02-26T15:13:00Z;117420;117300;117430;117280;480;
1d64b9b7-9ce7-4483-9e33-646950ea591a;2025-02-26T15:14:00Z;117290;117150;117290;117150;325;
1d64b9b7-9ce7-4483-9e33-646950ea591a;2025-02-26T15:15:00Z;117150;117170;117220;117150;94;
1d64b9b7-9ce7-4483-9e33-646950ea591a;2025-02-26T15:16:00Z;117170;117170;117200;117110;167;
1d64b9b7-9ce7-4483-9e33-646950ea591a;2025-02-26T15:17:00Z;117160;117260;117270;117140;285;
1d64b9b7-9ce7-4483-9e33-646950ea591a;2025-02-26T15:18:00Z;117250;117220;117350;117210;173;
1d64b9b7-9ce7-4483-9e33-646950ea591a;2025-02-26T15:19:00Z;117230;117240;117310;117180;119;
1d64b9b7-9ce7-4483-9e33-646950ea591a;2025-02-26T15:20:00Z;117250;117390;117540;117250;375;
1d64b9b7-9ce7-4483-9e33-646950ea591a;2025-02-26T15:21:00Z;117360;117170;117360;117150;480;
1d64b9b7-9ce7-4483-9e33-646950ea591a;2025-02-26T15:22:00Z;117170;117120;117220;117100;255;
1d64b9b7-9ce7-4483-9e33-646950ea591a;2025-02-26T15:23:00Z;117120;117070;117140;117020;195;
1d64b9b7-9ce7-4483-9e33-646950ea591a;2025-02-26T15:24:00Z;117060;116950;117060;116940;291;
1d64b9b7-9ce7-4483-9e33-646950ea591a;2025-02-26T15:25:00Z;116950;116990;117040;116910;288;
1d64b9b7-9ce7-4483-9e33-646950ea591a;2025-02-26T15:26:00Z;116970;116940;116970;116890;156;
1d64b9b7-9ce7-4483-9e33-646950ea591a;2025-02-26T15:27:00Z;116930;117130;117140;116930;341;
1d64b9b7-9ce7-4483-9e33-646950ea591a;2025-02-26T15:28:00Z;117120;117310;117310;117090;566;
1d64b9b7-9ce7-4483-9e33-646950ea591a;2025-02-26T15:29:00Z;117300;117290;117310;117210;246;
1d64b9b7-9ce7-4483-9e33-646950ea591a;2025-02-26T15:30:00Z;117290;117260;117390;117240;387;
1d64b9b7-9ce7-4483-9e33-646950ea591a;2025-02-26T15:31:00Z;117270;117080;117270;117000;297;
1d64b9b7-9ce7-4483-9e33-646950ea591a;2025-02-26T15:32:00Z;117080;117090;117160;117070;262;
1d64b9b7-9ce7-4483-9e33-646950ea591a;2025-02-26T15:33:00Z;117070;116840;117120;116820;275;
1d64b9b7-9ce7-4483-9e33-646950ea591a;2025-02-26T15:34:00Z;116840;116860;116910;116770;466;
1d64b9b7-9ce7-4483-9e33-646950ea591a;2025-02-26T15:35:00Z;116860;116890;116900;116770;384;
1d64b9b7-9ce7-4483-9e33-646950ea591a;2025-02-26T15:36:00Z;116930;116950;117060;116930;337;
1d64b9b7-9ce7-4483-9e33-646950ea591a;2025-02-26T15:37:00Z;116930;117030;117150;116840;561;
1d64b9b7-9ce7-4483-9e33-646950ea591a;2025-02-26T15:38:00Z;117030;116970;117040;116970;42;
1d64b9b7-9ce7-4483-9e33-646950ea591a;2025-02-26T15:39:00Z;116970;116880;116990;116880;60;
1d64b9b7-9ce7-4483-9e33-646950ea591a;2025-02-26T15:40:00Z;116880;116930;116940;116880;204;
1d64b9b7-9ce7-4483-9e33-646950ea591a;2025-02-26T15:41:00Z;116940;116940;116950;116890;214;
1d64b9b7-9ce7-4483-9e33-646950ea591a;2025-02-26T15:42:00Z;116940;117200;117230;116940;264;
1d64b9b7-9ce7-4483-9e33-646950ea591a;2025-02-26T15:43:00Z;117220;117160;117220;117140;98;
1d64b9b7-9ce7-4483-9e33-646950ea591a;2025-02-26T15:44:00Z;117180;117410;117410;117140;158;
1d64b9b7-9ce7-4483-9e33-646950ea591a;2025-02-26T15:45:00Z;117410;117380;117410;117330;179;
1d64b9b7-9ce7-4483-9e33-646950ea591a;2025-02-26T15:46:00Z;117390;117360;117470;117360;329;
1d64b9b7-9ce7-4483-9e33-646950ea591a;2025-02-26T15:47:00Z;117350;117320;117380;117270;72;
1d64b9b7-9ce7-4483-9e33-646950ea591a;2025-02-26T15:48:00Z;117350;117280;117380;117260;78;
1d64b9b7-9ce7-4483-9e33-646950ea591a;2025-02-26T15:49:00Z;117270;117240;117270;117120;118;
1d64b9b7-9ce7-4483-9e33-646950ea591a;2025-02-26T16:05:00Z;117050;115860;117050;115850;1787;
1d64b9b7-9ce7-4483-9e33-646950ea591a;2025-02-26T16:06:00Z;115860;115890;116040;115690;921;
1d64b9b7-9ce7-4483-9e33-646950ea591a;2025-02-26T16:07:00Z;115880;116090;116090;115850;863;
1d64b9b7-9ce7-4483-9e33-646950ea591a;2025-02-26T16:08:00Z;116080;116290;116310;116030;1066;
1d64b9b7-9ce7-4483-9e33-646950ea591a;2025-02-26T16:09:00Z;116290;116460;116540;116280;691;
1d64b9b7-9ce7-4483-9e33-646950ea591a;2025-02-26T16:10:00Z;116490;116560;116660;116470;494;
1d64b9b7-9ce7-4483-9e33-646950ea591a;2025-02-26T16:11:00Z;116560;116400;116630;116390;236;
1d64b9b7-9ce7-4483-9e33-646950ea591a;2025-02-26T16:12:00Z;116430;116160;116460;116120;321;
1d64b9b7-9ce7-4483-9e33-646950ea591a;2025-02-26T16:13:00Z;116150;116290;116310;116120;389;
1d64b9b7-9ce7-4483-9e33-646950ea591a;2025-02-26T16:14:00Z;116300;116560;116600;116290;319;
1d64b9b7-9ce7-4483-9e33-646950ea591a;2025-02-26T16:15:00Z;116590;116450;116610;116410;398;
1d64b9b7-9ce7-4483-9e33-646950ea591a;2025-02-26T16:16:00Z;116440;116490;116550;116390;303;
1d64b9b7-9ce7-4483-9e33-646950ea591a;2025-02-26T16:17:00Z;116490;116260;116500;116230;354;
1d64b9b7-9ce7-4483-9e33-646950ea591a;2025-02-26T16:18:00Z;116250;115950;116280;115880;679;
1d64b9b7-9ce7-4483-9e33-646950ea591a;2025-02-26T16:19:00Z;115960;115980;116030;115880;539;
1d64b9b7-9ce7-4483-9e33-646950ea591a;2025-02-26T16:20:00Z;115980;115960;116040;115950;381;
1d64b9b7-9ce7-4483-9e33-646950ea591a;2025-02-26T16:21:00Z;115980;115970;116020;115950;162;
1d64b9b7-9ce7-4483-9e33-646950ea591a;2025-02-26T16:22:00Z;115980;115950;116070;115950;325;
1d64b9b7-9ce7-4483-9e33-646950ea591a;2025-02-26T16:23:00Z;115960;116020;116020;115950;391;
1d64b9b7-9ce7-4483-9e33-646950ea591a;2025-02-26T16:24:00Z;116020;116070;116120;115990;390;
1d64b9b7-9ce7-4483-9e33-646950ea591a;2025-02-26T16:25:00Z;116070;115730;116070;115730;754;
1d64b9b7-9ce7-4483-9e33-646950ea591a;2025-02-26T16:26:00Z;115720;115340;115720;115320;1095;
1d64b9b7-9ce7-4483-9e33-646950ea591a;2025-02-26T16:27:00Z;115340;115590;115590;115310;867;
1d64b9b7-9ce7-4483-9e33-646950ea591a;2025-02-26T16:28:00Z;115570;115530;115580;115460;319;
1d64b9b7-9ce7-4483-9e33-646950ea591a;2025-02-26T16:29:00Z;115540;115380;115560;115350;377;
1d64b9b7-9ce7-4483-9e33-646950ea591a;2025-02-26T16:30:00Z;115370;115090;115370;115030;813;
1d64b9b7-9ce7-4483-9e33-646950ea591a;2025-02-26T16:31:00Z;115080;115060;115200;115040;613;
1d64b9b7-9ce7-4483-9e33-646950ea591a;2025-02-26T16:32:00Z;115050;114970;115070;114950;484;
1d64b9b7-9ce7-4483-9e33-646950ea591a;2025-02-26T16:33:00Z;114990;115040;115190;114980;497;
1d64b9b7-9ce7-4483-9e33-646950ea591a;2025-02-26T16:34:00Z;115040;115180;115220;115030;474;
1d64b9b7-9ce7-4483-9e33-646950ea591a;2025-02-26T16:35:00Z;115170;115370;115400;115170;434;
1d64b9b7-9ce7-4483-9e33-646950ea591a;2025-02-26T16:36:00Z;115370;115380;115380;115250;212;
1d64b9b7-9ce7-4483-9e33-646950ea591a;2025-02-26T16:37:00Z;115370;115500;115540;115330;343;
1d64b9b7-9ce7-4483-9e33-646950ea591a;2025-02-26T16:38:00Z;115510;115650;115700;115480;496;
1d64b9b7-9ce7-4483-9e33-646950ea591a;2025-02-26T16:39:00Z;115680;115740;115790;115600;433;
1d64b9b7-9ce7-4483-9e33-646950ea591a;2025-02-26T16:40:00Z;115750;115650;115750;115570;212;
1d64b9b7-9ce7-4483-9e33-646950ea591a;2025-02-26T16:41:00Z;115640;115500;115640;115480;213;
1d64b9b7-9ce7-4483-9e33-646950ea591a;2025-02-26T16:42:00Z;115500;115600;115640;115480;164;
1d64b9b7-9ce7-4483-9e33-646950ea591a;2025-02-26T16:43:00Z;115600;115690;115740;115580;184;
1d64b9b7-9ce7-4483-9e33-646950ea591a;2025-02-26T16:44:00Z;115710;115810;115810;115630;190;
1d64b9b7-9ce7-4483-9e33-646950ea591a;2025-02-26T16:45:00Z;115810;115810;115840;115750;173;
1d64b9b7-9ce7-4483-9e33-646950ea591a;2025-02-26T16:46:00Z;115810;115730;115810;115680;141;
1d64b9b7-9ce7-4483-9e33-646950ea591a;2025-02-26T16:47:00Z;115750;115710;115750;115640;160;
1d64b9b7-9ce7-4483-9e33-646950ea591a;2025-02-26T16:48:00Z;115700;115950;115990;115690;347;
1d64b9b7-9ce7-4483-9e33-646950ea591a;2025-02-26T16:49:00Z;115940;115990;116100;115900;378;
1d64b9b7-9ce7-4483-9e33-646950ea591a;2025-02-26T16:50:00Z;116000;116030;116060;115990;161;
1d64b9b7-9ce7-4483-9e33-646950ea591a;2025-02-26T16:51:00Z;116010;115890;116070;115850;273;
1d64b9b7-9ce7-4483-9e33-646950ea591a;2025-02-26T16:52:00Z;115890;115950;115950;115830;145;
1d64b9b7-9ce7-4483-9e33-646950ea591a;2025-02-26T16:53:00Z;115930;116020;116020;115840;128;
1d64b9b7-9ce7-4483-9e33-646950ea591a;2025-02-26T16:54:00Z;116020;115840;116050;115760;449;
1d64b9b7-9ce7-4483-9e33-646950ea591a;2025-02-26T16:55:00Z;115820;115810;115860;115750;141;
1d64b9b7-9ce7-4483-9e33-646950ea591a;2025-02-26T16:56:00Z;115820;115760;115860;115740;156;
1d64b9b7-9ce7-4483-9e33-646950ea591a;2025-02-26T16:57:00Z;115760;115920;115940;115750;152;
1d64b9b7-9ce7-4483-9e33-646950ea591a;2025-02-26T16:58:00Z;115930;116010;116010;115880;161;
1d64b9b7-9ce7-4483-9e33-646950ea591a;2025-02-26T16:59:00Z;116020;116220;116220;116000;342;
1d64b9b7-9ce7-4483-9e33-646950ea591a;2025-02-26T17:00:00Z;116210;116020;116230;116020;278;
1d64b9b7-9ce7-4483-9e33-646950ea591a;2025-02-26T17:01:00Z;116010;115980;116020;115920;111;
1d64b9b7-9ce7-4483-9e33-646950ea591a;2025-02-26T17:02:00Z;115990;116050;116100;115990;151;
1d64b9b7-9ce7-4483-9e33-646950ea591a;2025-02-26T17:03:00Z;116060;116170;116190;116040;120;
1d64b9b7-9ce7-4483-9e33-646950ea591a;2025-02-26T17:04:00Z;116170;116260;116300;116140;328;
1d64b9b7-9ce7-4483-9e33-646950ea591a;2025-02-26T17:05:00Z;116260;116180;116270;116170;117;
1d64b9b7-9ce7-4483-9e33-646950ea591a;2025-02-26T17:06:00Z;116190;116140;116200;116040;174;
1d64b9b7-9ce7-4483-9e33-646950ea591a;2025-02-26T17:07:00Z;116150;116150;116150;116110;26;
1d64b9b7-9ce7-4483-9e33-646950ea591a;2025-02-26T17:08:00Z;116160;116450;116480;116160;412;
1d64b9b7-9ce7-4483-9e33-646950ea591a;2025-02-26T17:09:00Z;116450;116460;116460;116330;215;
1d64b9b7-9ce7-4483-9e33-646950ea591a;2025-02-26T17:10:00Z;116440;116280;116480;116280;309;
1d64b9b7-9ce7-4483-9e33-646950ea591a;2025-02-26T17:11:00Z;116290;116290;116320;116210;105;
1d64b9b7-9ce7-4483-9e33-646950ea591a;2025-02-26T17:12:00Z;116280;116410;116440;116260;172;
1d64b9b7-9ce7-4483-9e33-646950ea591a;2025-02-26T17:13:00Z;116410;116470;116540;116360;282;
1d64b9b7-9ce7-4483-9e33-646950ea591a;2025-02-26T17:14:00Z;116460;116490;116510;116430;128;
1d64b9b7-9ce7-4483-9e33-646950ea591a;2025-02-26T17:15:00Z;116500;116450;116500;116390;94;
1d64b9b7-9ce7-4483-9e33-646950ea591a;2025-02-26T17:16:00Z;116480;116710;116720;116480;378;
1d64b9b7-9ce7-4483-9e33-646950ea591a;2025-02-26T17:17:00Z;116720;116630;116830;116610;506;
1d64b9b7-9ce7-4483-9e33-646950ea591a;2025-02-26T17:18:00Z;116640;116660;116680;116520;190;
1d64b9b7-9ce7-4483-9e33-646950ea591a;2025-02-26T17:19:00Z;116630;116690;116710;116590;87;
1d64b9b7-9ce7-4483-9e33-646950ea591a;2025-02-26T17:20:00Z;116670;116500;116680;116500;286;
1d64b9b7-9ce7-4483-9e33-646950ea591a;2025-02-26T17:21:00Z;116500;116500;116640;116500;218;
1d64b9b7-9ce7-4483-9e33-646950ea591a;2025-02-26T17:22:00Z;116510;116550;116610;116430;236;
1d64b9b7-9ce7-4483-9e33-646950ea591a;2025-02-26T17:23:00Z;116590;116600;116750;116560;125;
1d64b9b7-9ce7-4483-9e33-646950ea591a;2025-02-26T17:24:00Z;116600;116630;116660;116600;127;
1d64b9b7-9ce7-4483-9e33-646950ea591a;2025-02-26T17:25:00Z;116650;116590;116700;116520;197;
1d64b9b7-9ce7-4483-9e33-646950ea591a;2025-02-26T17:26:00Z;116570;116460;116570;116420;240;
1d64b9b7-9ce7-4483-9e33-646950ea591a;2025-02-26T17:27:00Z;116440;116360;116540;116360;197;
1d64b9b7-9ce7-4483-9e33-646950ea591a;2025-02-26T17:28:00Z;116370;116340;116410;116190;354;
1d64b9b7-9ce7-4483-9e33-646950ea591a;2025-02-26T17:29:00Z;116340;116460;116510;116340;188;
1d64b9b7-9ce7-4483-9e33-646950ea591a;2025-02-26T17:30:00Z;116460;116560;116600;116420;305;
1d64b9b7-9ce7-4483-9e33-646950ea591a;2025-02-26T17:31:00Z;116570;116450;116570;116430;174;
1d64b9b7-9ce7-4483-9e33-646950ea591a;2025-02-26T17:32:00Z;116440;116540;116540;116350;292;
1d64b9b7-9ce7-4483-9e33-646950ea591a;2025-02-26T17:33:00Z;116510;116380;116530;116330;327;
1d64b9b7-9ce7-4483-9e33-646950ea591a;2025-02-26T17:34:00Z;116400;116400;116480;116390;179;
1d64b9b7-9ce7-4483-9e33-646950ea591a;2025-02-26T17:35:00Z;116390;116500;116500;116390;140;
1d64b9b7-9ce7-4483-9e33-646950ea591a;2025-02-26T17:36:00Z;116490;116430;116490;116420;49;
1d64b9b7-9ce7-4483-9e33-646950ea591a;2025-02-26T17:37:00Z;116400;116310;116400;116230;173;
1d64b9b7-9ce7-4483-9e33-646950ea591a;2025-02-26T17:38:00Z;116290;116100;116310;116070;316;
1d64b9b7-9ce7-4483-9e33-646950ea591a;2025-02-26T17:39:00Z;116100;116180;116310;116100;227;
1d64b9b7-9ce7-4483-9e33-646950ea591a;2025-02-26T17:40:00Z;116190;116210;116270;116120;191;
1d64b9b7-9ce7-4483-9e33-646950ea591a;2025-02-26T17:41:00Z;116220;116130;116240;116130;205;
1d64b9b7-9ce7-4483-9e33-646950ea591a;2025-02-26T17:42:00Z;116130;116120;116160;116040;150;
1d64b9b7-9ce7-4483-9e33-646950ea591a;2025-02-26T17:43:00Z;116100;116170;116170;116080;48;
1d64b9b7-9ce7-4483-9e33-646950ea591a;2025-02-26T17:44:00Z;116170;116080;116170;116080;102;
1d64b9b7-9ce7-4483-9e33-646950ea591a;2025-02-26T17:45:00Z;116080;115890;116080;115880;349;
1d64b9b7-9ce7-4483-9e33-646950ea591a;2025-02-26T17:46:00Z;115890;115840;115900;115770;444;
1d64b9b7-9ce7-4483-9e33-646950ea591a;2025-02-26T17:47:00Z;115810;115660;115820;115650;297;
1d64b9b7-9ce7-4483-9e33-646950ea591a;2025-02-26T17:48:00Z;115640;115730;115730;115570;334;
1d64b9b7-9ce7-4483-9e33-646950ea591a;2025-02-26T17:49:00Z;115720;115670;115790;115630;258;
1d64b9b7-9ce7-4483-9e33-646950ea591a;2025-02-26T17:50:00Z;115660;115830;115930;115660;390;
1d64b9b7-9ce7-4483-9e33-646950ea591a;2025-02-26T17:51:00Z;115850;115840;115900;115820;60;
1d64b9b7-9ce7-4483-9e33-646950ea591a;2025-02-26T17:52:00Z;115830;115690;115830;115600;321;
1d64b9b7-9ce7-4483-9e33-646950ea591a;2025-02-26T17:53:00Z;115670;115550;115740;115550;340;
1d64b9b7-9ce7-4483-9e33-646950ea591a;2025-02-26T17:54:00Z;115550;115210;115590;115210;614;
1d64b9b7-9ce7-4483-9e33-646950ea591a;2025-02-26T17:55:00Z;115200;115360;115410;115160;466;
1d64b9b7-9ce7-4483-9e33-646950ea591a;2025-02-26T17:56:00Z;115370;115310;115400;115240;211;
1d64b9b7-9ce7-4483-9e33-646950ea591a;2025-02-26T17:57:00Z;115310;115420;115430;115310;300;
1d64b9b7-9ce7-4483-9e33-646950ea591a;2025-02-26T17:58:00Z;115420;115440;115440;115390;121;
1d64b9b7-9ce7-4483-9e33-646950ea591a;2025-02-26T17:59:00Z;115440;115350;115460;115300;269;
1d64b9b7-9ce7-4483-9e33-646950ea591a;2025-02-26T18:00:00Z;115360;115530;115560;115360;262;
1d64b9b7-9ce7-4483-9e33-646950ea591a;2025-02-26T18:01:00Z;115520;115510;115660;115490;246;
1d64b9b7-9ce7-4483-9e33-646950ea591a;2025-02-26T18:02:00Z;115510;115480;115570;115450;229;
1d64b9b7-9ce7-4483-9e33-646950ea591a;2025-02-26T18:03:00Z;115470;115650;115650;115460;89;
1d64b9b7-9ce7-4483-9e33-646950ea591a;2025-02-26T18:04:00Z;115650;115740;115760;115580;339;
1d64b9b7-9ce7-4483-9e33-646950ea591a;2025-02-26T18:05:00Z;115740;115750;115750;115710;157;
1d64b9b7-9ce7-4483-9e33-646950ea591a;2025-02-26T18:06:00Z;115720;115640;115720;115610;139;
1d64b9b7-9ce7-4483-9e33-646950ea591a;2025-02-26T18:07:00Z;115640;115750;115790;115640;111;
1d64b9b7-9ce7-4483-9e33-646950ea591a;2025-02-26T18:08:00Z;115770;115770;115770;115680;144;
1d64b9b7-9ce7-4483-9e33-646950ea591a;2025-02-26T18:09:00Z;115780;115890;115940;115780;396;
1d64b9b7-9ce7-4483-9e33-646950ea591a;2025-02-26T18:10:00Z;115890;115980;115980;115790;231;
1d64b9b7-9ce7-4483-9e33-646950ea591a;2025-02-26T18:11:00Z;115970;115970;116020;115930;298;
1d64b9b7-9ce7-4483-9e33-646950ea591a;2025-02-26T18:12:00Z;115970;116020;116020;115880;255;
1d64b9b7-9ce7-4483-9e33-646950ea591a;2025-02-26T18:13:00Z;116020;115630;116030;115620;326;
1d64b9b7-9ce7-4483-9e33-646950ea591a;2025-02-26T18:14:00Z;115630;115720;115720;115550;331;
1d64b9b7-9ce7-4483-9e33-646950ea591a;2025-02-26T18:15:00Z;115720;115660;115720;115550;440;
1d64b9b7-9ce7-4483-9e33-646950ea591a;2025-02-26T18:16:00Z;115680;115610;115720;115600;137;
1d64b9b7-9ce7-4483-9e33-646950ea591a;2025-02-26T18:17:00Z;115570;115680;115680;115530;131;
1d64b9b7-9ce7-4483-9e33-646950ea591a;2025-02-26T18:18:00Z;115680;115780;115780;115680;132;
1d64b9b7-9ce7-4483-9e33-646950ea591a;2025-02-26T18:19:00Z;115780;115840;115870;115770;192;
1d64b9b7-9ce7-4483-9e33-646950ea591a;2025-02-26T18:20:00Z;115850;115740;115930;115730;353;
1d64b9b7-9ce7-4483-9e33-646950ea591a;2025-02-26T18:21:00Z;115760;115700;115790;115670;147;
1d64b9b7-9ce7-4483-9e33-646950ea591a;2025-02-26T18:22:00Z;115700;115680;115710;115630;51;
1d64b9b7-9ce7-4483-9e33-646950ea591a;2025-02-26T18:23:00Z;115710;115610;115710;115570;119;
1d64b9b7-9ce7-4483-9e33-646950ea591a;2025-02-26T18:24:00Z;115620;115600;115690;115570;217;
1d64b9b7-9ce7-4483-9e33-646950ea591a;2025-02-26T18:25:00Z;115590;115720;115760;115590;130;
1d64b9b7-9ce7-4483-9e33-646950ea591a;2025-02-26T18:26:00Z;115710;115720;115720;115680;58;
1d64b9b7-9ce7-4483-9e33-646950ea591a;2025-02-26T18:27:00Z;115740;115760;115810;115700;173;
1d64b9b7-9ce7-4483-9e33-646950ea591a;2025-02-26T18:28:00Z;115760;115700;115780;115700;118;
1d64b9b7-9ce7-4483-9e33-646950ea591a;2025-02-26T18:29:00Z;115700;115680;115700;115650;220;
1d64b9b7-9ce7-4483-9e33-646950ea591a;2025-02-26T18:30:00Z;115670;115520;115700;115500;305;
1d64b9b7-9ce7-4483-9e33-646950ea591a;2025-02-26T18:31:00Z;115520;115470;115520;115380;239;
1d64b9b7-9ce7-4483-9e33-646950ea591a;2025-02-26T18:32:00Z;115460;115250;115470;115200;661;
1d64b9b7-9ce7-4483-9e33-646950ea591a;2025-02-26T18:33:00Z;115250;115270;115360;115220;213;
1d64b9b7-9ce7-4483-9e33-646950ea591a;2025-02-26T18:34:00Z;115260;115210;115300;115210;279;
1d64b9b7-9ce7-4483-9e33-646950ea591a;2025-02-26T18:35:00Z;115230;115260;115270;115200;170;
1d64b9b7-9ce7-4483-9e33-646950ea591a;2025-02-26T18:36:00Z;115260;115250;115290;115230;213;
1d64b9b7-9ce7-4483-9e33-646950ea591a;2025-02-26T18:37:00Z;115260;115400;115410;115240;168;
1d64b9b7-9ce7-4483-9e33-646950ea591a;2025-02-26T18:38:00Z;115400;115390;115400;115310;258;
1d64b9b7-9ce7-4483-9e33-646950ea591a;2025-02-26T18:39:00Z;115370;115290;115400;115280;277;
1d64b9b7-9ce7-4483-9e33-646950ea591a;2025-02-26T18:40:00Z;115290;115250;115290;115240;118;
1d64b9b7-9ce7-4483-9e33-646950ea591a;2025-02-26T18:41:00Z;115240;115160;115250;115150;563;
1d64b9b7-9ce7-4483-9e33-646950ea591a;2025-02-26T18:42:00Z;115160;115230;115260;115150;150;
1d64b9b7-9ce7-4483-9e33-646950ea591a;2025-02-26T18:43:00Z;115230;115230;115270;115200;64;
1d64b9b7-9ce7-4483-9e33-646950ea591a;2025-02-26T18:44:00Z;115240;115300;115350;115240;130;
1d64b9b7-9ce7-4483-9e33-646950ea591a;2025-02-26T18:45:00Z;115290;115280;115310;115220;129;
1d64b9b7-9ce7-4483-9e33-646950ea591a;2025-02-26T18:46:00Z;115250;115340;115340;115240;59;
1d64b9b7-9ce7-4483-9e33-646950ea591a;2025-02-26T18:47:00Z;115350;115380;115450;115280;155;
1d64b9b7-9ce7-4483-9e33-646950ea591a;2025-02-26T18:48:00Z;115380;115410;115440;115380;132;
1d64b9b7-9ce7-4483-9e33-646950ea591a;2025-02-26T18:49:00Z;115420;115420;115490;115420;138;
1d64b9b7-9ce7-4483-9e33-646950ea591a;2025-02-26T18:50:00Z;115430;115350;115450;115350;78;
1d64b9b7-9ce7-4483-9e33-646950ea591a;2025-02-26T18:51:00Z;115360;115360;115380;115330;83;
1d64b9b7-9ce7-4483-9e33-646950ea591a;2025-02-26T18:52:00Z;115350;115330;115350;115300;89;
1d64b9b7-9ce7-4483-9e33-646950ea591a;2025-02-26T18:53:00Z;115310;115280;115320;115280;26;
1d64b9b7-9ce7-4483-9e33-646950ea591a;2025-02-26T18:54:00Z;115280;115260;115290;115240;68;
1d64b9b7-9ce7-4483-9e33-646950ea591a;2025-02-26T18:55:00Z;115260;115170;115270;115150;267;
1d64b9b7-9ce7-4483-9e33-646950ea591a;2025-02-26T18:56:00Z;115170;115210;115210;115160;44;
1d64b9b7-9ce7-4483-9e33-646950ea591a;2025-02-26T18:57:00Z;115210;115260;115260;115210;62;
1d64b9b7-9ce7-4483-9e33-646950ea591a;2025-02-26T18:58:00Z;115260;115190;115270;115190;30;
1d64b9b7-9ce7-4483-9e33-646950ea591a;2025-02-26T18:59:00Z;115200;115170;115200;115150;320;
1d64b9b7-9ce7-4483-9e33-646950ea591a;2025-02-26T19:00:00Z;115180;115230;115260;115150;225;
1d64b9b7-9ce7-4483-9e33-646950ea591a;2025-02-26T19:01:00Z;115220;115060;115250;115050;530;
1d64b9b7-9ce7-4483-9e33-646950ea591a;2025-02-26T19:02:00Z;115070;115110;115170;114990;322;
1d64b9b7-9ce7-4483-9e33-646950ea591a;2025-02-26T19:03:00Z;115130;115100;115140;115060;184;
1d64b9b7-9ce7-4483-9e33-646950ea591a;2025-02-26T19:04:00Z;115110;115190;115210;115090;148;
1d64b9b7-9ce7-4483-9e33-646950ea591a;2025-02-26T19:05:00Z;115210;115260;115330;115210;225;
1d64b9b7-9ce7-4483-9e33-646950ea591a;2025-02-26T19:06:00Z;115270;115220;115290;115190;198;
1d64b9b7-9ce7-4483-9e33-646950ea591a;2025-02-26T19:07:00Z;115230;115240;115250;115190;121;
1d64b9b7-9ce7-4483-9e33-646950ea591a;2025-02-26T19:08:00Z;115240;115250;115250;115230;35;
1d64b9b7-9ce7-4483-9e33-646950ea591a;2025-02-26T19:09:00Z;115270;115290;115320;115270;185;
1d64b9b7-9ce7-4483-9e33-646950ea591a;2025-02-26T19:10:00Z;115300;115430;115450;115300;338;
1d64b9b7-9ce7-4483-9e33-646950ea591a;2025-02-26T19:11:00Z;115440;115360;115450;115340;145;
1d64b9b7-9ce7-4483-9e33-646950ea591a;2025-02-26T19:12:00Z;115380;115470;115470;115380;77;
1d64b9b7-9ce7-4483-9e33-646950ea591a;2025-02-26T19:13:00Z;115480;115550;115570;115450;255;
1d64b9b7-9ce7-4483-9e33-646950ea591a;2025-02-26T19:14:00Z;115550;115560;115570;115490;249;
1d64b9b7-9ce7-4483-9e33-646950ea591a;2025-02-26T19:15:00Z;115540;115550;115590;115540;98;
1d64b9b7-9ce7-4483-9e33-646950ea591a;2025-02-26T19:16:00Z;115560;115510;115560;115490;100;
1d64b9b7-9ce7-4483-9e33-646950ea591a;2025-02-26T19:17:00Z;115540;115540;115580;115540;50;
1d64b9b7-9ce7-4483-9e33-646950ea591a;2025-02-26T19:18:00Z;115540;115550;115550;115530;18;
1d64b9b7-9ce7-4483-9e33-646950ea591a;2025-02-26T19:19:00Z;115550;115380;115550;115370;148;
1d64b9b7-9ce7-4483-9e33-646950ea591a;2025-02-26T19:20:00Z;115380;115480;115480;115370;133;
1d64b9b7-9ce7-4483-9e33-646950ea591a;2025-02-26T19:21:00Z;115440;115480;115480;115350;121;
1d64b9b7-9ce7-4483-9e33-646950ea591a;2025-02-26T19:22:00Z;115480;115440;115490;115420;96;
1d64b9b7-9ce7-4483-9e33-646950ea591a;2025-02-26T19:23:00Z;115440;115480;115540;115440;75;
1d64b9b7-9ce7-4483-9e33-646950ea591a;2025-02-26T19:24:00Z;115510;115390;115510;115360;105;
1d64b9b7-9ce7-4483-9e33-646950ea591a;2025-02-26T19:25:00Z;115390;115450;115460;115360;117;
1d64b9b7-9ce7-4483-9e33-646950ea591a;2025-02-26T19:26:00Z;115460;115440;115480;115420;47;
1d64b9b7-9ce7-4483-9e33-646950ea591a;2025-02-26T19:27:00Z;115460;115490;115490;115450;80;
1d64b9b7-9ce7-4483-9e33-646950ea591a;2025-02-26T19:28:00Z;115480;115380;115480;115360;185;
1d64b9b7-9ce7-4483-9e33-646950ea591a;2025-02-26T19:29:00Z;115380;115310;115380;115290;163;
1d64b9b7-9ce7-4483-9e33-646950ea591a;2025-02-26T19:30:00Z;115320;115250;115340;115200;235;
1d64b9b7-9ce7-4483-9e33-646950ea591a;2025-02-26T19:31:00Z;115260;115300;115300;115250;40;
1d64b9b7-9ce7-4483-9e33-646950ea591a;2025-02-26T19:32:00Z;115300;115290;115300;115290;24;
1d64b9b7-9ce7-4483-9e33-646950ea591a;2025-02-26T19:33:00Z;115290;115230;115290;115140;164;
1d64b9b7-9ce7-4483-9e33-646950ea591a;2025-02-26T19:34:00Z;115240;115190;115260;115150;63;
1d64b9b7-9ce7-4483-9e33-646950ea591a;2025-02-26T19:35:00Z;115190;115180;115200;115130;47;
1d64b9b7-9ce7-4483-9e33-646950ea591a;2025-02-26T19:36:00Z;115190;115200;115270;115190;83;
1d64b9b7-9ce7-4483-9e33-646950ea591a;2025-02-26T19:37:00Z;115220;115280;115300;115220;49;
1d64b9b7-9ce7-4483-9e33-646950ea591a;2025-02-26T19:38:00Z;115280;115280;115300;115280;49;
1d64b9b7-9ce7-4483-9e33-646950ea591a;2025-02-26T19:39:00Z;115280;115250;115280;115250;54;
1d64b9b7-9ce7-4483-9e33-646950ea591a;2025-02-26T19:40:00Z;115290;115270;115290;115210;38;
1d64b9b7-9ce7-4483-9e33-646950ea591a;2025-02-26T19:41:00Z;115270;115300;115300;115270;52;
1d64b9b7-9ce7-4483-9e33-646950ea591a;2025-02-26T19:42:00Z;115300;115300;115300;115300;89;
1d64b9b7-9ce7-4483-9e33-646950ea591a;2025-02-26T19:43:00Z;115300;115420;115430;115300;342;
1d64b9b7-9ce7-4483-9e33-646950ea591a;2025-02-26T19:44:00Z;115440;115360;115440;115330;46;
1d64b9b7-9ce7-4483-9e33-646950ea591a;2025-02-26T19:45:00Z;115350;115390;115390;115350;75;
1d64b9b7-9ce7-4483-9e33-646950ea591a;2025-02-26T19:46:00Z;115380;115360;115380;115340;21;
1d64b9b7-9ce7-4483-9e33-646950ea591a;2025-02-26T19:47:00Z;115380;115360;115390;115360;21;
1d64b9b7-9ce7-4483-9e33-646950ea591a;2025-02-26T19:48:00Z;115370;115470;115480;115370;96;
1d64b9b7-9ce7-4483-9e33-646950ea591a;2025-02-26T19:49:00Z;115480;115490;115510;115450;108;
1d64b9b7-9ce7-4483-9e33-646950ea591a;2025-02-26T19:50:00Z;115500;115490;115540;115450;102;
1d64b9b7-9ce7-4483-9e33-646950ea591a;2025-02-26T19:51:00Z;115490;115460;115490;115450;29;
1d64b9b7-9ce7-4483-9e33-646950ea591a;2025-02-26T19:52:00Z;115450;115410;115460;115360;48;
1d64b9b7-9ce7-4483-9e33-646950ea591a;2025-02-26T19:53:00Z;115440;115420;115440;115380;36;
1d64b9b7-9ce7-4483-9e33-646950ea591a;2025-02-26T19:54:00Z;115430;115420;115480;115420;46;
1d64b9b7-9ce7-4483-9e33-646950ea591a;2025-02-26T19:55:00Z;115420;115420;115430;115340;45;
1d64b9b7-9ce7-4483-9e33-646950ea591a;2025-02-26T19:56:00Z;115430;115430;115440;115380;20;
1d64b9b7-9ce7-4483-9e33-646950ea591a;2025-02-26T19:57:00Z;115440;115420;115480;115420;53;
1d64b9b7-9ce7-4483-9e33-646950ea591a;2025-02-26T19:58:00Z;115450;115450;115460;115440;14;
1d64b9b7-9ce7-4483-9e33-646950ea591a;2025-02-26T19:59:00Z;115460;115380;115470;115380;45;
1d64b9b7-9ce7-4483-9e33-646950ea591a;2025-02-26T20:00:00Z;115390;115450;115450;115350;87;
1d64b9b7-9ce7-4483-9e33-646950ea591a;2025-02-26T20:01:00Z;115460;115420;115470;115380;82;
1d64b9b7-9ce7-4483-9e33-646950ea591a;2025-02-26T20:02:00Z;115420;115440;115440;115420;5;
1d64b9b7-9ce7-4483-9e33-646950ea591a;2025-02-26T20:03:00Z;115430;115490;115510;115430;76;
1d64b9b7-9ce7-4483-9e33-646950ea591a;2025-02-26T20:04:00Z;115490;115550;115550;115490;75;
1d64b9b7-9ce7-4483-9e33-646950ea591a;2025-02-26T20:05:00Z;115550;115500;115560;115500;66;
1d64b9b7-9ce7-4483-9e33-646950ea591a;2025-02-26T20:06:00Z;115490;115500;115520;115490;55;
1d64b9b7-9ce7-4483-9e33-646950ea591a;2025-02-26T20:07:00Z;115520;115540;115540;115520;11;
1d64b9b7-9ce7-4483-9e33-646950ea591a;2025-02-26T20:08:00Z;115540;115520;115540;115520;40;
1d64b9b7-9ce7-4483-9e33-646950ea591a;2025-02-26T20:09:00Z;115520;115490;115540;115490;43;
1d64b9b7-9ce7-4483-9e33-646950ea591a;2025-02-26T20:10:00Z;115510;115550;115580;115510;29;
1d64b9b7-9ce7-4483-9e33-646950ea591a;2025-02-26T20:11:00Z;115550;115530;115580;115490;37;
1d64b9b7-9ce7-4483-9e33-646950ea591a;2025-02-26T20:12:00Z;115510;115510;115530;115500;15;
1d64b9b7-9ce7-4483-9e33-646950ea591a;2025-02-26T20:13:00Z;115500;115550;115590;115480;103;
1d64b9b7-9ce7-4483-9e33-646950ea591a;2025-02-26T20:14:00Z;115550;115590;115590;115550;17;
1d64b9b7-9ce7-4483-9e33-646950ea591a;2025-02-26T20:15:00Z;115580;115570;115600;115550;36;
1d64b9b7-9ce7-4483-9e33-646950ea591a;2025-02-26T20:16:00Z;115590;115640;115650;115580;68;
1d64b9b7-9ce7-4483-9e33-646950ea591a;2025-02-26T20:17:00Z;115640;115600;115650;115600;23;
1d64b9b7-9ce7-4483-9e33-646950ea591a;2025-02-26T20:18:00Z;115630;115640;115640;115630;10;
1d64b9b7-9ce7-4483-9e33-646950ea591a;2025-02-26T20:19:00Z;115630;115610;115650;115610;81;
1d64b9b7-9ce7-4483-9e33-646950ea591a;2025-02-26T20:20:00Z;115590;115590;115640;115570;66;
1d64b9b7-9ce7-4483-9e33-646950ea591a;2025-02-26T20:21:00Z;115590;115590;115600;115590;4;
1d64b9b7-9ce7-4483-9e33-646950ea591a;2025-02-26T20:22:00Z;115590;115560;115590;115560;21;
1d64b9b7-9ce7-4483-9e33-646950ea591a;2025-02-26T20:23:00Z;115560;115510;115560;115510;63;
1d64b9b7-9ce7-4483-9e33-646950ea591a;2025-02-26T20:24:00Z;115510;115540;115540;115500;26;
1d64b9b7-9ce7-4483-9e33-646950ea591a;2025-02-26T20:25:00Z;115540;115580;115590;115540;21;
1d64b9b7-9ce7-4483-9e33-646950ea591a;2025-02-26T20:26:00Z;115580;115520;115590;115520;17;
1d64b9b7-9ce7-4483-9e33-646950ea591a;2025-02-26T20:27:00Z;115530;115510;115560;115510;8;
1d64b9b7-9ce7-4483-9e33-646950ea591a;2025-02-26T20:28:00Z;115530;115510;115550;115510;27;
1d64b9b7-9ce7-4483-9e33-646950ea591a;2025-02-26T20:29:00Z;115510;115490;115520;115490;76;
1d64b9b7-9ce7-4483-9e33-646950ea591a;2025-02-26T20:30:00Z;115490;115490;115510;115490;37;
1d64b9b7-9ce7-4483-9e33-646950ea591a;2025-02-26T20:31:00Z;115490;115410;115510;115380;154;
1d64b9b7-9ce7-4483-9e33-646950ea591a;2025-02-26T20:32:00Z;115430;115410;115450;115410;23;
1d64b9b7-9ce7-4483-9e33-646950ea591a;2025-02-26T20:33:00Z;115410;115370;115420;115370;46;
1d64b9b7-9ce7-4483-9e33-646950ea591a;2025-02-26T20:34:00Z;115370;115400;115400;115330;44;
1d64b9b7-9ce7-4483-9e33-646950ea591a;2025-02-26T20:35:00Z;115350;115350;115350;115270;77;
1d64b9b7-9ce7-4483-9e33-646950ea591a;2025-02-26T20:36:00Z;115340;115340;115350;115340;18;
1d64b9b7-9ce7-4483-9e33-646950ea591a;2025-02-26T20:37:00Z;115340;115380;115380;115340;23;
1d64b9b7-9ce7-4483-9e33-646950ea591a;2025-02-26T20:38:00Z;115380;115420;115420;115380;15;
1d64b9b7-9ce7-4483-9e33-646950ea591a;2025-02-26T20:39:00Z;115400;115410;115490;115400;66;
1d64b9b7-9ce7-4483-9e33-646950ea591a;2025-02-26T20:40:00Z;115440;115400;115440;115400;20;
1d64b9b7-9ce7-4483-9e33-646950ea591a;2025-02-26T20:41:00Z;115440;115410;115470;115410;29;
1d64b9b7-9ce7-4483-9e33-646950ea591a;2025-02-26T20:42:00Z;115400;115450;115460;115400;44;
1d64b9b7-9ce7-4483-9e33-646950ea591a;2025-02-26T20:43:00Z;115440;115440;115460;115440;15;
1d64b9b7-9ce7-4483-9e33-646950ea591a;2025-02-26T20:44:00Z;115430;115450;115480;115430;16;
1d64b9b7-9ce7-4483-9e33-646950ea591a;2025-02-26T20:45:00Z;115450;115540;115600;115450;124;
1d64b9b7-9ce7-4483-9e33-646950ea591a;2025-02-26T20:46:00Z;115540;115570;115570;115540;4;
1d64b9b7-9ce7-4483-9e33-646950ea591a;2025-02-26T20:47:00Z;115580;115630;115630;115580;32;
1d64b9b7-9ce7-4483-9e33-646950ea591a;2025-02-26T20:48:00Z;115630;115750;115750;115630;129;
1d64b9b7-9ce7-4483-9e33-646950ea591a;2025-02-26T20:49:00Z;115740;115670;115760;115670;131;
