8f99f804-abc1-4339-8c51-521c3e78cd13;2025-02-13T05:59:00Z;92600;92600;92600;92600;384;
8f99f804-abc1-4339-8c51-521c3e78cd13;2025-02-13T06:00:00Z;92600;92928;93140;92600;4604;
8f99f804-abc1-4339-8c51-521c3e78cd13;2025-02-13T06:01:00Z;92915;93121;93150;92884;2388;
8f99f804-abc1-4339-8c51-521c3e78cd13;2025-02-13T06:02:00Z;93121;93460;93500;92953;4411;
8f99f804-abc1-4339-8c51-521c3e78cd13;2025-02-13T06:03:00Z;93435;92876;93461;92817;2614;
8f99f804-abc1-4339-8c51-521c3e78cd13;2025-02-13T06:04:00Z;92876;92723;92876;92518;3286;
8f99f804-abc1-4339-8c51-521c3e78cd13;2025-02-13T06:05:00Z;92723;92799;93000;92700;2534;
8f99f804-abc1-4339-8c51-521c3e78cd13;2025-02-13T06:06:00Z;92798;92599;92811;92592;2000;
8f99f804-abc1-4339-8c51-521c3e78cd13;2025-02-13T06:07:00Z;92600;92637;92705;92573;1637;
8f99f804-abc1-4339-8c51-521c3e78cd13;2025-02-13T06:08:00Z;92610;92758;92791;92601;658;
8f99f804-abc1-4339-8c51-521c3e78cd13;2025-02-13T06:09:00Z;92760;92895;92904;92743;1127;
8f99f804-abc1-4339-8c51-521c3e78cd13;2025-02-13T06:10:00Z;92895;93028;93090;92872;1617;
8f99f804-abc1-4339-8c51-521c3e78cd13;2025-02-13T06:11:00Z;93023;92864;93052;92768;2058;
8f99f804-abc1-4339-8c51-521c3e78cd13;2025-02-13T06:12:00Z;92862;92795;92889;92759;634;
8f99f804-abc1-4339-8c51-521c3e78cd13;2025-02-13T06:13:00Z;92778;92859;92900;92778;610;
8f99f804-abc1-4339-8c51-521c3e78cd13;2025-02-13T06:14:00Z;92874;92954;92968;92857;540;
8f99f804-abc1-4339-8c51-521c3e78cd13;2025-02-13T06:15:00Z;92951;93235;93300;92951;2582;
8f99f804-abc1-4339-8c51-521c3e78cd13;2025-02-13T06:16:00Z;93235;93176;93370;93049;1538;
8f99f804-abc1-4339-8c51-521c3e78cd13;2025-02-13T06:17:00Z;93166;93126;93167;93016;1017;
8f99f804-abc1-4339-8c51-521c3e78cd13;2025-02-13T06:18:00Z;93084;93114;93123;93040;559;
8f99f804-abc1-4339-8c51-521c3e78cd13;2025-02-13T06:19:00Z;93084;93114;93132;93055;712;
8f99f804-abc1-4339-8c51-521c3e78cd13;2025-02-13T06:20:00Z;93118;93151;93258;93100;2063;
8f99f804-abc1-4339-8c51-521c3e78cd13;2025-02-13T06:21:00Z;93157;93123;93200;93122;950;
8f99f804-abc1-4339-8c51-521c3e78cd13;2025-02-13T06:22:00Z;93123;93173;93176;93120;443;
8f99f804-abc1-4339-8c51-521c3e78cd13;2025-02-13T06:23:00Z;93177;93294;93297;93164;1221;
8f99f804-abc1-4339-8c51-521c3e78cd13;2025-02-13T06:24:00Z;93295;93361;93431;93270;2621;
8f99f804-abc1-4339-8c51-521c3e78cd13;2025-02-13T06:25:00Z;93362;93186;93385;93186;3722;
8f99f804-abc1-4339-8c51-521c3e78cd13;2025-02-13T06:26:00Z;93208;93174;93250;93153;971;
8f99f804-abc1-4339-8c51-521c3e78cd13;2025-02-13T06:27:00Z;93171;93014;93172;93001;2369;
8f99f804-abc1-4339-8c51-521c3e78cd13;2025-02-13T06:28:00Z;93014;92898;93016;92852;1792;
8f99f804-abc1-4339-8c51-521c3e78cd13;2025-02-13T06:29:00Z;92898;92880;92920;92817;1403;
8f99f804-abc1-4339-8c51-521c3e78cd13;2025-02-13T06:30:00Z;92856;92999;93033;92850;933;
8f99f804-abc1-4339-8c51-521c3e78cd13;2025-02-13T06:31:00Z;92972;93119;93210;92972;899;
8f99f804-abc1-4339-8c51-521c3e78cd13;2025-02-13T06:32:00Z;93125;93150;93159;93106;311;
8f99f804-abc1-4339-8c51-521c3e78cd13;2025-02-13T06:33:00Z;93128;93192;93192;93115;354;
8f99f804-abc1-4339-8c51-521c3e78cd13;2025-02-13T06:34:00Z;93185;93174;93204;93144;369;
8f99f804-abc1-4339-8c51-521c3e78cd13;2025-02-13T06:35:00Z;93174;93122;93174;93116;910;
8f99f804-abc1-4339-8c51-521c3e78cd13;2025-02-13T06:36:00Z;93122;93120;93127;93100;593;
8f99f804-abc1-4339-8c51-521c3e78cd13;2025-02-13T06:37:00Z;93102;93099;93113;92998;1011;
8f99f804-abc1-4339-8c51-521c3e78cd13;2025-02-13T06:38:00Z;93113;93038;93113;93001;695;
8f99f804-abc1-4339-8c51-521c3e78cd13;2025-02-13T06:39:00Z;93026;92918;93044;92900;1490;
8f99f804-abc1-4339-8c51-521c3e78cd13;2025-02-13T06:40:00Z;92920;92980;93006;92905;687;
8f99f804-abc1-4339-8c51-521c3e78cd13;2025-02-13T06:41:00Z;92979;92802;92979;92765;1760;
8f99f804-abc1-4339-8c51-521c3e78cd13;2025-02-13T06:42:00Z;92793;92822;92915;92761;991;
8f99f804-abc1-4339-8c51-521c3e78cd13;2025-02-13T06:43:00Z;92823;92883;92988;92809;1150;
8f99f804-abc1-4339-8c51-521c3e78cd13;2025-02-13T06:44:00Z;92891;92833;92936;92809;901;
8f99f804-abc1-4339-8c51-521c3e78cd13;2025-02-13T06:45:00Z;92833;92834;92859;92757;807;
8f99f804-abc1-4339-8c51-521c3e78cd13;2025-02-13T06:46:00Z;92827;92797;92827;92794;437;
8f99f804-abc1-4339-8c51-521c3e78cd13;2025-02-13T06:47:00Z;92798;92836;92851;92678;1774;
8f99f804-abc1-4339-8c51-521c3e78cd13;2025-02-13T06:48:00Z;92837;92778;92849;92747;406;
8f99f804-abc1-4339-8c51-521c3e78cd13;2025-02-13T06:49:00Z;92750;92775;92796;92713;498;
8f99f804-abc1-4339-8c51-521c3e78cd13;2025-02-13T06:50:00Z;92751;92701;92824;92700;672;
8f99f804-abc1-4339-8c51-521c3e78cd13;2025-02-13T06:51:00Z;92718;92707;92739;92642;798;
8f99f804-abc1-4339-8c51-521c3e78cd13;2025-02-13T06:52:00Z;92701;92434;92710;92369;2252;
8f99f804-abc1-4339-8c51-521c3e78cd13;2025-02-13T06:53:00Z;92412;92348;92454;92337;1423;
8f99f804-abc1-4339-8c51-521c3e78cd13;2025-02-13T06:54:00Z;92360;92349;92452;92340;1147;
8f99f804-abc1-4339-8c51-521c3e78cd13;2025-02-13T06:55:00Z;92348;92336;92399;92301;1366;
8f99f804-abc1-4339-8c51-521c3e78cd13;2025-02-13T06:56:00Z;92347;92397;92400;92313;793;
8f99f804-abc1-4339-8c51-521c3e78cd13;2025-02-13T06:57:00Z;92381;92355;92429;92350;988;
8f99f804-abc1-4339-8c51-521c3e78cd13;2025-02-13T06:58:00Z;92364;92247;92364;92202;2819;
8f99f804-abc1-4339-8c51-521c3e78cd13;2025-02-13T06:59:00Z;92247;92275;92329;92202;864;
8f99f804-abc1-4339-8c51-521c3e78cd13;2025-02-13T07:00:00Z;92303;92542;92654;92303;4443;
8f99f804-abc1-4339-8c51-521c3e78cd13;2025-02-13T07:01:00Z;92542;92640;92692;92514;1992;
8f99f804-abc1-4339-8c51-521c3e78cd13;2025-02-13T07:02:00Z;92642;92727;92749;92597;2227;
8f99f804-abc1-4339-8c51-521c3e78cd13;2025-02-13T07:03:00Z;92719;92637;92790;92633;1746;
8f99f804-abc1-4339-8c51-521c3e78cd13;2025-02-13T07:04:00Z;92638;92697;92751;92635;3579;
8f99f804-abc1-4339-8c51-521c3e78cd13;2025-02-13T07:05:00Z;92687;92851;92908;92685;4599;
8f99f804-abc1-4339-8c51-521c3e78cd13;2025-02-13T07:06:00Z;92851;92835;92890;92763;4005;
8f99f804-abc1-4339-8c51-521c3e78cd13;2025-02-13T07:07:00Z;92832;92754;92839;92658;3399;
8f99f804-abc1-4339-8c51-521c3e78cd13;2025-02-13T07:08:00Z;92762;92941;92941;92762;2084;
8f99f804-abc1-4339-8c51-521c3e78cd13;2025-02-13T07:09:00Z;92941;93154;93167;92935;4231;
8f99f804-abc1-4339-8c51-521c3e78cd13;2025-02-13T07:10:00Z;93154;92845;93247;92845;8063;
8f99f804-abc1-4339-8c51-521c3e78cd13;2025-02-13T07:11:00Z;92851;92926;93058;92775;5572;
8f99f804-abc1-4339-8c51-521c3e78cd13;2025-02-13T07:12:00Z;92932;92986;93040;92932;2960;
8f99f804-abc1-4339-8c51-521c3e78cd13;2025-02-13T07:13:00Z;92991;92768;93053;92736;4159;
8f99f804-abc1-4339-8c51-521c3e78cd13;2025-02-13T07:14:00Z;92762;92979;93030;92751;3990;
8f99f804-abc1-4339-8c51-521c3e78cd13;2025-02-13T07:15:00Z;92991;92935;93080;92925;2707;
8f99f804-abc1-4339-8c51-521c3e78cd13;2025-02-13T07:16:00Z;92923;92908;92963;92866;2453;
8f99f804-abc1-4339-8c51-521c3e78cd13;2025-02-13T07:17:00Z;92914;93041;93080;92914;2208;
8f99f804-abc1-4339-8c51-521c3e78cd13;2025-02-13T07:18:00Z;93047;93086;93114;93002;2426;
8f99f804-abc1-4339-8c51-521c3e78cd13;2025-02-13T07:19:00Z;93082;92892;93103;92860;7682;
8f99f804-abc1-4339-8c51-521c3e78cd13;2025-02-13T07:20:00Z;92889;92668;92891;92500;27423;
8f99f804-abc1-4339-8c51-521c3e78cd13;2025-02-13T07:21:00Z;92671;92595;92738;92570;13347;
8f99f804-abc1-4339-8c51-521c3e78cd13;2025-02-13T07:22:00Z;92589;92707;92750;92589;5520;
8f99f804-abc1-4339-8c51-521c3e78cd13;2025-02-13T07:23:00Z;92715;92750;92750;92710;2814;
8f99f804-abc1-4339-8c51-521c3e78cd13;2025-02-13T07:24:00Z;92749;92750;92750;92675;13173;
8f99f804-abc1-4339-8c51-521c3e78cd13;2025-02-13T07:25:00Z;92750;92985;92985;92744;40425;
8f99f804-abc1-4339-8c51-521c3e78cd13;2025-02-13T07:26:00Z;92985;93000;93219;92981;7046;
8f99f804-abc1-4339-8c51-521c3e78cd13;2025-02-13T07:27:00Z;93017;93159;93190;93005;3854;
8f99f804-abc1-4339-8c51-521c3e78cd13;2025-02-13T07:28:00Z;93158;93193;93209;93109;3315;
8f99f804-abc1-4339-8c51-521c3e78cd13;2025-02-13T07:29:00Z;93193;93258;93259;93188;2778;
8f99f804-abc1-4339-8c51-521c3e78cd13;2025-02-13T07:30:00Z;93258;93273;93290;93179;3172;
8f99f804-abc1-4339-8c51-521c3e78cd13;2025-02-13T07:31:00Z;93273;93280;93330;93270;3325;
8f99f804-abc1-4339-8c51-521c3e78cd13;2025-02-13T07:32:00Z;93286;93418;93425;93265;2401;
8f99f804-abc1-4339-8c51-521c3e78cd13;2025-02-13T07:33:00Z;93409;93639;93679;93400;7641;
8f99f804-abc1-4339-8c51-521c3e78cd13;2025-02-13T07:34:00Z;93640;93767;93800;93620;6426;
8f99f804-abc1-4339-8c51-521c3e78cd13;2025-02-13T07:35:00Z;93764;93797;93845;93711;5304;
8f99f804-abc1-4339-8c51-521c3e78cd13;2025-02-13T07:36:00Z;93797;93711;93878;93620;5038;
8f99f804-abc1-4339-8c51-521c3e78cd13;2025-02-13T07:37:00Z;93711;93760;93777;93688;2405;
8f99f804-abc1-4339-8c51-521c3e78cd13;2025-02-13T07:38:00Z;93769;93791;93812;93761;1824;
8f99f804-abc1-4339-8c51-521c3e78cd13;2025-02-13T07:39:00Z;93795;93630;94000;93621;7613;
8f99f804-abc1-4339-8c51-521c3e78cd13;2025-02-13T07:40:00Z;93636;93490;93674;93465;13770;
8f99f804-abc1-4339-8c51-521c3e78cd13;2025-02-13T07:41:00Z;93491;93482;93503;93461;3769;
8f99f804-abc1-4339-8c51-521c3e78cd13;2025-02-13T07:42:00Z;93483;93470;93500;93250;7887;
8f99f804-abc1-4339-8c51-521c3e78cd13;2025-02-13T07:43:00Z;93471;93499;93500;93468;4650;
8f99f804-abc1-4339-8c51-521c3e78cd13;2025-02-13T07:44:00Z;93497;93466;93500;93416;1846;
8f99f804-abc1-4339-8c51-521c3e78cd13;2025-02-13T07:45:00Z;93476;93407;93480;93359;4761;
8f99f804-abc1-4339-8c51-521c3e78cd13;2025-02-13T07:46:00Z;93416;93453;93462;93402;1687;
8f99f804-abc1-4339-8c51-521c3e78cd13;2025-02-13T07:47:00Z;93461;93432;93462;93425;1978;
8f99f804-abc1-4339-8c51-521c3e78cd13;2025-02-13T07:48:00Z;93430;93450;93450;93425;1913;
8f99f804-abc1-4339-8c51-521c3e78cd13;2025-02-13T07:49:00Z;93449;93450;93450;93435;4711;
8f99f804-abc1-4339-8c51-521c3e78cd13;2025-02-13T07:50:00Z;93450;93624;93681;93447;9922;
8f99f804-abc1-4339-8c51-521c3e78cd13;2025-02-13T07:51:00Z;93625;93712;93729;93600;2580;
8f99f804-abc1-4339-8c51-521c3e78cd13;2025-02-13T07:52:00Z;93713;93806;93828;93700;3550;
8f99f804-abc1-4339-8c51-521c3e78cd13;2025-02-13T07:53:00Z;93806;93916;93945;93798;6299;
8f99f804-abc1-4339-8c51-521c3e78cd13;2025-02-13T07:54:00Z;93918;94016;94038;93908;4835;
8f99f804-abc1-4339-8c51-521c3e78cd13;2025-02-13T07:55:00Z;94025;94168;94202;93990;6750;
8f99f804-abc1-4339-8c51-521c3e78cd13;2025-02-13T07:56:00Z;94165;94365;94379;94158;7843;
8f99f804-abc1-4339-8c51-521c3e78cd13;2025-02-13T07:57:00Z;94365;94601;94604;94350;12998;
8f99f804-abc1-4339-8c51-521c3e78cd13;2025-02-13T07:58:00Z;94604;94807;94834;94600;14547;
8f99f804-abc1-4339-8c51-521c3e78cd13;2025-02-13T07:59:00Z;94801;94801;94849;94800;10231;
8f99f804-abc1-4339-8c51-521c3e78cd13;2025-02-13T08:00:00Z;94800;94673;94877;94550;14631;
8f99f804-abc1-4339-8c51-521c3e78cd13;2025-02-13T08:01:00Z;94672;94605;94701;94575;2892;
8f99f804-abc1-4339-8c51-521c3e78cd13;2025-02-13T08:02:00Z;94605;94588;94644;94560;2854;
8f99f804-abc1-4339-8c51-521c3e78cd13;2025-02-13T08:03:00Z;94595;94565;94610;94550;2000;
8f99f804-abc1-4339-8c51-521c3e78cd13;2025-02-13T08:04:00Z;94564;94504;94594;94440;3506;
8f99f804-abc1-4339-8c51-521c3e78cd13;2025-02-13T08:05:00Z;94521;94367;94527;94338;3301;
8f99f804-abc1-4339-8c51-521c3e78cd13;2025-02-13T08:06:00Z;94368;94091;94380;94066;8698;
8f99f804-abc1-4339-8c51-521c3e78cd13;2025-02-13T08:07:00Z;94092;94099;94100;94046;6648;
8f99f804-abc1-4339-8c51-521c3e78cd13;2025-02-13T08:08:00Z;94097;94075;94100;94064;2357;
8f99f804-abc1-4339-8c51-521c3e78cd13;2025-02-13T08:09:00Z;94073;93999;94073;93965;3825;
8f99f804-abc1-4339-8c51-521c3e78cd13;2025-02-13T08:10:00Z;93999;94108;94198;93973;20823;
8f99f804-abc1-4339-8c51-521c3e78cd13;2025-02-13T08:11:00Z;94122;94242;94270;94106;5181;
8f99f804-abc1-4339-8c51-521c3e78cd13;2025-02-13T08:12:00Z;94242;94191;94335;94099;3688;
8f99f804-abc1-4339-8c51-521c3e78cd13;2025-02-13T08:13:00Z;94192;94105;94212;94101;1409;
8f99f804-abc1-4339-8c51-521c3e78cd13;2025-02-13T08:14:00Z;94106;94075;94115;94047;2075;
8f99f804-abc1-4339-8c51-521c3e78cd13;2025-02-13T08:15:00Z;94073;93969;94154;93920;4557;
8f99f804-abc1-4339-8c51-521c3e78cd13;2025-02-13T08:16:00Z;93965;93948;94106;93850;8208;
8f99f804-abc1-4339-8c51-521c3e78cd13;2025-02-13T08:17:00Z;93943;93938;93966;93920;1537;
8f99f804-abc1-4339-8c51-521c3e78cd13;2025-02-13T08:18:00Z;93934;93958;93966;93929;2259;
8f99f804-abc1-4339-8c51-521c3e78cd13;2025-02-13T08:19:00Z;93949;93994;94041;93909;3839;
8f99f804-abc1-4339-8c51-521c3e78cd13;2025-02-13T08:20:00Z;93995;93934;93996;93917;1201;
8f99f804-abc1-4339-8c51-521c3e78cd13;2025-02-13T08:21:00Z;93939;93957;93966;93939;1274;
8f99f804-abc1-4339-8c51-521c3e78cd13;2025-02-13T08:22:00Z;93956;93988;94002;93950;2597;
8f99f804-abc1-4339-8c51-521c3e78cd13;2025-02-13T08:23:00Z;93994;93904;93994;93860;3853;
8f99f804-abc1-4339-8c51-521c3e78cd13;2025-02-13T08:24:00Z;93910;93930;93940;93900;3343;
8f99f804-abc1-4339-8c51-521c3e78cd13;2025-02-13T08:25:00Z;93929;93900;93942;93900;3929;
8f99f804-abc1-4339-8c51-521c3e78cd13;2025-02-13T08:26:00Z;93900;93937;93945;93900;3207;
8f99f804-abc1-4339-8c51-521c3e78cd13;2025-02-13T08:27:00Z;93937;93915;93937;93855;4686;
8f99f804-abc1-4339-8c51-521c3e78cd13;2025-02-13T08:28:00Z;93917;93884;93928;93858;608;
8f99f804-abc1-4339-8c51-521c3e78cd13;2025-02-13T08:29:00Z;93884;93925;93925;93879;357;
8f99f804-abc1-4339-8c51-521c3e78cd13;2025-02-13T08:30:00Z;93923;93880;93923;93824;1930;
8f99f804-abc1-4339-8c51-521c3e78cd13;2025-02-13T08:31:00Z;93871;93766;93871;93760;6186;
8f99f804-abc1-4339-8c51-521c3e78cd13;2025-02-13T08:32:00Z;93766;93735;93795;93722;1703;
8f99f804-abc1-4339-8c51-521c3e78cd13;2025-02-13T08:33:00Z;93730;93734;93742;93700;817;
8f99f804-abc1-4339-8c51-521c3e78cd13;2025-02-13T08:34:00Z;93731;93661;93739;93640;2062;
8f99f804-abc1-4339-8c51-521c3e78cd13;2025-02-13T08:35:00Z;93661;93599;93691;93588;1611;
8f99f804-abc1-4339-8c51-521c3e78cd13;2025-02-13T08:36:00Z;93597;93701;93722;93566;2035;
8f99f804-abc1-4339-8c51-521c3e78cd13;2025-02-13T08:37:00Z;93693;93844;93900;93688;1938;
8f99f804-abc1-4339-8c51-521c3e78cd13;2025-02-13T08:38:00Z;93850;93808;93859;93758;1253;
8f99f804-abc1-4339-8c51-521c3e78cd13;2025-02-13T08:39:00Z;93805;93899;93923;93805;1406;
8f99f804-abc1-4339-8c51-521c3e78cd13;2025-02-13T08:40:00Z;93893;93906;93947;93826;1594;
8f99f804-abc1-4339-8c51-521c3e78cd13;2025-02-13T08:41:00Z;93914;93941;93986;93914;1360;
8f99f804-abc1-4339-8c51-521c3e78cd13;2025-02-13T08:42:00Z;93946;93911;93964;93886;710;
8f99f804-abc1-4339-8c51-521c3e78cd13;2025-02-13T08:43:00Z;93911;93791;93917;93780;1793;
8f99f804-abc1-4339-8c51-521c3e78cd13;2025-02-13T08:44:00Z;93789;93821;93821;93766;810;
8f99f804-abc1-4339-8c51-521c3e78cd13;2025-02-13T08:45:00Z;93823;93938;93945;93795;2760;
8f99f804-abc1-4339-8c51-521c3e78cd13;2025-02-13T08:46:00Z;93937;93967;93986;93908;957;
8f99f804-abc1-4339-8c51-521c3e78cd13;2025-02-13T08:47:00Z;93977;93994;94002;93957;981;
8f99f804-abc1-4339-8c51-521c3e78cd13;2025-02-13T08:48:00Z;93994;93881;94002;93868;1307;
8f99f804-abc1-4339-8c51-521c3e78cd13;2025-02-13T08:49:00Z;93880;93857;93919;93852;608;
8f99f804-abc1-4339-8c51-521c3e78cd13;2025-02-13T08:50:00Z;93869;93823;93872;93799;750;
8f99f804-abc1-4339-8c51-521c3e78cd13;2025-02-13T08:51:00Z;93822;93812;93875;93812;598;
8f99f804-abc1-4339-8c51-521c3e78cd13;2025-02-13T08:52:00Z;93816;93846;93854;93806;752;
8f99f804-abc1-4339-8c51-521c3e78cd13;2025-02-13T08:53:00Z;93847;93757;93850;93725;1878;
8f99f804-abc1-4339-8c51-521c3e78cd13;2025-02-13T08:54:00Z;93748;93745;93754;93669;1968;
8f99f804-abc1-4339-8c51-521c3e78cd13;2025-02-13T08:55:00Z;93735;93754;93786;93718;632;
8f99f804-abc1-4339-8c51-521c3e78cd13;2025-02-13T08:56:00Z;93749;93727;93785;93686;1261;
8f99f804-abc1-4339-8c51-521c3e78cd13;2025-02-13T08:57:00Z;93717;93648;93720;93536;4971;
8f99f804-abc1-4339-8c51-521c3e78cd13;2025-02-13T08:58:00Z;93647;93583;93650;93568;965;
8f99f804-abc1-4339-8c51-521c3e78cd13;2025-02-13T08:59:00Z;93593;93632;93711;93593;618;
8f99f804-abc1-4339-8c51-521c3e78cd13;2025-02-13T09:00:00Z;93652;93600;93669;93537;1898;
8f99f804-abc1-4339-8c51-521c3e78cd13;2025-02-13T09:01:00Z;93595;93587;93623;93567;638;
8f99f804-abc1-4339-8c51-521c3e78cd13;2025-02-13T09:02:00Z;93588;93529;93599;93516;1100;
8f99f804-abc1-4339-8c51-521c3e78cd13;2025-02-13T09:03:00Z;93522;93411;93527;93373;4533;
8f99f804-abc1-4339-8c51-521c3e78cd13;2025-02-13T09:04:00Z;93419;93384;93465;93360;2417;
8f99f804-abc1-4339-8c51-521c3e78cd13;2025-02-13T09:05:00Z;93387;93440;93450;93386;2005;
8f99f804-abc1-4339-8c51-521c3e78cd13;2025-02-13T09:06:00Z;93440;93499;93499;93429;2012;
8f99f804-abc1-4339-8c51-521c3e78cd13;2025-02-13T09:07:00Z;93499;93583;93584;93498;1683;
8f99f804-abc1-4339-8c51-521c3e78cd13;2025-02-13T09:08:00Z;93584;93583;93651;93529;3006;
8f99f804-abc1-4339-8c51-521c3e78cd13;2025-02-13T09:09:00Z;93581;93656;93715;93560;1015;
8f99f804-abc1-4339-8c51-521c3e78cd13;2025-02-13T09:10:00Z;93652;93677;93714;93643;947;
8f99f804-abc1-4339-8c51-521c3e78cd13;2025-02-13T09:11:00Z;93673;93602;93675;93512;1551;
8f99f804-abc1-4339-8c51-521c3e78cd13;2025-02-13T09:12:00Z;93601;93436;93613;93429;966;
8f99f804-abc1-4339-8c51-521c3e78cd13;2025-02-13T09:13:00Z;93438;93517;93517;93387;1389;
8f99f804-abc1-4339-8c51-521c3e78cd13;2025-02-13T09:14:00Z;93510;93481;93539;93433;798;
8f99f804-abc1-4339-8c51-521c3e78cd13;2025-02-13T09:15:00Z;93486;93409;93510;93393;826;
8f99f804-abc1-4339-8c51-521c3e78cd13;2025-02-13T09:16:00Z;93424;93205;93445;93180;4062;
8f99f804-abc1-4339-8c51-521c3e78cd13;2025-02-13T09:17:00Z;93202;93387;93390;93172;1896;
8f99f804-abc1-4339-8c51-521c3e78cd13;2025-02-13T09:18:00Z;93375;93344;93375;93269;987;
8f99f804-abc1-4339-8c51-521c3e78cd13;2025-02-13T09:19:00Z;93348;93403;93421;93340;1079;
8f99f804-abc1-4339-8c51-521c3e78cd13;2025-02-13T09:20:00Z;93397;93435;93450;93372;766;
8f99f804-abc1-4339-8c51-521c3e78cd13;2025-02-13T09:21:00Z;93428;93343;93428;93307;2008;
8f99f804-abc1-4339-8c51-521c3e78cd13;2025-02-13T09:22:00Z;93342;93392;93436;93339;2738;
8f99f804-abc1-4339-8c51-521c3e78cd13;2025-02-13T09:23:00Z;93404;93410;93435;93390;527;
8f99f804-abc1-4339-8c51-521c3e78cd13;2025-02-13T09:24:00Z;93421;93401;93450;93367;749;
8f99f804-abc1-4339-8c51-521c3e78cd13;2025-02-13T09:25:00Z;93394;93402;93403;93309;1800;
8f99f804-abc1-4339-8c51-521c3e78cd13;2025-02-13T09:26:00Z;93401;93222;93401;93209;2253;
8f99f804-abc1-4339-8c51-521c3e78cd13;2025-02-13T09:27:00Z;93224;93234;93259;93210;462;
8f99f804-abc1-4339-8c51-521c3e78cd13;2025-02-13T09:28:00Z;93242;93111;93263;93100;2808;
8f99f804-abc1-4339-8c51-521c3e78cd13;2025-02-13T09:29:00Z;93116;93145;93177;93080;2075;
8f99f804-abc1-4339-8c51-521c3e78cd13;2025-02-13T09:30:00Z;93147;93189;93199;93063;2374;
8f99f804-abc1-4339-8c51-521c3e78cd13;2025-02-13T09:31:00Z;93198;93365;93402;93162;2768;
8f99f804-abc1-4339-8c51-521c3e78cd13;2025-02-13T09:32:00Z;93384;93386;93460;93353;2588;
8f99f804-abc1-4339-8c51-521c3e78cd13;2025-02-13T09:33:00Z;93384;93450;93474;93373;1174;
8f99f804-abc1-4339-8c51-521c3e78cd13;2025-02-13T09:34:00Z;93448;93391;93483;93380;1242;
8f99f804-abc1-4339-8c51-521c3e78cd13;2025-02-13T09:35:00Z;93407;93344;93407;93313;813;
8f99f804-abc1-4339-8c51-521c3e78cd13;2025-02-13T09:36:00Z;93323;93298;93343;93268;1233;
8f99f804-abc1-4339-8c51-521c3e78cd13;2025-02-13T09:37:00Z;93298;93249;93298;93230;1495;
8f99f804-abc1-4339-8c51-521c3e78cd13;2025-02-13T09:38:00Z;93248;93220;93250;93206;3940;
8f99f804-abc1-4339-8c51-521c3e78cd13;2025-02-13T09:39:00Z;93211;93224;93242;93185;2407;
8f99f804-abc1-4339-8c51-521c3e78cd13;2025-02-13T09:40:00Z;93220;93210;93231;93199;801;
8f99f804-abc1-4339-8c51-521c3e78cd13;2025-02-13T09:41:00Z;93210;93234;93239;93210;1827;
8f99f804-abc1-4339-8c51-521c3e78cd13;2025-02-13T09:42:00Z;93234;93227;93240;93218;900;
8f99f804-abc1-4339-8c51-521c3e78cd13;2025-02-13T09:43:00Z;93228;93230;93230;93217;584;
8f99f804-abc1-4339-8c51-521c3e78cd13;2025-02-13T09:44:00Z;93230;93249;93250;93230;2754;
8f99f804-abc1-4339-8c51-521c3e78cd13;2025-02-13T09:45:00Z;93249;93250;93250;93242;5717;
8f99f804-abc1-4339-8c51-521c3e78cd13;2025-02-13T09:46:00Z;93250;93242;93250;93222;2968;
8f99f804-abc1-4339-8c51-521c3e78cd13;2025-02-13T09:47:00Z;93238;93250;93250;93225;7584;
8f99f804-abc1-4339-8c51-521c3e78cd13;2025-02-13T09:48:00Z;93250;93249;93250;93234;2430;
8f99f804-abc1-4339-8c51-521c3e78cd13;2025-02-13T09:49:00Z;93250;93250;93250;93248;1050;
8f99f804-abc1-4339-8c51-521c3e78cd13;2025-02-13T09:50:00Z;93250;93365;93382;93249;6795;
8f99f804-abc1-4339-8c51-521c3e78cd13;2025-02-13T09:51:00Z;93364;93380;93387;93350;1058;
8f99f804-abc1-4339-8c51-521c3e78cd13;2025-02-13T09:52:00Z;93379;93360;93398;93357;1344;
8f99f804-abc1-4339-8c51-521c3e78cd13;2025-02-13T09:53:00Z;93364;93336;93364;93283;1368;
8f99f804-abc1-4339-8c51-521c3e78cd13;2025-02-13T09:54:00Z;93340;93303;93363;93272;661;
8f99f804-abc1-4339-8c51-521c3e78cd13;2025-02-13T09:55:00Z;93294;93247;93296;93226;1325;
8f99f804-abc1-4339-8c51-521c3e78cd13;2025-02-13T09:56:00Z;93248;93286;93295;93244;539;
8f99f804-abc1-4339-8c51-521c3e78cd13;2025-02-13T09:57:00Z;93283;93264;93295;93229;625;
8f99f804-abc1-4339-8c51-521c3e78cd13;2025-02-13T09:58:00Z;93261;93276;93296;93245;337;
8f99f804-abc1-4339-8c51-521c3e78cd13;2025-02-13T09:59:00Z;93265;93331;93375;93242;2945;
8f99f804-abc1-4339-8c51-521c3e78cd13;2025-02-13T10:00:00Z;93332;93418;93489;93328;2503;
8f99f804-abc1-4339-8c51-521c3e78cd13;2025-02-13T10:01:00Z;93428;93370;93438;93354;930;
8f99f804-abc1-4339-8c51-521c3e78cd13;2025-02-13T10:02:00Z;93370;93350;93371;93316;712;
8f99f804-abc1-4339-8c51-521c3e78cd13;2025-02-13T10:03:00Z;93346;93368;93388;93332;936;
8f99f804-abc1-4339-8c51-521c3e78cd13;2025-02-13T10:04:00Z;93361;93374;93430;93328;1120;
8f99f804-abc1-4339-8c51-521c3e78cd13;2025-02-13T10:05:00Z;93366;93339;93366;93320;541;
8f99f804-abc1-4339-8c51-521c3e78cd13;2025-02-13T10:06:00Z;93351;93341;93380;93293;901;
8f99f804-abc1-4339-8c51-521c3e78cd13;2025-02-13T10:07:00Z;93353;93404;93420;93325;803;
8f99f804-abc1-4339-8c51-521c3e78cd13;2025-02-13T10:08:00Z;93410;93412;93463;93386;827;
8f99f804-abc1-4339-8c51-521c3e78cd13;2025-02-13T10:09:00Z;93413;93470;93528;93388;2966;
8f99f804-abc1-4339-8c51-521c3e78cd13;2025-02-13T10:10:00Z;93470;93421;93470;93300;2111;
8f99f804-abc1-4339-8c51-521c3e78cd13;2025-02-13T10:11:00Z;93420;93241;93420;93241;2970;
8f99f804-abc1-4339-8c51-521c3e78cd13;2025-02-13T10:12:00Z;93247;93378;93379;93228;2418;
8f99f804-abc1-4339-8c51-521c3e78cd13;2025-02-13T10:13:00Z;93378;93529;93535;93368;2921;
8f99f804-abc1-4339-8c51-521c3e78cd13;2025-02-13T10:14:00Z;93523;93453;93559;93452;1443;
8f99f804-abc1-4339-8c51-521c3e78cd13;2025-02-13T10:15:00Z;93452;93532;93532;93417;746;
8f99f804-abc1-4339-8c51-521c3e78cd13;2025-02-13T10:16:00Z;93530;93561;93561;93517;410;
8f99f804-abc1-4339-8c51-521c3e78cd13;2025-02-13T10:17:00Z;93561;93446;93574;93421;1686;
8f99f804-abc1-4339-8c51-521c3e78cd13;2025-02-13T10:18:00Z;93441;93426;93503;93406;1675;
8f99f804-abc1-4339-8c51-521c3e78cd13;2025-02-13T10:19:00Z;93428;93505;93506;93411;1925;
8f99f804-abc1-4339-8c51-521c3e78cd13;2025-02-13T10:20:00Z;93495;93624;93627;93482;2302;
8f99f804-abc1-4339-8c51-521c3e78cd13;2025-02-13T10:21:00Z;93624;93499;93624;93477;1148;
8f99f804-abc1-4339-8c51-521c3e78cd13;2025-02-13T10:22:00Z;93506;93560;93560;93471;1263;
8f99f804-abc1-4339-8c51-521c3e78cd13;2025-02-13T10:23:00Z;93559;93590;93605;93533;810;
8f99f804-abc1-4339-8c51-521c3e78cd13;2025-02-13T10:24:00Z;93592;93595;93659;93555;1673;
8f99f804-abc1-4339-8c51-521c3e78cd13;2025-02-13T10:25:00Z;93606;93604;93606;93557;961;
8f99f804-abc1-4339-8c51-521c3e78cd13;2025-02-13T10:26:00Z;93614;93671;93679;93596;672;
8f99f804-abc1-4339-8c51-521c3e78cd13;2025-02-13T10:27:00Z;93673;93771;93795;93672;2074;
8f99f804-abc1-4339-8c51-521c3e78cd13;2025-02-13T10:28:00Z;93770;93802;93836;93712;1263;
8f99f804-abc1-4339-8c51-521c3e78cd13;2025-02-13T10:29:00Z;93807;93750;93844;93705;1830;
8f99f804-abc1-4339-8c51-521c3e78cd13;2025-02-13T10:30:00Z;93744;93900;93903;93720;2253;
8f99f804-abc1-4339-8c51-521c3e78cd13;2025-02-13T10:31:00Z;93900;93925;93944;93867;2005;
8f99f804-abc1-4339-8c51-521c3e78cd13;2025-02-13T10:32:00Z;93926;93793;93955;93778;1925;
8f99f804-abc1-4339-8c51-521c3e78cd13;2025-02-13T10:33:00Z;93793;93936;93940;93793;1614;
8f99f804-abc1-4339-8c51-521c3e78cd13;2025-02-13T10:34:00Z;93936;93894;93947;93860;823;
8f99f804-abc1-4339-8c51-521c3e78cd13;2025-02-13T10:35:00Z;93890;93888;93902;93836;866;
8f99f804-abc1-4339-8c51-521c3e78cd13;2025-02-13T10:36:00Z;93884;93784;93886;93757;880;
8f99f804-abc1-4339-8c51-521c3e78cd13;2025-02-13T10:37:00Z;93782;93765;93844;93752;843;
8f99f804-abc1-4339-8c51-521c3e78cd13;2025-02-13T10:38:00Z;93769;93744;93779;93723;756;
8f99f804-abc1-4339-8c51-521c3e78cd13;2025-02-13T10:39:00Z;93744;93809;93819;93742;527;
8f99f804-abc1-4339-8c51-521c3e78cd13;2025-02-13T10:40:00Z;93807;93881;93995;93779;2404;
8f99f804-abc1-4339-8c51-521c3e78cd13;2025-02-13T10:41:00Z;93881;93773;93890;93771;1256;
8f99f804-abc1-4339-8c51-521c3e78cd13;2025-02-13T10:42:00Z;93772;93744;93813;93742;594;
8f99f804-abc1-4339-8c51-521c3e78cd13;2025-02-13T10:43:00Z;93745;93759;93815;93742;1748;
8f99f804-abc1-4339-8c51-521c3e78cd13;2025-02-13T10:44:00Z;93756;93724;93786;93724;653;
8f99f804-abc1-4339-8c51-521c3e78cd13;2025-02-13T10:45:00Z;93723;93701;93779;93684;714;
8f99f804-abc1-4339-8c51-521c3e78cd13;2025-02-13T10:46:00Z;93699;93721;93743;93644;946;
8f99f804-abc1-4339-8c51-521c3e78cd13;2025-02-13T10:47:00Z;93712;93722;93795;93698;1001;
8f99f804-abc1-4339-8c51-521c3e78cd13;2025-02-13T10:48:00Z;93724;93685;93739;93658;656;
8f99f804-abc1-4339-8c51-521c3e78cd13;2025-02-13T10:49:00Z;93688;93662;93700;93656;2527;
8f99f804-abc1-4339-8c51-521c3e78cd13;2025-02-13T10:50:00Z;93666;93693;93700;93626;927;
8f99f804-abc1-4339-8c51-521c3e78cd13;2025-02-13T10:51:00Z;93684;93685;93700;93667;1566;
8f99f804-abc1-4339-8c51-521c3e78cd13;2025-02-13T10:52:00Z;93683;93650;93683;93648;246;
8f99f804-abc1-4339-8c51-521c3e78cd13;2025-02-13T10:53:00Z;93646;93613;93661;93583;1192;
8f99f804-abc1-4339-8c51-521c3e78cd13;2025-02-13T10:54:00Z;93613;93599;93624;93575;585;
8f99f804-abc1-4339-8c51-521c3e78cd13;2025-02-13T10:55:00Z;93597;93521;93608;93512;597;
8f99f804-abc1-4339-8c51-521c3e78cd13;2025-02-13T10:56:00Z;93530;93487;93537;93487;1048;
8f99f804-abc1-4339-8c51-521c3e78cd13;2025-02-13T10:57:00Z;93490;93530;93533;93467;565;
8f99f804-abc1-4339-8c51-521c3e78cd13;2025-02-13T10:58:00Z;93531;93635;93635;93531;597;
8f99f804-abc1-4339-8c51-521c3e78cd13;2025-02-13T10:59:00Z;93635;93674;93693;93630;716;
8f99f804-abc1-4339-8c51-521c3e78cd13;2025-02-13T11:05:00Z;93692;93699;93700;93633;1764;
8f99f804-abc1-4339-8c51-521c3e78cd13;2025-02-13T11:06:00Z;93699;93652;93700;93642;1521;
8f99f804-abc1-4339-8c51-521c3e78cd13;2025-02-13T11:07:00Z;93652;93666;93695;93651;435;
8f99f804-abc1-4339-8c51-521c3e78cd13;2025-02-13T11:08:00Z;93667;93659;93687;93654;428;
8f99f804-abc1-4339-8c51-521c3e78cd13;2025-02-13T11:09:00Z;93657;93664;93687;93642;585;
8f99f804-abc1-4339-8c51-521c3e78cd13;2025-02-13T11:10:00Z;93653;93605;93653;93602;564;
8f99f804-abc1-4339-8c51-521c3e78cd13;2025-02-13T11:11:00Z;93604;93620;93647;93602;545;
8f99f804-abc1-4339-8c51-521c3e78cd13;2025-02-13T11:12:00Z;93629;93635;93660;93604;338;
8f99f804-abc1-4339-8c51-521c3e78cd13;2025-02-13T11:13:00Z;93635;93631;93662;93623;543;
8f99f804-abc1-4339-8c51-521c3e78cd13;2025-02-13T11:14:00Z;93634;93656;93668;93626;354;
8f99f804-abc1-4339-8c51-521c3e78cd13;2025-02-13T11:15:00Z;93655;93699;93699;93650;589;
8f99f804-abc1-4339-8c51-521c3e78cd13;2025-02-13T11:16:00Z;93699;93743;93743;93695;1891;
8f99f804-abc1-4339-8c51-521c3e78cd13;2025-02-13T11:17:00Z;93735;93705;93738;93691;352;
8f99f804-abc1-4339-8c51-521c3e78cd13;2025-02-13T11:18:00Z;93706;93678;93708;93664;373;
8f99f804-abc1-4339-8c51-521c3e78cd13;2025-02-13T11:19:00Z;93676;93614;93676;93589;906;
8f99f804-abc1-4339-8c51-521c3e78cd13;2025-02-13T11:20:00Z;93619;93608;93631;93600;689;
8f99f804-abc1-4339-8c51-521c3e78cd13;2025-02-13T11:21:00Z;93615;93660;93660;93608;866;
8f99f804-abc1-4339-8c51-521c3e78cd13;2025-02-13T11:22:00Z;93648;93586;93664;93583;1157;
8f99f804-abc1-4339-8c51-521c3e78cd13;2025-02-13T11:23:00Z;93585;93600;93616;93567;276;
8f99f804-abc1-4339-8c51-521c3e78cd13;2025-02-13T11:24:00Z;93604;93569;93610;93566;384;
8f99f804-abc1-4339-8c51-521c3e78cd13;2025-02-13T11:25:00Z;93577;93550;93577;93547;496;
8f99f804-abc1-4339-8c51-521c3e78cd13;2025-02-13T11:26:00Z;93551;93526;93597;93518;1191;
8f99f804-abc1-4339-8c51-521c3e78cd13;2025-02-13T11:27:00Z;93522;93546;93680;93430;2266;
8f99f804-abc1-4339-8c51-521c3e78cd13;2025-02-13T11:28:00Z;93537;93545;93656;93479;1686;
8f99f804-abc1-4339-8c51-521c3e78cd13;2025-02-13T11:29:00Z;93550;93537;93580;93531;800;
8f99f804-abc1-4339-8c51-521c3e78cd13;2025-02-13T11:30:00Z;93543;93529;93554;93518;592;
8f99f804-abc1-4339-8c51-521c3e78cd13;2025-02-13T11:31:00Z;93536;93570;93600;93536;494;
8f99f804-abc1-4339-8c51-521c3e78cd13;2025-02-13T11:32:00Z;93571;93555;93648;93550;576;
8f99f804-abc1-4339-8c51-521c3e78cd13;2025-02-13T11:33:00Z;93551;93530;93560;93526;589;
8f99f804-abc1-4339-8c51-521c3e78cd13;2025-02-13T11:34:00Z;93531;93509;93557;93501;695;
8f99f804-abc1-4339-8c51-521c3e78cd13;2025-02-13T11:35:00Z;93509;93531;93554;93501;483;
8f99f804-abc1-4339-8c51-521c3e78cd13;2025-02-13T11:36:00Z;93530;93519;93542;93512;386;
8f99f804-abc1-4339-8c51-521c3e78cd13;2025-02-13T11:37:00Z;93520;93558;93574;93516;395;
8f99f804-abc1-4339-8c51-521c3e78cd13;2025-02-13T11:38:00Z;93557;93561;93588;93557;287;
8f99f804-abc1-4339-8c51-521c3e78cd13;2025-02-13T11:39:00Z;93560;93601;93601;93553;708;
8f99f804-abc1-4339-8c51-521c3e78cd13;2025-02-13T11:40:00Z;93601;93638;93653;93600;1127;
8f99f804-abc1-4339-8c51-521c3e78cd13;2025-02-13T11:41:00Z;93644;93607;93663;93605;1007;
8f99f804-abc1-4339-8c51-521c3e78cd13;2025-02-13T11:42:00Z;93607;93616;93634;93605;879;
8f99f804-abc1-4339-8c51-521c3e78cd13;2025-02-13T11:43:00Z;93617;93592;93618;93567;1065;
8f99f804-abc1-4339-8c51-521c3e78cd13;2025-02-13T11:44:00Z;93592;93573;93595;93560;664;
8f99f804-abc1-4339-8c51-521c3e78cd13;2025-02-13T11:45:00Z;93579;93605;93635;93565;1390;
8f99f804-abc1-4339-8c51-521c3e78cd13;2025-02-13T11:46:00Z;93607;93605;93627;93605;612;
8f99f804-abc1-4339-8c51-521c3e78cd13;2025-02-13T11:47:00Z;93605;93578;93626;93575;1036;
8f99f804-abc1-4339-8c51-521c3e78cd13;2025-02-13T11:48:00Z;93585;93617;93641;93585;494;
8f99f804-abc1-4339-8c51-521c3e78cd13;2025-02-13T11:49:00Z;93620;93596;93641;93589;797;
8f99f804-abc1-4339-8c51-521c3e78cd13;2025-02-13T11:50:00Z;93603;93605;93616;93591;537;
8f99f804-abc1-4339-8c51-521c3e78cd13;2025-02-13T11:51:00Z;93622;93630;93630;93606;299;
8f99f804-abc1-4339-8c51-521c3e78cd13;2025-02-13T11:52:00Z;93636;93581;93656;93577;4021;
8f99f804-abc1-4339-8c51-521c3e78cd13;2025-02-13T11:53:00Z;93588;93575;93600;93572;1289;
8f99f804-abc1-4339-8c51-521c3e78cd13;2025-02-13T11:54:00Z;93580;93493;93587;93468;2193;
8f99f804-abc1-4339-8c51-521c3e78cd13;2025-02-13T11:55:00Z;93490;93470;93496;93463;874;
8f99f804-abc1-4339-8c51-521c3e78cd13;2025-02-13T11:56:00Z;93470;93460;93476;93442;1966;
8f99f804-abc1-4339-8c51-521c3e78cd13;2025-02-13T11:57:00Z;93466;93430;93478;93422;7988;
8f99f804-abc1-4339-8c51-521c3e78cd13;2025-02-13T11:58:00Z;93429;93404;93430;93404;1024;
8f99f804-abc1-4339-8c51-521c3e78cd13;2025-02-13T11:59:00Z;93404;93392;93410;93384;3636;
8f99f804-abc1-4339-8c51-521c3e78cd13;2025-02-13T12:00:00Z;93394;93388;93400;93373;5869;
8f99f804-abc1-4339-8c51-521c3e78cd13;2025-02-13T12:01:00Z;93391;93382;93400;93377;1109;
8f99f804-abc1-4339-8c51-521c3e78cd13;2025-02-13T12:02:00Z;93382;93420;93506;93379;10134;
8f99f804-abc1-4339-8c51-521c3e78cd13;2025-02-13T12:03:00Z;93419;93423;93451;93412;732;
8f99f804-abc1-4339-8c51-521c3e78cd13;2025-02-13T12:04:00Z;93422;93402;93432;93373;1583;
8f99f804-abc1-4339-8c51-521c3e78cd13;2025-02-13T12:05:00Z;93404;93443;93447;93393;670;
8f99f804-abc1-4339-8c51-521c3e78cd13;2025-02-13T12:06:00Z;93442;93428;93442;93399;1207;
8f99f804-abc1-4339-8c51-521c3e78cd13;2025-02-13T12:07:00Z;93427;93401;93469;93386;1376;
8f99f804-abc1-4339-8c51-521c3e78cd13;2025-02-13T12:08:00Z;93399;93372;93405;93350;1524;
8f99f804-abc1-4339-8c51-521c3e78cd13;2025-02-13T12:09:00Z;93375;93353;93387;93350;887;
8f99f804-abc1-4339-8c51-521c3e78cd13;2025-02-13T12:10:00Z;93356;93373;93373;93303;3013;
8f99f804-abc1-4339-8c51-521c3e78cd13;2025-02-13T12:11:00Z;93373;93328;93400;93327;1274;
8f99f804-abc1-4339-8c51-521c3e78cd13;2025-02-13T12:12:00Z;93336;93308;93336;93260;2807;
8f99f804-abc1-4339-8c51-521c3e78cd13;2025-02-13T12:13:00Z;93308;93334;93336;93294;675;
8f99f804-abc1-4339-8c51-521c3e78cd13;2025-02-13T12:14:00Z;93326;93305;93330;93263;1863;
8f99f804-abc1-4339-8c51-521c3e78cd13;2025-02-13T12:15:00Z;93306;93285;93335;93282;1192;
8f99f804-abc1-4339-8c51-521c3e78cd13;2025-02-13T12:16:00Z;93286;93262;93306;93251;1209;
8f99f804-abc1-4339-8c51-521c3e78cd13;2025-02-13T12:17:00Z;93261;93247;93278;93233;1675;
8f99f804-abc1-4339-8c51-521c3e78cd13;2025-02-13T12:18:00Z;93247;93303;93333;93239;1422;
8f99f804-abc1-4339-8c51-521c3e78cd13;2025-02-13T12:19:00Z;93312;93270;93315;93265;685;
8f99f804-abc1-4339-8c51-521c3e78cd13;2025-02-13T12:20:00Z;93270;93215;93293;93213;1164;
8f99f804-abc1-4339-8c51-521c3e78cd13;2025-02-13T12:21:00Z;93225;93199;93243;93173;1156;
8f99f804-abc1-4339-8c51-521c3e78cd13;2025-02-13T12:22:00Z;93189;93181;93214;93174;366;
8f99f804-abc1-4339-8c51-521c3e78cd13;2025-02-13T12:23:00Z;93178;93202;93221;93127;1475;
8f99f804-abc1-4339-8c51-521c3e78cd13;2025-02-13T12:24:00Z;93200;93107;93200;93086;1710;
8f99f804-abc1-4339-8c51-521c3e78cd13;2025-02-13T12:25:00Z;93098;93206;93225;93097;1721;
8f99f804-abc1-4339-8c51-521c3e78cd13;2025-02-13T12:26:00Z;93207;93234;93259;93204;846;
8f99f804-abc1-4339-8c51-521c3e78cd13;2025-02-13T12:27:00Z;93234;93235;93245;93225;248;
8f99f804-abc1-4339-8c51-521c3e78cd13;2025-02-13T12:28:00Z;93233;93262;93273;93229;351;
8f99f804-abc1-4339-8c51-521c3e78cd13;2025-02-13T12:29:00Z;93264;93265;93265;93250;152;
8f99f804-abc1-4339-8c51-521c3e78cd13;2025-02-13T12:30:00Z;93266;93318;93336;93265;975;
8f99f804-abc1-4339-8c51-521c3e78cd13;2025-02-13T12:31:00Z;93313;93318;93334;93291;340;
8f99f804-abc1-4339-8c51-521c3e78cd13;2025-02-13T12:32:00Z;93318;93344;93347;93318;349;
8f99f804-abc1-4339-8c51-521c3e78cd13;2025-02-13T12:33:00Z;93348;93373;93397;93339;922;
8f99f804-abc1-4339-8c51-521c3e78cd13;2025-02-13T12:34:00Z;93374;93380;93381;93358;111;
8f99f804-abc1-4339-8c51-521c3e78cd13;2025-02-13T12:35:00Z;93378;93408;93436;93378;576;
8f99f804-abc1-4339-8c51-521c3e78cd13;2025-02-13T12:36:00Z;93411;93420;93474;93393;1191;
8f99f804-abc1-4339-8c51-521c3e78cd13;2025-02-13T12:37:00Z;93418;93608;93666;93396;3025;
8f99f804-abc1-4339-8c51-521c3e78cd13;2025-02-13T12:38:00Z;93616;93641;93712;93609;1449;
8f99f804-abc1-4339-8c51-521c3e78cd13;2025-02-13T12:39:00Z;93629;93711;93727;93620;996;
8f99f804-abc1-4339-8c51-521c3e78cd13;2025-02-13T12:40:00Z;93711;93726;93737;93668;1341;
8f99f804-abc1-4339-8c51-521c3e78cd13;2025-02-13T12:41:00Z;93731;93850;93885;93728;2460;
8f99f804-abc1-4339-8c51-521c3e78cd13;2025-02-13T12:42:00Z;93848;93929;93954;93846;3226;
8f99f804-abc1-4339-8c51-521c3e78cd13;2025-02-13T12:43:00Z;93925;93913;93975;93853;3068;
8f99f804-abc1-4339-8c51-521c3e78cd13;2025-02-13T12:44:00Z;93914;93875;93969;93875;1586;
8f99f804-abc1-4339-8c51-521c3e78cd13;2025-02-13T12:45:00Z;93878;93949;93970;93874;1659;
8f99f804-abc1-4339-8c51-521c3e78cd13;2025-02-13T12:46:00Z;93963;94082;94100;93941;4761;
8f99f804-abc1-4339-8c51-521c3e78cd13;2025-02-13T12:47:00Z;94083;94071;94140;94021;3405;
8f99f804-abc1-4339-8c51-521c3e78cd13;2025-02-13T12:48:00Z;94065;94171;94219;94061;4540;
8f99f804-abc1-4339-8c51-521c3e78cd13;2025-02-13T12:49:00Z;94170;94144;94205;94082;3998;
8f99f804-abc1-4339-8c51-521c3e78cd13;2025-02-13T12:50:00Z;94145;94039;94158;94039;2307;
8f99f804-abc1-4339-8c51-521c3e78cd13;2025-02-13T12:51:00Z;94039;93982;94051;93961;2482;
8f99f804-abc1-4339-8c51-521c3e78cd13;2025-02-13T12:52:00Z;93991;93994;94022;93965;2237;
8f99f804-abc1-4339-8c51-521c3e78cd13;2025-02-13T12:53:00Z;93995;93955;94025;93934;1225;
8f99f804-abc1-4339-8c51-521c3e78cd13;2025-02-13T12:54:00Z;93951;94007;94016;93949;914;
8f99f804-abc1-4339-8c51-521c3e78cd13;2025-02-13T12:55:00Z;94006;93950;94020;93939;1408;
8f99f804-abc1-4339-8c51-521c3e78cd13;2025-02-13T12:56:00Z;93948;93880;93980;93873;2230;
8f99f804-abc1-4339-8c51-521c3e78cd13;2025-02-13T12:57:00Z;93876;93922;93928;93821;2103;
8f99f804-abc1-4339-8c51-521c3e78cd13;2025-02-13T12:58:00Z;93914;93903;93975;93874;1325;
8f99f804-abc1-4339-8c51-521c3e78cd13;2025-02-13T12:59:00Z;93897;93926;94020;93896;1535;
8f99f804-abc1-4339-8c51-521c3e78cd13;2025-02-13T13:00:00Z;93928;94018;94069;93912;2804;
8f99f804-abc1-4339-8c51-521c3e78cd13;2025-02-13T13:01:00Z;94010;94036;94077;94010;1175;
8f99f804-abc1-4339-8c51-521c3e78cd13;2025-02-13T13:02:00Z;94042;94052;94060;93988;1376;
8f99f804-abc1-4339-8c51-521c3e78cd13;2025-02-13T13:03:00Z;94056;94073;94099;94054;948;
8f99f804-abc1-4339-8c51-521c3e78cd13;2025-02-13T13:04:00Z;94073;94066;94087;94056;870;
8f99f804-abc1-4339-8c51-521c3e78cd13;2025-02-13T13:05:00Z;94067;94060;94093;94060;663;
8f99f804-abc1-4339-8c51-521c3e78cd13;2025-02-13T13:06:00Z;94058;94086;94086;94058;489;
8f99f804-abc1-4339-8c51-521c3e78cd13;2025-02-13T13:07:00Z;94085;94061;94085;94055;653;
8f99f804-abc1-4339-8c51-521c3e78cd13;2025-02-13T13:08:00Z;94068;94074;94094;94061;554;
8f99f804-abc1-4339-8c51-521c3e78cd13;2025-02-13T13:09:00Z;94078;94103;94109;94060;955;
8f99f804-abc1-4339-8c51-521c3e78cd13;2025-02-13T13:10:00Z;94103;94062;94119;94057;796;
8f99f804-abc1-4339-8c51-521c3e78cd13;2025-02-13T13:11:00Z;94068;94076;94107;94063;298;
8f99f804-abc1-4339-8c51-521c3e78cd13;2025-02-13T13:12:00Z;94077;94094;94094;94063;390;
8f99f804-abc1-4339-8c51-521c3e78cd13;2025-02-13T13:13:00Z;94094;94144;94150;94072;1250;
8f99f804-abc1-4339-8c51-521c3e78cd13;2025-02-13T13:14:00Z;94142;94131;94162;94111;1315;
8f99f804-abc1-4339-8c51-521c3e78cd13;2025-02-13T13:15:00Z;94128;94153;94157;94106;944;
8f99f804-abc1-4339-8c51-521c3e78cd13;2025-02-13T13:16:00Z;94149;94102;94157;94100;873;
8f99f804-abc1-4339-8c51-521c3e78cd13;2025-02-13T13:17:00Z;94101;94077;94117;94058;1847;
8f99f804-abc1-4339-8c51-521c3e78cd13;2025-02-13T13:18:00Z;94078;94074;94119;94059;1140;
8f99f804-abc1-4339-8c51-521c3e78cd13;2025-02-13T13:19:00Z;94073;94113;94127;94062;739;
8f99f804-abc1-4339-8c51-521c3e78cd13;2025-02-13T13:20:00Z;94111;94102;94123;94079;833;
8f99f804-abc1-4339-8c51-521c3e78cd13;2025-02-13T13:21:00Z;94108;94126;94137;94088;1070;
8f99f804-abc1-4339-8c51-521c3e78cd13;2025-02-13T13:22:00Z;94126;94125;94133;94075;852;
8f99f804-abc1-4339-8c51-521c3e78cd13;2025-02-13T13:23:00Z;94124;94127;94145;94114;804;
8f99f804-abc1-4339-8c51-521c3e78cd13;2025-02-13T13:24:00Z;94130;94117;94140;94106;794;
8f99f804-abc1-4339-8c51-521c3e78cd13;2025-02-13T13:25:00Z;94117;94065;94185;94061;1951;
8f99f804-abc1-4339-8c51-521c3e78cd13;2025-02-13T13:26:00Z;94068;94083;94099;94064;778;
8f99f804-abc1-4339-8c51-521c3e78cd13;2025-02-13T13:27:00Z;94083;94088;94117;94062;739;
8f99f804-abc1-4339-8c51-521c3e78cd13;2025-02-13T13:28:00Z;94088;94100;94112;94067;922;
8f99f804-abc1-4339-8c51-521c3e78cd13;2025-02-13T13:29:00Z;94100;94094;94104;94076;809;
8f99f804-abc1-4339-8c51-521c3e78cd13;2025-02-13T13:30:00Z;94094;94067;94108;94050;1873;
8f99f804-abc1-4339-8c51-521c3e78cd13;2025-02-13T13:31:00Z;94064;93958;94064;93935;3485;
8f99f804-abc1-4339-8c51-521c3e78cd13;2025-02-13T13:32:00Z;93959;93829;93961;93804;2438;
8f99f804-abc1-4339-8c51-521c3e78cd13;2025-02-13T13:33:00Z;93831;93909;93988;93831;1238;
8f99f804-abc1-4339-8c51-521c3e78cd13;2025-02-13T13:34:00Z;93908;93961;93987;93904;1169;
8f99f804-abc1-4339-8c51-521c3e78cd13;2025-02-13T13:35:00Z;93960;93898;93969;93881;813;
8f99f804-abc1-4339-8c51-521c3e78cd13;2025-02-13T13:36:00Z;93907;93861;93910;93853;946;
8f99f804-abc1-4339-8c51-521c3e78cd13;2025-02-13T13:37:00Z;93861;93921;93945;93819;1486;
8f99f804-abc1-4339-8c51-521c3e78cd13;2025-02-13T13:38:00Z;93928;93893;93931;93883;511;
8f99f804-abc1-4339-8c51-521c3e78cd13;2025-02-13T13:39:00Z;93895;93881;93936;93875;1000;
8f99f804-abc1-4339-8c51-521c3e78cd13;2025-02-13T13:40:00Z;93879;93854;93886;93825;1785;
8f99f804-abc1-4339-8c51-521c3e78cd13;2025-02-13T13:41:00Z;93851;93914;93914;93847;1037;
8f99f804-abc1-4339-8c51-521c3e78cd13;2025-02-13T13:42:00Z;93920;93883;93941;93862;1299;
8f99f804-abc1-4339-8c51-521c3e78cd13;2025-02-13T13:43:00Z;93879;93820;93893;93820;985;
8f99f804-abc1-4339-8c51-521c3e78cd13;2025-02-13T13:44:00Z;93824;93830;93864;93804;1200;
8f99f804-abc1-4339-8c51-521c3e78cd13;2025-02-13T13:45:00Z;93832;93765;93858;93763;1466;
8f99f804-abc1-4339-8c51-521c3e78cd13;2025-02-13T13:46:00Z;93767;93757;93780;93736;1634;
8f99f804-abc1-4339-8c51-521c3e78cd13;2025-02-13T13:47:00Z;93757;93723;93757;93616;2321;
8f99f804-abc1-4339-8c51-521c3e78cd13;2025-02-13T13:48:00Z;93721;93673;93721;93510;2777;
8f99f804-abc1-4339-8c51-521c3e78cd13;2025-02-13T13:49:00Z;93667;93697;93711;93627;1310;
8f99f804-abc1-4339-8c51-521c3e78cd13;2025-02-13T13:50:00Z;93702;93692;93734;93684;1135;
8f99f804-abc1-4339-8c51-521c3e78cd13;2025-02-13T13:51:00Z;93699;93672;93727;93654;1017;
8f99f804-abc1-4339-8c51-521c3e78cd13;2025-02-13T13:52:00Z;93680;93673;93691;93658;529;
8f99f804-abc1-4339-8c51-521c3e78cd13;2025-02-13T13:53:00Z;93672;93674;93713;93662;573;
8f99f804-abc1-4339-8c51-521c3e78cd13;2025-02-13T13:54:00Z;93666;93616;93704;93583;1010;
8f99f804-abc1-4339-8c51-521c3e78cd13;2025-02-13T13:55:00Z;93616;93590;93616;93572;436;
8f99f804-abc1-4339-8c51-521c3e78cd13;2025-02-13T13:56:00Z;93592;93586;93596;93557;325;
8f99f804-abc1-4339-8c51-521c3e78cd13;2025-02-13T13:57:00Z;93583;93602;93608;93572;472;
8f99f804-abc1-4339-8c51-521c3e78cd13;2025-02-13T13:58:00Z;93602;93574;93609;93551;742;
8f99f804-abc1-4339-8c51-521c3e78cd13;2025-02-13T13:59:00Z;93572;93585;93627;93568;534;
8f99f804-abc1-4339-8c51-521c3e78cd13;2025-02-13T14:00:00Z;93588;93618;93618;93539;1131;
8f99f804-abc1-4339-8c51-521c3e78cd13;2025-02-13T14:01:00Z;93618;93658;93667;93598;686;
8f99f804-abc1-4339-8c51-521c3e78cd13;2025-02-13T14:02:00Z;93666;93580;93672;93572;574;
8f99f804-abc1-4339-8c51-521c3e78cd13;2025-02-13T14:03:00Z;93580;93658;93659;93578;648;
8f99f804-abc1-4339-8c51-521c3e78cd13;2025-02-13T14:04:00Z;93659;93679;93684;93641;567;
8f99f804-abc1-4339-8c51-521c3e78cd13;2025-02-13T14:05:00Z;93687;93670;93687;93664;375;
8f99f804-abc1-4339-8c51-521c3e78cd13;2025-02-13T14:06:00Z;93671;93703;93705;93652;1133;
8f99f804-abc1-4339-8c51-521c3e78cd13;2025-02-13T14:07:00Z;93700;93772;93838;93700;1423;
8f99f804-abc1-4339-8c51-521c3e78cd13;2025-02-13T14:08:00Z;93761;93849;93869;93752;966;
8f99f804-abc1-4339-8c51-521c3e78cd13;2025-02-13T14:09:00Z;93847;93880;93880;93834;560;
8f99f804-abc1-4339-8c51-521c3e78cd13;2025-02-13T14:10:00Z;93879;93905;93949;93879;794;
8f99f804-abc1-4339-8c51-521c3e78cd13;2025-02-13T14:11:00Z;93912;94034;94036;93905;2226;
8f99f804-abc1-4339-8c51-521c3e78cd13;2025-02-13T14:12:00Z;94033;94022;94044;94014;617;
8f99f804-abc1-4339-8c51-521c3e78cd13;2025-02-13T14:13:00Z;94023;93841;94028;93828;1840;
8f99f804-abc1-4339-8c51-521c3e78cd13;2025-02-13T14:14:00Z;93847;93960;93967;93833;977;
8f99f804-abc1-4339-8c51-521c3e78cd13;2025-02-13T14:15:00Z;93954;93923;93974;93921;771;
8f99f804-abc1-4339-8c51-521c3e78cd13;2025-02-13T14:16:00Z;93922;93945;93948;93922;488;
8f99f804-abc1-4339-8c51-521c3e78cd13;2025-02-13T14:17:00Z;93945;93939;93960;93920;572;
8f99f804-abc1-4339-8c51-521c3e78cd13;2025-02-13T14:18:00Z;93938;93953;93965;93938;398;
8f99f804-abc1-4339-8c51-521c3e78cd13;2025-02-13T14:19:00Z;93960;93938;93964;93933;275;
8f99f804-abc1-4339-8c51-521c3e78cd13;2025-02-13T14:20:00Z;93934;93921;93946;93914;403;
8f99f804-abc1-4339-8c51-521c3e78cd13;2025-02-13T14:21:00Z;93916;93923;93936;93901;407;
8f99f804-abc1-4339-8c51-521c3e78cd13;2025-02-13T14:22:00Z;93922;93861;93936;93850;588;
8f99f804-abc1-4339-8c51-521c3e78cd13;2025-02-13T14:23:00Z;93859;93811;93870;93810;920;
8f99f804-abc1-4339-8c51-521c3e78cd13;2025-02-13T14:24:00Z;93810;93808;93816;93790;374;
8f99f804-abc1-4339-8c51-521c3e78cd13;2025-02-13T14:25:00Z;93804;93877;93880;93793;653;
8f99f804-abc1-4339-8c51-521c3e78cd13;2025-02-13T14:26:00Z;93870;93799;93879;93793;566;
8f99f804-abc1-4339-8c51-521c3e78cd13;2025-02-13T14:27:00Z;93799;93787;93800;93777;554;
8f99f804-abc1-4339-8c51-521c3e78cd13;2025-02-13T14:28:00Z;93790;93799;93800;93780;450;
8f99f804-abc1-4339-8c51-521c3e78cd13;2025-02-13T14:29:00Z;93799;93914;93942;93791;1076;
8f99f804-abc1-4339-8c51-521c3e78cd13;2025-02-13T14:30:00Z;93931;93884;94000;93853;1091;
8f99f804-abc1-4339-8c51-521c3e78cd13;2025-02-13T14:31:00Z;93889;93884;93916;93847;472;
8f99f804-abc1-4339-8c51-521c3e78cd13;2025-02-13T14:32:00Z;93886;93903;93910;93884;184;
8f99f804-abc1-4339-8c51-521c3e78cd13;2025-02-13T14:33:00Z;93901;93933;93940;93877;587;
8f99f804-abc1-4339-8c51-521c3e78cd13;2025-02-13T14:34:00Z;93932;93909;93949;93879;499;
8f99f804-abc1-4339-8c51-521c3e78cd13;2025-02-13T14:35:00Z;93902;93852;93925;93852;575;
8f99f804-abc1-4339-8c51-521c3e78cd13;2025-02-13T14:36:00Z;93852;93829;93860;93820;509;
8f99f804-abc1-4339-8c51-521c3e78cd13;2025-02-13T14:37:00Z;93838;93785;93844;93785;556;
8f99f804-abc1-4339-8c51-521c3e78cd13;2025-02-13T14:38:00Z;93785;93833;93844;93762;533;
8f99f804-abc1-4339-8c51-521c3e78cd13;2025-02-13T14:39:00Z;93842;93726;93897;93726;950;
8f99f804-abc1-4339-8c51-521c3e78cd13;2025-02-13T14:40:00Z;93736;93823;93823;93723;838;
8f99f804-abc1-4339-8c51-521c3e78cd13;2025-02-13T14:41:00Z;93817;93823;93880;93811;483;
8f99f804-abc1-4339-8c51-521c3e78cd13;2025-02-13T14:42:00Z;93822;93835;93849;93805;239;
8f99f804-abc1-4339-8c51-521c3e78cd13;2025-02-13T14:43:00Z;93831;93729;93844;93729;730;
8f99f804-abc1-4339-8c51-521c3e78cd13;2025-02-13T14:44:00Z;93731;93786;93816;93722;783;
8f99f804-abc1-4339-8c51-521c3e78cd13;2025-02-13T14:45:00Z;93787;93748;93807;93726;327;
8f99f804-abc1-4339-8c51-521c3e78cd13;2025-02-13T14:46:00Z;93742;93684;93743;93666;2398;
8f99f804-abc1-4339-8c51-521c3e78cd13;2025-02-13T14:47:00Z;93689;93726;93776;93680;644;
8f99f804-abc1-4339-8c51-521c3e78cd13;2025-02-13T14:48:00Z;93735;93759;93760;93728;84;
8f99f804-abc1-4339-8c51-521c3e78cd13;2025-02-13T14:49:00Z;93764;93746;93814;93737;572;
8f99f804-abc1-4339-8c51-521c3e78cd13;2025-02-13T14:50:00Z;93753;93767;93782;93753;236;
8f99f804-abc1-4339-8c51-521c3e78cd13;2025-02-13T14:51:00Z;93767;93759;93770;93745;204;
8f99f804-abc1-4339-8c51-521c3e78cd13;2025-02-13T14:52:00Z;93760;93718;93761;93702;213;
8f99f804-abc1-4339-8c51-521c3e78cd13;2025-02-13T14:53:00Z;93714;93723;93732;93684;301;
8f99f804-abc1-4339-8c51-521c3e78cd13;2025-02-13T14:54:00Z;93715;93687;93716;93677;253;
8f99f804-abc1-4339-8c51-521c3e78cd13;2025-02-13T14:55:00Z;93687;93690;93698;93677;336;
8f99f804-abc1-4339-8c51-521c3e78cd13;2025-02-13T14:56:00Z;93675;93700;93736;93671;547;
8f99f804-abc1-4339-8c51-521c3e78cd13;2025-02-13T14:57:00Z;93721;93695;93730;93693;203;
8f99f804-abc1-4339-8c51-521c3e78cd13;2025-02-13T14:58:00Z;93694;93680;93696;93671;228;
8f99f804-abc1-4339-8c51-521c3e78cd13;2025-02-13T14:59:00Z;93680;93641;93689;93615;1372;
8f99f804-abc1-4339-8c51-521c3e78cd13;2025-02-13T15:00:00Z;93641;93648;93650;93622;595;
8f99f804-abc1-4339-8c51-521c3e78cd13;2025-02-13T15:01:00Z;93640;93647;93666;93634;361;
8f99f804-abc1-4339-8c51-521c3e78cd13;2025-02-13T15:02:00Z;93647;93646;93668;93645;428;
8f99f804-abc1-4339-8c51-521c3e78cd13;2025-02-13T15:03:00Z;93647;93622;93647;93611;583;
8f99f804-abc1-4339-8c51-521c3e78cd13;2025-02-13T15:04:00Z;93627;93612;93649;93611;401;
8f99f804-abc1-4339-8c51-521c3e78cd13;2025-02-13T15:05:00Z;93620;93598;93628;93582;1542;
8f99f804-abc1-4339-8c51-521c3e78cd13;2025-02-13T15:06:00Z;93598;93572;93618;93569;1662;
8f99f804-abc1-4339-8c51-521c3e78cd13;2025-02-13T15:07:00Z;93572;93432;93583;93431;3258;
8f99f804-abc1-4339-8c51-521c3e78cd13;2025-02-13T15:08:00Z;93431;93389;93472;93373;1689;
8f99f804-abc1-4339-8c51-521c3e78cd13;2025-02-13T15:09:00Z;93390;93482;93491;93384;1384;
8f99f804-abc1-4339-8c51-521c3e78cd13;2025-02-13T15:10:00Z;93488;93437;93489;93427;629;
8f99f804-abc1-4339-8c51-521c3e78cd13;2025-02-13T15:11:00Z;93439;93463;93489;93439;953;
8f99f804-abc1-4339-8c51-521c3e78cd13;2025-02-13T15:12:00Z;93458;93524;93529;93458;695;
8f99f804-abc1-4339-8c51-521c3e78cd13;2025-02-13T15:13:00Z;93525;93500;93531;93428;1678;
8f99f804-abc1-4339-8c51-521c3e78cd13;2025-02-13T15:14:00Z;93496;93479;93524;93479;676;
8f99f804-abc1-4339-8c51-521c3e78cd13;2025-02-13T15:15:00Z;93487;93524;93528;93470;730;
8f99f804-abc1-4339-8c51-521c3e78cd13;2025-02-13T15:16:00Z;93528;93540;93573;93515;1208;
8f99f804-abc1-4339-8c51-521c3e78cd13;2025-02-13T15:17:00Z;93543;93580;93583;93515;887;
8f99f804-abc1-4339-8c51-521c3e78cd13;2025-02-13T15:18:00Z;93575;93623;93637;93559;1385;
8f99f804-abc1-4339-8c51-521c3e78cd13;2025-02-13T15:19:00Z;93623;93647;93697;93621;1338;
8f99f804-abc1-4339-8c51-521c3e78cd13;2025-02-13T15:20:00Z;93647;93634;93660;93629;272;
8f99f804-abc1-4339-8c51-521c3e78cd13;2025-02-13T15:21:00Z;93630;93630;93645;93629;390;
8f99f804-abc1-4339-8c51-521c3e78cd13;2025-02-13T15:22:00Z;93630;93546;93637;93532;723;
8f99f804-abc1-4339-8c51-521c3e78cd13;2025-02-13T15:23:00Z;93546;93446;93546;93446;468;
8f99f804-abc1-4339-8c51-521c3e78cd13;2025-02-13T15:24:00Z;93452;93521;93526;93443;664;
8f99f804-abc1-4339-8c51-521c3e78cd13;2025-02-13T15:25:00Z;93511;93440;93523;93430;601;
8f99f804-abc1-4339-8c51-521c3e78cd13;2025-02-13T15:26:00Z;93441;93442;93481;93433;774;
8f99f804-abc1-4339-8c51-521c3e78cd13;2025-02-13T15:27:00Z;93452;93496;93565;93432;2333;
8f99f804-abc1-4339-8c51-521c3e78cd13;2025-02-13T15:28:00Z;93509;93508;93528;93496;517;
8f99f804-abc1-4339-8c51-521c3e78cd13;2025-02-13T15:29:00Z;93503;93483;93521;93464;1533;
8f99f804-abc1-4339-8c51-521c3e78cd13;2025-02-13T15:30:00Z;93489;93467;93540;93458;1974;
8f99f804-abc1-4339-8c51-521c3e78cd13;2025-02-13T15:31:00Z;93464;93450;93479;93424;1927;
8f99f804-abc1-4339-8c51-521c3e78cd13;2025-02-13T15:32:00Z;93450;93492;93496;93433;746;
8f99f804-abc1-4339-8c51-521c3e78cd13;2025-02-13T15:33:00Z;93480;93479;93498;93477;704;
8f99f804-abc1-4339-8c51-521c3e78cd13;2025-02-13T15:34:00Z;93479;93562;93568;93477;1723;
8f99f804-abc1-4339-8c51-521c3e78cd13;2025-02-13T15:35:00Z;93552;93532;93569;93510;881;
8f99f804-abc1-4339-8c51-521c3e78cd13;2025-02-13T15:36:00Z;93532;93579;93600;93532;1050;
8f99f804-abc1-4339-8c51-521c3e78cd13;2025-02-13T15:37:00Z;93569;93571;93590;93555;1023;
8f99f804-abc1-4339-8c51-521c3e78cd13;2025-02-13T15:38:00Z;93571;93625;93641;93565;1814;
8f99f804-abc1-4339-8c51-521c3e78cd13;2025-02-13T15:39:00Z;93639;93600;93641;93600;4345;
8f99f804-abc1-4339-8c51-521c3e78cd13;2025-02-13T15:40:00Z;93600;93600;93602;93600;2685;
8f99f804-abc1-4339-8c51-521c3e78cd13;2025-02-13T15:41:00Z;93600;93560;93602;93552;986;
8f99f804-abc1-4339-8c51-521c3e78cd13;2025-02-13T15:42:00Z;93572;93587;93600;93551;989;
8f99f804-abc1-4339-8c51-521c3e78cd13;2025-02-13T15:43:00Z;93588;93575;93588;93575;1078;
8f99f804-abc1-4339-8c51-521c3e78cd13;2025-02-13T15:44:00Z;93575;93600;93613;93575;1840;
8f99f804-abc1-4339-8c51-521c3e78cd13;2025-02-13T15:45:00Z;93600;93557;93601;93557;3709;
8f99f804-abc1-4339-8c51-521c3e78cd13;2025-02-13T15:46:00Z;93556;93576;93590;93548;579;
8f99f804-abc1-4339-8c51-521c3e78cd13;2025-02-13T15:47:00Z;93576;93575;93576;93563;516;
8f99f804-abc1-4339-8c51-521c3e78cd13;2025-02-13T15:48:00Z;93575;93543;93576;93543;827;
8f99f804-abc1-4339-8c51-521c3e78cd13;2025-02-13T15:49:00Z;93544;93466;93548;93466;2089;
8f99f804-abc1-4339-8c51-521c3e78cd13;2025-02-13T16:05:00Z;93600;93501;93600;93400;1410;
8f99f804-abc1-4339-8c51-521c3e78cd13;2025-02-13T16:06:00Z;93503;93463;93503;93444;579;
8f99f804-abc1-4339-8c51-521c3e78cd13;2025-02-13T16:07:00Z;93465;93403;93465;93402;508;
8f99f804-abc1-4339-8c51-521c3e78cd13;2025-02-13T16:08:00Z;93403;93295;93417;93252;2364;
8f99f804-abc1-4339-8c51-521c3e78cd13;2025-02-13T16:09:00Z;93295;93386;93418;93269;1475;
8f99f804-abc1-4339-8c51-521c3e78cd13;2025-02-13T16:10:00Z;93390;93279;93396;93266;1125;
8f99f804-abc1-4339-8c51-521c3e78cd13;2025-02-13T16:11:00Z;93267;93286;93315;93258;477;
8f99f804-abc1-4339-8c51-521c3e78cd13;2025-02-13T16:12:00Z;93281;93153;93286;93152;2360;
8f99f804-abc1-4339-8c51-521c3e78cd13;2025-02-13T16:13:00Z;93159;93254;93284;93129;1769;
8f99f804-abc1-4339-8c51-521c3e78cd13;2025-02-13T16:14:00Z;93249;93263;93291;93224;365;
8f99f804-abc1-4339-8c51-521c3e78cd13;2025-02-13T16:15:00Z;93261;93284;93337;93260;879;
8f99f804-abc1-4339-8c51-521c3e78cd13;2025-02-13T16:16:00Z;93296;93261;93301;93241;306;
8f99f804-abc1-4339-8c51-521c3e78cd13;2025-02-13T16:17:00Z;93245;93220;93261;93208;338;
8f99f804-abc1-4339-8c51-521c3e78cd13;2025-02-13T16:18:00Z;93219;93201;93233;93200;1385;
8f99f804-abc1-4339-8c51-521c3e78cd13;2025-02-13T16:19:00Z;93201;93285;93287;93201;671;
8f99f804-abc1-4339-8c51-521c3e78cd13;2025-02-13T16:20:00Z;93289;93290;93296;93280;178;
8f99f804-abc1-4339-8c51-521c3e78cd13;2025-02-13T16:21:00Z;93289;93226;93289;93207;754;
8f99f804-abc1-4339-8c51-521c3e78cd13;2025-02-13T16:22:00Z;93226;93229;93236;93200;702;
8f99f804-abc1-4339-8c51-521c3e78cd13;2025-02-13T16:23:00Z;93224;93200;93224;93200;294;
8f99f804-abc1-4339-8c51-521c3e78cd13;2025-02-13T16:24:00Z;93202;93200;93211;93200;769;
8f99f804-abc1-4339-8c51-521c3e78cd13;2025-02-13T16:25:00Z;93201;93217;93217;93200;337;
8f99f804-abc1-4339-8c51-521c3e78cd13;2025-02-13T16:26:00Z;93207;93214;93222;93207;59;
8f99f804-abc1-4339-8c51-521c3e78cd13;2025-02-13T16:27:00Z;93212;93214;93218;93208;126;
8f99f804-abc1-4339-8c51-521c3e78cd13;2025-02-13T16:28:00Z;93215;93200;93215;93200;511;
8f99f804-abc1-4339-8c51-521c3e78cd13;2025-02-13T16:29:00Z;93201;93211;93216;93200;959;
8f99f804-abc1-4339-8c51-521c3e78cd13;2025-02-13T16:30:00Z;93211;93201;93224;93200;637;
8f99f804-abc1-4339-8c51-521c3e78cd13;2025-02-13T16:31:00Z;93201;93201;93204;93200;163;
8f99f804-abc1-4339-8c51-521c3e78cd13;2025-02-13T16:32:00Z;93202;93167;93202;93150;619;
8f99f804-abc1-4339-8c51-521c3e78cd13;2025-02-13T16:33:00Z;93174;93162;93185;93127;1412;
8f99f804-abc1-4339-8c51-521c3e78cd13;2025-02-13T16:34:00Z;93163;93174;93174;93144;170;
8f99f804-abc1-4339-8c51-521c3e78cd13;2025-02-13T16:35:00Z;93176;93152;93184;93149;399;
8f99f804-abc1-4339-8c51-521c3e78cd13;2025-02-13T16:36:00Z;93152;93130;93154;93113;338;
8f99f804-abc1-4339-8c51-521c3e78cd13;2025-02-13T16:37:00Z;93133;93162;93198;93132;524;
8f99f804-abc1-4339-8c51-521c3e78cd13;2025-02-13T16:38:00Z;93170;93193;93193;93164;65;
8f99f804-abc1-4339-8c51-521c3e78cd13;2025-02-13T16:39:00Z;93194;93191;93210;93164;363;
8f99f804-abc1-4339-8c51-521c3e78cd13;2025-02-13T16:40:00Z;93197;93164;93199;93132;589;
8f99f804-abc1-4339-8c51-521c3e78cd13;2025-02-13T16:41:00Z;93165;93181;93204;93143;518;
8f99f804-abc1-4339-8c51-521c3e78cd13;2025-02-13T16:42:00Z;93185;93173;93209;93173;523;
8f99f804-abc1-4339-8c51-521c3e78cd13;2025-02-13T16:43:00Z;93187;93203;93204;93176;133;
8f99f804-abc1-4339-8c51-521c3e78cd13;2025-02-13T16:44:00Z;93205;93242;93250;93205;1027;
8f99f804-abc1-4339-8c51-521c3e78cd13;2025-02-13T16:45:00Z;93241;93227;93246;93217;236;
8f99f804-abc1-4339-8c51-521c3e78cd13;2025-02-13T16:46:00Z;93228;93239;93241;93220;131;
8f99f804-abc1-4339-8c51-521c3e78cd13;2025-02-13T16:47:00Z;93238;93240;93246;93228;86;
8f99f804-abc1-4339-8c51-521c3e78cd13;2025-02-13T16:48:00Z;93248;93257;93273;93228;369;
8f99f804-abc1-4339-8c51-521c3e78cd13;2025-02-13T16:49:00Z;93253;93234;93279;93231;303;
8f99f804-abc1-4339-8c51-521c3e78cd13;2025-02-13T16:50:00Z;93234;93230;93264;93230;150;
8f99f804-abc1-4339-8c51-521c3e78cd13;2025-02-13T16:51:00Z;93241;93256;93256;93228;120;
8f99f804-abc1-4339-8c51-521c3e78cd13;2025-02-13T16:52:00Z;93239;93222;93247;93222;108;
8f99f804-abc1-4339-8c51-521c3e78cd13;2025-02-13T16:53:00Z;93220;93146;93221;93126;773;
8f99f804-abc1-4339-8c51-521c3e78cd13;2025-02-13T16:54:00Z;93152;93184;93218;93133;344;
8f99f804-abc1-4339-8c51-521c3e78cd13;2025-02-13T16:55:00Z;93184;93210;93225;93181;158;
8f99f804-abc1-4339-8c51-521c3e78cd13;2025-02-13T16:56:00Z;93211;93127;93253;93126;1374;
8f99f804-abc1-4339-8c51-521c3e78cd13;2025-02-13T16:57:00Z;93127;93118;93135;93051;1152;
8f99f804-abc1-4339-8c51-521c3e78cd13;2025-02-13T16:58:00Z;93136;93100;93136;93061;627;
8f99f804-abc1-4339-8c51-521c3e78cd13;2025-02-13T16:59:00Z;93101;93112;93119;93086;221;
8f99f804-abc1-4339-8c51-521c3e78cd13;2025-02-13T17:00:00Z;93112;93123;93129;93085;177;
8f99f804-abc1-4339-8c51-521c3e78cd13;2025-02-13T17:01:00Z;93128;93155;93192;93128;431;
8f99f804-abc1-4339-8c51-521c3e78cd13;2025-02-13T17:02:00Z;93159;93176;93199;93157;226;
8f99f804-abc1-4339-8c51-521c3e78cd13;2025-02-13T17:03:00Z;93162;93132;93162;93113;187;
8f99f804-abc1-4339-8c51-521c3e78cd13;2025-02-13T17:04:00Z;93137;93170;93188;93137;280;
8f99f804-abc1-4339-8c51-521c3e78cd13;2025-02-13T17:05:00Z;93183;93210;93233;93165;550;
8f99f804-abc1-4339-8c51-521c3e78cd13;2025-02-13T17:06:00Z;93211;93186;93211;93185;185;
8f99f804-abc1-4339-8c51-521c3e78cd13;2025-02-13T17:07:00Z;93202;93190;93203;93184;63;
8f99f804-abc1-4339-8c51-521c3e78cd13;2025-02-13T17:08:00Z;93195;93187;93195;93177;56;
8f99f804-abc1-4339-8c51-521c3e78cd13;2025-02-13T17:09:00Z;93193;93219;93250;93193;460;
8f99f804-abc1-4339-8c51-521c3e78cd13;2025-02-13T17:10:00Z;93219;93284;93285;93214;457;
8f99f804-abc1-4339-8c51-521c3e78cd13;2025-02-13T17:11:00Z;93283;93256;93284;93250;180;
8f99f804-abc1-4339-8c51-521c3e78cd13;2025-02-13T17:12:00Z;93265;93341;93341;93255;359;
8f99f804-abc1-4339-8c51-521c3e78cd13;2025-02-13T17:13:00Z;93339;93293;93342;93279;222;
8f99f804-abc1-4339-8c51-521c3e78cd13;2025-02-13T17:14:00Z;93282;93297;93298;93270;241;
8f99f804-abc1-4339-8c51-521c3e78cd13;2025-02-13T17:15:00Z;93286;93297;93302;93278;173;
8f99f804-abc1-4339-8c51-521c3e78cd13;2025-02-13T17:16:00Z;93301;93300;93332;93300;227;
8f99f804-abc1-4339-8c51-521c3e78cd13;2025-02-13T17:17:00Z;93302;93282;93302;93282;100;
8f99f804-abc1-4339-8c51-521c3e78cd13;2025-02-13T17:18:00Z;93282;93256;93290;93240;253;
8f99f804-abc1-4339-8c51-521c3e78cd13;2025-02-13T17:19:00Z;93256;93275;93277;93243;78;
8f99f804-abc1-4339-8c51-521c3e78cd13;2025-02-13T17:20:00Z;93278;93219;93278;93212;123;
8f99f804-abc1-4339-8c51-521c3e78cd13;2025-02-13T17:21:00Z;93217;93224;93228;93202;89;
8f99f804-abc1-4339-8c51-521c3e78cd13;2025-02-13T17:22:00Z;93224;93262;93273;93224;230;
8f99f804-abc1-4339-8c51-521c3e78cd13;2025-02-13T17:23:00Z;93264;93254;93270;93239;165;
8f99f804-abc1-4339-8c51-521c3e78cd13;2025-02-13T17:24:00Z;93247;93245;93261;93244;40;
8f99f804-abc1-4339-8c51-521c3e78cd13;2025-02-13T17:25:00Z;93250;93362;93362;93244;326;
8f99f804-abc1-4339-8c51-521c3e78cd13;2025-02-13T17:26:00Z;93362;93332;93363;93310;99;
8f99f804-abc1-4339-8c51-521c3e78cd13;2025-02-13T17:27:00Z;93340;93355;93377;93329;250;
8f99f804-abc1-4339-8c51-521c3e78cd13;2025-02-13T17:28:00Z;93355;93367;93377;93351;162;
8f99f804-abc1-4339-8c51-521c3e78cd13;2025-02-13T17:29:00Z;93352;93405;93406;93352;195;
8f99f804-abc1-4339-8c51-521c3e78cd13;2025-02-13T17:30:00Z;93405;93386;93427;93386;194;
8f99f804-abc1-4339-8c51-521c3e78cd13;2025-02-13T17:31:00Z;93409;93414;93424;93409;228;
8f99f804-abc1-4339-8c51-521c3e78cd13;2025-02-13T17:32:00Z;93414;93441;93456;93414;522;
8f99f804-abc1-4339-8c51-521c3e78cd13;2025-02-13T17:33:00Z;93441;93425;93453;93425;130;
8f99f804-abc1-4339-8c51-521c3e78cd13;2025-02-13T17:34:00Z;93445;93456;93483;93430;265;
8f99f804-abc1-4339-8c51-521c3e78cd13;2025-02-13T17:35:00Z;93461;93464;93485;93461;143;
8f99f804-abc1-4339-8c51-521c3e78cd13;2025-02-13T17:36:00Z;93463;93494;93494;93463;265;
8f99f804-abc1-4339-8c51-521c3e78cd13;2025-02-13T17:37:00Z;93490;93445;93498;93431;265;
8f99f804-abc1-4339-8c51-521c3e78cd13;2025-02-13T17:38:00Z;93448;93447;93449;93420;160;
8f99f804-abc1-4339-8c51-521c3e78cd13;2025-02-13T17:39:00Z;93449;93447;93463;93441;122;
8f99f804-abc1-4339-8c51-521c3e78cd13;2025-02-13T17:40:00Z;93462;93477;93487;93462;164;
8f99f804-abc1-4339-8c51-521c3e78cd13;2025-02-13T17:41:00Z;93476;93484;93490;93475;15;
8f99f804-abc1-4339-8c51-521c3e78cd13;2025-02-13T17:42:00Z;93486;93493;93493;93484;126;
8f99f804-abc1-4339-8c51-521c3e78cd13;2025-02-13T17:43:00Z;93490;93383;93491;93383;420;
8f99f804-abc1-4339-8c51-521c3e78cd13;2025-02-13T17:44:00Z;93383;93333;93390;93289;452;
8f99f804-abc1-4339-8c51-521c3e78cd13;2025-02-13T17:45:00Z;93340;93342;93344;93335;25;
8f99f804-abc1-4339-8c51-521c3e78cd13;2025-02-13T17:46:00Z;93342;93335;93360;93335;52;
8f99f804-abc1-4339-8c51-521c3e78cd13;2025-02-13T17:47:00Z;93328;93323;93333;93312;75;
8f99f804-abc1-4339-8c51-521c3e78cd13;2025-02-13T17:48:00Z;93316;93288;93316;93281;184;
8f99f804-abc1-4339-8c51-521c3e78cd13;2025-02-13T17:49:00Z;93280;93330;93333;93279;290;
8f99f804-abc1-4339-8c51-521c3e78cd13;2025-02-13T17:50:00Z;93331;93348;93351;93318;211;
8f99f804-abc1-4339-8c51-521c3e78cd13;2025-02-13T17:51:00Z;93341;93354;93355;93334;73;
8f99f804-abc1-4339-8c51-521c3e78cd13;2025-02-13T17:52:00Z;93356;93362;93368;93355;60;
8f99f804-abc1-4339-8c51-521c3e78cd13;2025-02-13T17:53:00Z;93368;93436;93437;93368;264;
8f99f804-abc1-4339-8c51-521c3e78cd13;2025-02-13T17:54:00Z;93436;93433;93436;93426;57;
8f99f804-abc1-4339-8c51-521c3e78cd13;2025-02-13T17:55:00Z;93430;93457;93461;93430;92;
8f99f804-abc1-4339-8c51-521c3e78cd13;2025-02-13T17:56:00Z;93457;93442;93460;93439;36;
8f99f804-abc1-4339-8c51-521c3e78cd13;2025-02-13T17:57:00Z;93449;93470;93486;93449;118;
8f99f804-abc1-4339-8c51-521c3e78cd13;2025-02-13T17:58:00Z;93468;93471;93486;93467;86;
8f99f804-abc1-4339-8c51-521c3e78cd13;2025-02-13T17:59:00Z;93471;93479;93482;93452;113;
8f99f804-abc1-4339-8c51-521c3e78cd13;2025-02-13T18:00:00Z;93472;93460;93482;93460;65;
8f99f804-abc1-4339-8c51-521c3e78cd13;2025-02-13T18:01:00Z;93460;93427;93464;93426;242;
8f99f804-abc1-4339-8c51-521c3e78cd13;2025-02-13T18:02:00Z;93430;93454;93454;93429;46;
8f99f804-abc1-4339-8c51-521c3e78cd13;2025-02-13T18:03:00Z;93452;93406;93455;93401;241;
8f99f804-abc1-4339-8c51-521c3e78cd13;2025-02-13T18:04:00Z;93401;93405;93407;93401;90;
8f99f804-abc1-4339-8c51-521c3e78cd13;2025-02-13T18:05:00Z;93405;93438;93449;93404;122;
8f99f804-abc1-4339-8c51-521c3e78cd13;2025-02-13T18:06:00Z;93416;93457;93457;93409;114;
8f99f804-abc1-4339-8c51-521c3e78cd13;2025-02-13T18:07:00Z;93457;93474;93474;93437;199;
8f99f804-abc1-4339-8c51-521c3e78cd13;2025-02-13T18:08:00Z;93479;93470;93498;93459;354;
8f99f804-abc1-4339-8c51-521c3e78cd13;2025-02-13T18:09:00Z;93482;93571;93572;93480;600;
8f99f804-abc1-4339-8c51-521c3e78cd13;2025-02-13T18:10:00Z;93554;93531;93569;93515;213;
8f99f804-abc1-4339-8c51-521c3e78cd13;2025-02-13T18:11:00Z;93515;93515;93532;93512;34;
8f99f804-abc1-4339-8c51-521c3e78cd13;2025-02-13T18:12:00Z;93516;93479;93516;93467;237;
8f99f804-abc1-4339-8c51-521c3e78cd13;2025-02-13T18:13:00Z;93479;93473;93479;93466;27;
8f99f804-abc1-4339-8c51-521c3e78cd13;2025-02-13T18:14:00Z;93473;93403;93473;93388;293;
8f99f804-abc1-4339-8c51-521c3e78cd13;2025-02-13T18:15:00Z;93405;93314;93417;93301;672;
8f99f804-abc1-4339-8c51-521c3e78cd13;2025-02-13T18:16:00Z;93319;93301;93330;93301;255;
8f99f804-abc1-4339-8c51-521c3e78cd13;2025-02-13T18:17:00Z;93306;93316;93325;93301;92;
8f99f804-abc1-4339-8c51-521c3e78cd13;2025-02-13T18:18:00Z;93313;93326;93334;93313;39;
8f99f804-abc1-4339-8c51-521c3e78cd13;2025-02-13T18:19:00Z;93326;93355;93374;93326;128;
8f99f804-abc1-4339-8c51-521c3e78cd13;2025-02-13T18:20:00Z;93338;93354;93354;93338;40;
8f99f804-abc1-4339-8c51-521c3e78cd13;2025-02-13T18:21:00Z;93360;93449;93449;93349;440;
8f99f804-abc1-4339-8c51-521c3e78cd13;2025-02-13T18:22:00Z;93438;93529;93547;93438;690;
8f99f804-abc1-4339-8c51-521c3e78cd13;2025-02-13T18:23:00Z;93511;93474;93517;93472;119;
8f99f804-abc1-4339-8c51-521c3e78cd13;2025-02-13T18:24:00Z;93475;93424;93479;93408;188;
8f99f804-abc1-4339-8c51-521c3e78cd13;2025-02-13T18:25:00Z;93423;93355;93423;93335;397;
8f99f804-abc1-4339-8c51-521c3e78cd13;2025-02-13T18:26:00Z;93350;93332;93350;93322;174;
8f99f804-abc1-4339-8c51-521c3e78cd13;2025-02-13T18:27:00Z;93325;93305;93327;93303;244;
8f99f804-abc1-4339-8c51-521c3e78cd13;2025-02-13T18:28:00Z;93304;93302;93320;93281;312;
8f99f804-abc1-4339-8c51-521c3e78cd13;2025-02-13T18:29:00Z;93299;93302;93309;93281;123;
8f99f804-abc1-4339-8c51-521c3e78cd13;2025-02-13T18:30:00Z;93291;93248;93303;93201;920;
8f99f804-abc1-4339-8c51-521c3e78cd13;2025-02-13T18:31:00Z;93255;93290;93290;93230;102;
8f99f804-abc1-4339-8c51-521c3e78cd13;2025-02-13T18:32:00Z;93286;93279;93286;93252;157;
8f99f804-abc1-4339-8c51-521c3e78cd13;2025-02-13T18:33:00Z;93280;93238;93283;93230;315;
8f99f804-abc1-4339-8c51-521c3e78cd13;2025-02-13T18:34:00Z;93238;93222;93279;93177;592;
8f99f804-abc1-4339-8c51-521c3e78cd13;2025-02-13T18:35:00Z;93231;93213;93251;93150;1283;
8f99f804-abc1-4339-8c51-521c3e78cd13;2025-02-13T18:36:00Z;93207;93211;93264;93207;171;
8f99f804-abc1-4339-8c51-521c3e78cd13;2025-02-13T18:37:00Z;93228;93254;93254;93207;213;
8f99f804-abc1-4339-8c51-521c3e78cd13;2025-02-13T18:38:00Z;93245;93244;93248;93234;14;
8f99f804-abc1-4339-8c51-521c3e78cd13;2025-02-13T18:39:00Z;93234;93231;93250;93207;170;
8f99f804-abc1-4339-8c51-521c3e78cd13;2025-02-13T18:40:00Z;93241;93248;93252;93219;173;
8f99f804-abc1-4339-8c51-521c3e78cd13;2025-02-13T18:41:00Z;93245;93286;93294;93232;465;
8f99f804-abc1-4339-8c51-521c3e78cd13;2025-02-13T18:42:00Z;93283;93290;93361;93268;735;
8f99f804-abc1-4339-8c51-521c3e78cd13;2025-02-13T18:43:00Z;93286;93333;93349;93275;294;
8f99f804-abc1-4339-8c51-521c3e78cd13;2025-02-13T18:44:00Z;93347;93340;93349;93334;64;
8f99f804-abc1-4339-8c51-521c3e78cd13;2025-02-13T18:45:00Z;93340;93319;93344;93319;87;
8f99f804-abc1-4339-8c51-521c3e78cd13;2025-02-13T18:46:00Z;93303;93281;93303;93281;32;
8f99f804-abc1-4339-8c51-521c3e78cd13;2025-02-13T18:47:00Z;93281;93335;93335;93281;110;
8f99f804-abc1-4339-8c51-521c3e78cd13;2025-02-13T18:48:00Z;93328;93304;93332;93304;83;
8f99f804-abc1-4339-8c51-521c3e78cd13;2025-02-13T18:49:00Z;93319;93319;93320;93317;15;
8f99f804-abc1-4339-8c51-521c3e78cd13;2025-02-13T18:50:00Z;93319;93352;93361;93319;179;
8f99f804-abc1-4339-8c51-521c3e78cd13;2025-02-13T18:51:00Z;93353;93369;93380;93332;464;
8f99f804-abc1-4339-8c51-521c3e78cd13;2025-02-13T18:52:00Z;93356;93385;93385;93344;210;
8f99f804-abc1-4339-8c51-521c3e78cd13;2025-02-13T18:53:00Z;93377;93372;93386;93356;75;
8f99f804-abc1-4339-8c51-521c3e78cd13;2025-02-13T18:54:00Z;93371;93361;93377;93356;64;
8f99f804-abc1-4339-8c51-521c3e78cd13;2025-02-13T18:55:00Z;93355;93353;93368;93340;104;
8f99f804-abc1-4339-8c51-521c3e78cd13;2025-02-13T18:56:00Z;93350;93363;93372;93349;51;
8f99f804-abc1-4339-8c51-521c3e78cd13;2025-02-13T18:57:00Z;93366;93387;93387;93366;72;
8f99f804-abc1-4339-8c51-521c3e78cd13;2025-02-13T18:58:00Z;93380;93390;93396;93377;153;
8f99f804-abc1-4339-8c51-521c3e78cd13;2025-02-13T18:59:00Z;93394;93376;93397;93374;64;
8f99f804-abc1-4339-8c51-521c3e78cd13;2025-02-13T19:00:00Z;93383;93391;93391;93383;54;
8f99f804-abc1-4339-8c51-521c3e78cd13;2025-02-13T19:01:00Z;93396;93384;93396;93384;75;
8f99f804-abc1-4339-8c51-521c3e78cd13;2025-02-13T19:02:00Z;93385;93392;93392;93384;66;
8f99f804-abc1-4339-8c51-521c3e78cd13;2025-02-13T19:03:00Z;93389;93379;93393;93379;73;
8f99f804-abc1-4339-8c51-521c3e78cd13;2025-02-13T19:04:00Z;93380;93372;93432;93346;983;
8f99f804-abc1-4339-8c51-521c3e78cd13;2025-02-13T19:05:00Z;93375;93377;93395;93375;51;
8f99f804-abc1-4339-8c51-521c3e78cd13;2025-02-13T19:06:00Z;93377;93335;93377;93321;164;
8f99f804-abc1-4339-8c51-521c3e78cd13;2025-02-13T19:07:00Z;93335;93353;93363;93320;290;
8f99f804-abc1-4339-8c51-521c3e78cd13;2025-02-13T19:08:00Z;93352;93353;93355;93352;45;
8f99f804-abc1-4339-8c51-521c3e78cd13;2025-02-13T19:09:00Z;93356;93349;93356;93349;41;
8f99f804-abc1-4339-8c51-521c3e78cd13;2025-02-13T19:10:00Z;93358;93359;93359;93351;17;
8f99f804-abc1-4339-8c51-521c3e78cd13;2025-02-13T19:11:00Z;93353;93348;93370;93348;110;
8f99f804-abc1-4339-8c51-521c3e78cd13;2025-02-13T19:12:00Z;93349;93368;93370;93349;32;
8f99f804-abc1-4339-8c51-521c3e78cd13;2025-02-13T19:13:00Z;93364;93360;93365;93335;129;
8f99f804-abc1-4339-8c51-521c3e78cd13;2025-02-13T19:14:00Z;93359;93360;93360;93348;46;
8f99f804-abc1-4339-8c51-521c3e78cd13;2025-02-13T19:15:00Z;93350;93363;93365;93349;53;
8f99f804-abc1-4339-8c51-521c3e78cd13;2025-02-13T19:16:00Z;93362;93356;93363;93354;53;
8f99f804-abc1-4339-8c51-521c3e78cd13;2025-02-13T19:17:00Z;93356;93355;93363;93354;107;
8f99f804-abc1-4339-8c51-521c3e78cd13;2025-02-13T19:18:00Z;93355;93355;93359;93350;16;
8f99f804-abc1-4339-8c51-521c3e78cd13;2025-02-13T19:19:00Z;93355;93322;93355;93321;281;
8f99f804-abc1-4339-8c51-521c3e78cd13;2025-02-13T19:20:00Z;93321;93315;93322;93315;198;
8f99f804-abc1-4339-8c51-521c3e78cd13;2025-02-13T19:21:00Z;93311;93323;93329;93302;69;
8f99f804-abc1-4339-8c51-521c3e78cd13;2025-02-13T19:22:00Z;93322;93321;93322;93321;45;
8f99f804-abc1-4339-8c51-521c3e78cd13;2025-02-13T19:23:00Z;93315;93317;93325;93301;71;
8f99f804-abc1-4339-8c51-521c3e78cd13;2025-02-13T19:24:00Z;93317;93294;93324;93271;185;
8f99f804-abc1-4339-8c51-521c3e78cd13;2025-02-13T19:25:00Z;93293;93296;93299;93280;62;
8f99f804-abc1-4339-8c51-521c3e78cd13;2025-02-13T19:26:00Z;93285;93294;93300;93262;182;
8f99f804-abc1-4339-8c51-521c3e78cd13;2025-02-13T19:27:00Z;93300;93293;93300;93293;12;
8f99f804-abc1-4339-8c51-521c3e78cd13;2025-02-13T19:28:00Z;93293;93290;93293;93282;23;
8f99f804-abc1-4339-8c51-521c3e78cd13;2025-02-13T19:29:00Z;93297;93314;93320;93273;146;
8f99f804-abc1-4339-8c51-521c3e78cd13;2025-02-13T19:30:00Z;93323;93318;93332;93313;64;
8f99f804-abc1-4339-8c51-521c3e78cd13;2025-02-13T19:31:00Z;93318;93314;93328;93314;58;
8f99f804-abc1-4339-8c51-521c3e78cd13;2025-02-13T19:32:00Z;93319;93315;93323;93313;69;
8f99f804-abc1-4339-8c51-521c3e78cd13;2025-02-13T19:33:00Z;93315;93301;93320;93301;83;
8f99f804-abc1-4339-8c51-521c3e78cd13;2025-02-13T19:34:00Z;93301;93277;93302;93277;84;
8f99f804-abc1-4339-8c51-521c3e78cd13;2025-02-13T19:35:00Z;93295;93299;93299;93280;52;
8f99f804-abc1-4339-8c51-521c3e78cd13;2025-02-13T19:36:00Z;93298;93284;93299;93284;42;
8f99f804-abc1-4339-8c51-521c3e78cd13;2025-02-13T19:37:00Z;93296;93284;93296;93283;21;
8f99f804-abc1-4339-8c51-521c3e78cd13;2025-02-13T19:38:00Z;93285;93283;93287;93283;20;
8f99f804-abc1-4339-8c51-521c3e78cd13;2025-02-13T19:39:00Z;93284;93276;93284;93276;18;
8f99f804-abc1-4339-8c51-521c3e78cd13;2025-02-13T19:40:00Z;93276;93271;93276;93266;60;
8f99f804-abc1-4339-8c51-521c3e78cd13;2025-02-13T19:41:00Z;93272;93266;93273;93266;9;
8f99f804-abc1-4339-8c51-521c3e78cd13;2025-02-13T19:42:00Z;93268;93246;93268;93243;66;
8f99f804-abc1-4339-8c51-521c3e78cd13;2025-02-13T19:43:00Z;93251;93248;93251;93234;36;
8f99f804-abc1-4339-8c51-521c3e78cd13;2025-02-13T19:44:00Z;93240;93272;93272;93231;119;
8f99f804-abc1-4339-8c51-521c3e78cd13;2025-02-13T19:45:00Z;93271;93295;93310;93271;204;
8f99f804-abc1-4339-8c51-521c3e78cd13;2025-02-13T19:46:00Z;93300;93292;93300;93292;4;
8f99f804-abc1-4339-8c51-521c3e78cd13;2025-02-13T19:47:00Z;93293;93284;93300;93281;38;
8f99f804-abc1-4339-8c51-521c3e78cd13;2025-02-13T19:48:00Z;93291;93291;93304;93291;30;
8f99f804-abc1-4339-8c51-521c3e78cd13;2025-02-13T19:49:00Z;93293;93303;93324;93293;58;
8f99f804-abc1-4339-8c51-521c3e78cd13;2025-02-13T19:50:00Z;93291;93292;93314;93290;14;
8f99f804-abc1-4339-8c51-521c3e78cd13;2025-02-13T19:51:00Z;93298;93280;93299;93177;562;
8f99f804-abc1-4339-8c51-521c3e78cd13;2025-02-13T19:52:00Z;93280;93280;93311;93279;128;
8f99f804-abc1-4339-8c51-521c3e78cd13;2025-02-13T19:53:00Z;93279;93295;93309;93278;107;
8f99f804-abc1-4339-8c51-521c3e78cd13;2025-02-13T19:54:00Z;93299;93279;93299;93279;28;
8f99f804-abc1-4339-8c51-521c3e78cd13;2025-02-13T19:55:00Z;93282;93276;93283;93276;62;
8f99f804-abc1-4339-8c51-521c3e78cd13;2025-02-13T19:56:00Z;93279;93219;93279;93213;247;
8f99f804-abc1-4339-8c51-521c3e78cd13;2025-02-13T19:57:00Z;93224;93221;93244;93221;80;
8f99f804-abc1-4339-8c51-521c3e78cd13;2025-02-13T19:58:00Z;93222;93236;93241;93221;12;
8f99f804-abc1-4339-8c51-521c3e78cd13;2025-02-13T19:59:00Z;93236;93249;93249;93214;116;
8f99f804-abc1-4339-8c51-521c3e78cd13;2025-02-13T20:00:00Z;93246;93257;93260;93226;261;
8f99f804-abc1-4339-8c51-521c3e78cd13;2025-02-13T20:01:00Z;93256;93274;93277;93248;356;
8f99f804-abc1-4339-8c51-521c3e78cd13;2025-02-13T20:02:00Z;93274;93226;93274;93226;101;
8f99f804-abc1-4339-8c51-521c3e78cd13;2025-02-13T20:03:00Z;93226;93190;93226;93165;456;
8f99f804-abc1-4339-8c51-521c3e78cd13;2025-02-13T20:04:00Z;93183;93165;93184;93165;109;
8f99f804-abc1-4339-8c51-521c3e78cd13;2025-02-13T20:05:00Z;93165;93192;93192;93165;56;
8f99f804-abc1-4339-8c51-521c3e78cd13;2025-02-13T20:06:00Z;93191;93183;93198;93183;45;
8f99f804-abc1-4339-8c51-521c3e78cd13;2025-02-13T20:07:00Z;93193;93183;93198;93183;38;
8f99f804-abc1-4339-8c51-521c3e78cd13;2025-02-13T20:08:00Z;93181;93166;93182;93164;94;
8f99f804-abc1-4339-8c51-521c3e78cd13;2025-02-13T20:09:00Z;93165;93153;93170;93150;663;
8f99f804-abc1-4339-8c51-521c3e78cd13;2025-02-13T20:10:00Z;93151;93176;93185;93151;86;
8f99f804-abc1-4339-8c51-521c3e78cd13;2025-02-13T20:11:00Z;93177;93150;93178;93150;73;
8f99f804-abc1-4339-8c51-521c3e78cd13;2025-02-13T20:12:00Z;93150;93146;93151;93141;183;
8f99f804-abc1-4339-8c51-521c3e78cd13;2025-02-13T20:13:00Z;93147;93151;93152;93141;115;
8f99f804-abc1-4339-8c51-521c3e78cd13;2025-02-13T20:14:00Z;93151;93135;93151;93135;111;
8f99f804-abc1-4339-8c51-521c3e78cd13;2025-02-13T20:15:00Z;93146;93142;93149;93120;200;
8f99f804-abc1-4339-8c51-521c3e78cd13;2025-02-13T20:16:00Z;93134;93130;93134;93130;69;
8f99f804-abc1-4339-8c51-521c3e78cd13;2025-02-13T20:17:00Z;93129;93120;93131;93115;139;
8f99f804-abc1-4339-8c51-521c3e78cd13;2025-02-13T20:18:00Z;93120;93115;93132;93115;49;
8f99f804-abc1-4339-8c51-521c3e78cd13;2025-02-13T20:19:00Z;93119;93114;93119;93054;713;
8f99f804-abc1-4339-8c51-521c3e78cd13;2025-02-13T20:20:00Z;93108;93088;93108;93087;159;
8f99f804-abc1-4339-8c51-521c3e78cd13;2025-02-13T20:21:00Z;93090;93088;93090;93088;36;
8f99f804-abc1-4339-8c51-521c3e78cd13;2025-02-13T20:22:00Z;93089;93081;93093;93081;91;
8f99f804-abc1-4339-8c51-521c3e78cd13;2025-02-13T20:23:00Z;93081;93082;93082;93068;150;
8f99f804-abc1-4339-8c51-521c3e78cd13;2025-02-13T20:24:00Z;93090;93124;93124;93090;169;
8f99f804-abc1-4339-8c51-521c3e78cd13;2025-02-13T20:25:00Z;93128;93146;93146;93128;159;
8f99f804-abc1-4339-8c51-521c3e78cd13;2025-02-13T20:26:00Z;93145;93125;93145;93109;117;
8f99f804-abc1-4339-8c51-521c3e78cd13;2025-02-13T20:27:00Z;93108;93084;93128;93084;91;
8f99f804-abc1-4339-8c51-521c3e78cd13;2025-02-13T20:28:00Z;93101;93090;93102;93084;63;
8f99f804-abc1-4339-8c51-521c3e78cd13;2025-02-13T20:29:00Z;93085;93080;93085;93067;105;
8f99f804-abc1-4339-8c51-521c3e78cd13;2025-02-13T20:30:00Z;93079;93059;93089;93059;228;
8f99f804-abc1-4339-8c51-521c3e78cd13;2025-02-13T20:31:00Z;93059;92990;93071;92949;1971;
8f99f804-abc1-4339-8c51-521c3e78cd13;2025-02-13T20:32:00Z;92984;93001;93029;92933;1354;
8f99f804-abc1-4339-8c51-521c3e78cd13;2025-02-13T20:33:00Z;93000;93009;93025;92972;609;
8f99f804-abc1-4339-8c51-521c3e78cd13;2025-02-13T20:34:00Z;93011;93012;93068;93011;396;
8f99f804-abc1-4339-8c51-521c3e78cd13;2025-02-13T20:35:00Z;93043;93048;93048;93024;23;
8f99f804-abc1-4339-8c51-521c3e78cd13;2025-02-13T20:36:00Z;93048;93050;93063;93013;123;
8f99f804-abc1-4339-8c51-521c3e78cd13;2025-02-13T20:37:00Z;93033;93066;93074;93033;144;
8f99f804-abc1-4339-8c51-521c3e78cd13;2025-02-13T20:38:00Z;93066;93022;93066;93022;132;
8f99f804-abc1-4339-8c51-521c3e78cd13;2025-02-13T20:39:00Z;93035;92985;93036;92936;1133;
8f99f804-abc1-4339-8c51-521c3e78cd13;2025-02-13T20:40:00Z;92985;92983;92985;92937;102;
8f99f804-abc1-4339-8c51-521c3e78cd13;2025-02-13T20:41:00Z;92975;92973;92995;92973;132;
8f99f804-abc1-4339-8c51-521c3e78cd13;2025-02-13T20:42:00Z;92973;92977;92989;92957;139;
8f99f804-abc1-4339-8c51-521c3e78cd13;2025-02-13T20:43:00Z;92967;92979;92988;92959;67;
8f99f804-abc1-4339-8c51-521c3e78cd13;2025-02-13T20:44:00Z;92974;92931;92994;92930;607;
8f99f804-abc1-4339-8c51-521c3e78cd13;2025-02-13T20:45:00Z;92962;92919;92979;92900;541;
8f99f804-abc1-4339-8c51-521c3e78cd13;2025-02-13T20:46:00Z;92919;92917;92936;92900;209;
8f99f804-abc1-4339-8c51-521c3e78cd13;2025-02-13T20:47:00Z;92904;92864;92904;92851;644;
8f99f804-abc1-4339-8c51-521c3e78cd13;2025-02-13T20:48:00Z;92864;92864;92869;92796;642;
8f99f804-abc1-4339-8c51-521c3e78cd13;2025-02-13T20:49:00Z;92858;92882;92882;92789;573;
