b08e6267-d353-4686-8518-96968b09cdff;2025-02-28T05:59:00Z;3.907;3.907;3.924;3.907;746;
b08e6267-d353-4686-8518-96968b09cdff;2025-02-28T06:00:00Z;3.906;3.912;3.912;3.903;6897;
b08e6267-d353-4686-8518-96968b09cdff;2025-02-28T06:01:00Z;3.911;3.916;3.919;3.911;4045;
b08e6267-d353-4686-8518-96968b09cdff;2025-02-28T06:02:00Z;3.917;3.921;3.921;3.916;3172;
b08e6267-d353-4686-8518-96968b09cdff;2025-02-28T06:03:00Z;3.921;3.92;3.924;3.92;4661;
b08e6267-d353-4686-8518-96968b09cdff;2025-02-28T06:04:00Z;3.92;3.919;3.922;3.917;2117;
b08e6267-d353-4686-8518-96968b09cdff;2025-02-28T06:05:00Z;3.918;3.913;3.919;3.912;3387;
b08e6267-d353-4686-8518-96968b09cdff;2025-02-28T06:06:00Z;3.913;3.915;3.916;3.912;1082;
b08e6267-d353-4686-8518-96968b09cdff;2025-02-28T06:07:00Z;3.916;3.92;3.92;3.915;1698;
b08e6267-d353-4686-8518-96968b09cdff;2025-02-28T06:08:00Z;3.919;3.92;3.92;3.919;461;
b08e6267-d353-4686-8518-96968b09cdff;2025-02-28T06:09:00Z;3.919;3.921;3.921;3.919;1087;
b08e6267-d353-4686-8518-96968b09cdff;2025-02-28T06:10:00Z;3.921;3.919;3.921;3.918;859;
b08e6267-d353-4686-8518-96968b09cdff;2025-02-28T06:11:00Z;3.919;3.921;3.921;3.919;760;
b08e6267-d353-4686-8518-96968b09cdff;2025-02-28T06:12:00Z;3.921;3.922;3.923;3.92;1122;
b08e6267-d353-4686-8518-96968b09cdff;2025-02-28T06:13:00Z;3.922;3.926;3.926;3.921;2192;
b08e6267-d353-4686-8518-96968b09cdff;2025-02-28T06:14:00Z;3.925;3.923;3.925;3.922;892;
b08e6267-d353-4686-8518-96968b09cdff;2025-02-28T06:15:00Z;3.923;3.922;3.924;3.922;279;
b08e6267-d353-4686-8518-96968b09cdff;2025-02-28T06:16:00Z;3.923;3.92;3.926;3.92;1312;
b08e6267-d353-4686-8518-96968b09cdff;2025-02-28T06:17:00Z;3.92;3.921;3.921;3.92;131;
b08e6267-d353-4686-8518-96968b09cdff;2025-02-28T06:18:00Z;3.921;3.919;3.921;3.918;183;
b08e6267-d353-4686-8518-96968b09cdff;2025-02-28T06:19:00Z;3.919;3.92;3.92;3.918;702;
b08e6267-d353-4686-8518-96968b09cdff;2025-02-28T06:20:00Z;3.92;3.919;3.92;3.919;53;
b08e6267-d353-4686-8518-96968b09cdff;2025-02-28T06:21:00Z;3.92;3.921;3.922;3.92;308;
b08e6267-d353-4686-8518-96968b09cdff;2025-02-28T06:22:00Z;3.921;3.921;3.922;3.921;227;
b08e6267-d353-4686-8518-96968b09cdff;2025-02-28T06:23:00Z;3.922;3.925;3.925;3.922;788;
b08e6267-d353-4686-8518-96968b09cdff;2025-02-28T06:24:00Z;3.923;3.925;3.925;3.923;214;
b08e6267-d353-4686-8518-96968b09cdff;2025-02-28T06:25:00Z;3.924;3.924;3.925;3.924;289;
b08e6267-d353-4686-8518-96968b09cdff;2025-02-28T06:26:00Z;3.924;3.925;3.925;3.923;192;
b08e6267-d353-4686-8518-96968b09cdff;2025-02-28T06:27:00Z;3.925;3.926;3.926;3.924;459;
b08e6267-d353-4686-8518-96968b09cdff;2025-02-28T06:28:00Z;3.926;3.926;3.926;3.925;666;
b08e6267-d353-4686-8518-96968b09cdff;2025-02-28T06:29:00Z;3.926;3.925;3.926;3.925;54;
b08e6267-d353-4686-8518-96968b09cdff;2025-02-28T06:30:00Z;3.926;3.917;3.926;3.916;1425;
b08e6267-d353-4686-8518-96968b09cdff;2025-02-28T06:31:00Z;3.917;3.915;3.92;3.913;1968;
b08e6267-d353-4686-8518-96968b09cdff;2025-02-28T06:32:00Z;3.915;3.918;3.919;3.914;1354;
b08e6267-d353-4686-8518-96968b09cdff;2025-02-28T06:33:00Z;3.918;3.921;3.921;3.918;1249;
b08e6267-d353-4686-8518-96968b09cdff;2025-02-28T06:34:00Z;3.921;3.921;3.921;3.92;899;
b08e6267-d353-4686-8518-96968b09cdff;2025-02-28T06:35:00Z;3.921;3.92;3.921;3.919;855;
b08e6267-d353-4686-8518-96968b09cdff;2025-02-28T06:36:00Z;3.921;3.921;3.921;3.92;58;
b08e6267-d353-4686-8518-96968b09cdff;2025-02-28T06:37:00Z;3.921;3.917;3.921;3.917;574;
b08e6267-d353-4686-8518-96968b09cdff;2025-02-28T06:38:00Z;3.918;3.919;3.92;3.917;548;
b08e6267-d353-4686-8518-96968b09cdff;2025-02-28T06:39:00Z;3.92;3.92;3.921;3.919;250;
b08e6267-d353-4686-8518-96968b09cdff;2025-02-28T06:40:00Z;3.921;3.921;3.921;3.92;84;
b08e6267-d353-4686-8518-96968b09cdff;2025-02-28T06:41:00Z;3.921;3.921;3.923;3.92;235;
b08e6267-d353-4686-8518-96968b09cdff;2025-02-28T06:42:00Z;3.921;3.919;3.921;3.919;292;
b08e6267-d353-4686-8518-96968b09cdff;2025-02-28T06:43:00Z;3.92;3.923;3.926;3.919;1307;
b08e6267-d353-4686-8518-96968b09cdff;2025-02-28T06:44:00Z;3.923;3.925;3.925;3.923;187;
b08e6267-d353-4686-8518-96968b09cdff;2025-02-28T06:45:00Z;3.925;3.925;3.926;3.924;813;
b08e6267-d353-4686-8518-96968b09cdff;2025-02-28T06:46:00Z;3.926;3.926;3.926;3.924;354;
b08e6267-d353-4686-8518-96968b09cdff;2025-02-28T06:47:00Z;3.925;3.926;3.926;3.924;61;
b08e6267-d353-4686-8518-96968b09cdff;2025-02-28T06:48:00Z;3.925;3.925;3.926;3.925;218;
b08e6267-d353-4686-8518-96968b09cdff;2025-02-28T06:49:00Z;3.925;3.924;3.926;3.924;317;
b08e6267-d353-4686-8518-96968b09cdff;2025-02-28T06:50:00Z;3.925;3.925;3.925;3.924;207;
b08e6267-d353-4686-8518-96968b09cdff;2025-02-28T06:51:00Z;3.924;3.925;3.925;3.923;125;
b08e6267-d353-4686-8518-96968b09cdff;2025-02-28T06:52:00Z;3.924;3.923;3.924;3.923;51;
b08e6267-d353-4686-8518-96968b09cdff;2025-02-28T06:53:00Z;3.924;3.923;3.925;3.922;131;
b08e6267-d353-4686-8518-96968b09cdff;2025-02-28T06:54:00Z;3.922;3.923;3.924;3.922;253;
b08e6267-d353-4686-8518-96968b09cdff;2025-02-28T06:55:00Z;3.923;3.924;3.924;3.923;114;
b08e6267-d353-4686-8518-96968b09cdff;2025-02-28T06:56:00Z;3.924;3.924;3.924;3.923;113;
b08e6267-d353-4686-8518-96968b09cdff;2025-02-28T06:57:00Z;3.924;3.922;3.924;3.922;164;
b08e6267-d353-4686-8518-96968b09cdff;2025-02-28T06:58:00Z;3.922;3.923;3.923;3.922;106;
b08e6267-d353-4686-8518-96968b09cdff;2025-02-28T06:59:00Z;3.923;3.923;3.924;3.921;511;
b08e6267-d353-4686-8518-96968b09cdff;2025-02-28T07:00:00Z;3.924;3.927;3.928;3.924;1293;
b08e6267-d353-4686-8518-96968b09cdff;2025-02-28T07:01:00Z;3.927;3.931;3.933;3.926;1356;
b08e6267-d353-4686-8518-96968b09cdff;2025-02-28T07:02:00Z;3.932;3.933;3.934;3.931;1073;
b08e6267-d353-4686-8518-96968b09cdff;2025-02-28T07:03:00Z;3.933;3.934;3.934;3.932;927;
b08e6267-d353-4686-8518-96968b09cdff;2025-02-28T07:04:00Z;3.934;3.935;3.935;3.933;964;
b08e6267-d353-4686-8518-96968b09cdff;2025-02-28T07:05:00Z;3.935;3.933;3.936;3.933;901;
b08e6267-d353-4686-8518-96968b09cdff;2025-02-28T07:06:00Z;3.933;3.934;3.935;3.933;237;
b08e6267-d353-4686-8518-96968b09cdff;2025-02-28T07:07:00Z;3.934;3.934;3.935;3.934;441;
b08e6267-d353-4686-8518-96968b09cdff;2025-02-28T07:08:00Z;3.935;3.932;3.935;3.932;941;
b08e6267-d353-4686-8518-96968b09cdff;2025-02-28T07:09:00Z;3.932;3.931;3.933;3.931;500;
b08e6267-d353-4686-8518-96968b09cdff;2025-02-28T07:10:00Z;3.931;3.932;3.938;3.93;1964;
b08e6267-d353-4686-8518-96968b09cdff;2025-02-28T07:11:00Z;3.933;3.931;3.933;3.93;368;
b08e6267-d353-4686-8518-96968b09cdff;2025-02-28T07:12:00Z;3.93;3.931;3.932;3.93;298;
b08e6267-d353-4686-8518-96968b09cdff;2025-02-28T07:13:00Z;3.931;3.935;3.935;3.931;290;
b08e6267-d353-4686-8518-96968b09cdff;2025-02-28T07:14:00Z;3.934;3.939;3.941;3.934;1255;
b08e6267-d353-4686-8518-96968b09cdff;2025-02-28T07:15:00Z;3.94;3.941;3.942;3.938;2131;
b08e6267-d353-4686-8518-96968b09cdff;2025-02-28T07:16:00Z;3.941;3.938;3.941;3.938;847;
b08e6267-d353-4686-8518-96968b09cdff;2025-02-28T07:17:00Z;3.938;3.939;3.941;3.937;441;
b08e6267-d353-4686-8518-96968b09cdff;2025-02-28T07:18:00Z;3.94;3.942;3.943;3.938;2686;
b08e6267-d353-4686-8518-96968b09cdff;2025-02-28T07:19:00Z;3.942;3.942;3.942;3.94;808;
b08e6267-d353-4686-8518-96968b09cdff;2025-02-28T07:20:00Z;3.94;3.939;3.942;3.939;329;
b08e6267-d353-4686-8518-96968b09cdff;2025-02-28T07:21:00Z;3.94;3.939;3.94;3.938;553;
b08e6267-d353-4686-8518-96968b09cdff;2025-02-28T07:22:00Z;3.938;3.938;3.939;3.938;235;
b08e6267-d353-4686-8518-96968b09cdff;2025-02-28T07:23:00Z;3.938;3.941;3.944;3.938;1098;
b08e6267-d353-4686-8518-96968b09cdff;2025-02-28T07:24:00Z;3.941;3.941;3.942;3.939;390;
b08e6267-d353-4686-8518-96968b09cdff;2025-02-28T07:25:00Z;3.941;3.939;3.942;3.939;744;
b08e6267-d353-4686-8518-96968b09cdff;2025-02-28T07:26:00Z;3.939;3.933;3.939;3.932;1136;
b08e6267-d353-4686-8518-96968b09cdff;2025-02-28T07:27:00Z;3.933;3.932;3.934;3.931;1106;
b08e6267-d353-4686-8518-96968b09cdff;2025-02-28T07:28:00Z;3.933;3.929;3.933;3.929;2261;
b08e6267-d353-4686-8518-96968b09cdff;2025-02-28T07:29:00Z;3.929;3.928;3.93;3.927;997;
b08e6267-d353-4686-8518-96968b09cdff;2025-02-28T07:30:00Z;3.93;3.932;3.932;3.928;1237;
b08e6267-d353-4686-8518-96968b09cdff;2025-02-28T07:31:00Z;3.933;3.933;3.933;3.932;305;
b08e6267-d353-4686-8518-96968b09cdff;2025-02-28T07:32:00Z;3.933;3.932;3.933;3.932;51;
b08e6267-d353-4686-8518-96968b09cdff;2025-02-28T07:33:00Z;3.933;3.923;3.933;3.921;2298;
b08e6267-d353-4686-8518-96968b09cdff;2025-02-28T07:34:00Z;3.923;3.925;3.925;3.923;437;
b08e6267-d353-4686-8518-96968b09cdff;2025-02-28T07:35:00Z;3.925;3.926;3.926;3.924;407;
b08e6267-d353-4686-8518-96968b09cdff;2025-02-28T07:36:00Z;3.926;3.926;3.928;3.925;190;
b08e6267-d353-4686-8518-96968b09cdff;2025-02-28T07:37:00Z;3.927;3.927;3.927;3.926;138;
b08e6267-d353-4686-8518-96968b09cdff;2025-02-28T07:38:00Z;3.926;3.926;3.926;3.924;216;
b08e6267-d353-4686-8518-96968b09cdff;2025-02-28T07:39:00Z;3.926;3.924;3.927;3.924;336;
b08e6267-d353-4686-8518-96968b09cdff;2025-02-28T07:40:00Z;3.924;3.923;3.924;3.923;163;
b08e6267-d353-4686-8518-96968b09cdff;2025-02-28T07:41:00Z;3.923;3.927;3.927;3.923;251;
b08e6267-d353-4686-8518-96968b09cdff;2025-02-28T07:42:00Z;3.927;3.929;3.929;3.926;174;
b08e6267-d353-4686-8518-96968b09cdff;2025-02-28T07:43:00Z;3.929;3.926;3.929;3.924;295;
b08e6267-d353-4686-8518-96968b09cdff;2025-02-28T07:44:00Z;3.926;3.925;3.926;3.924;78;
b08e6267-d353-4686-8518-96968b09cdff;2025-02-28T07:45:00Z;3.924;3.929;3.929;3.924;186;
b08e6267-d353-4686-8518-96968b09cdff;2025-02-28T07:46:00Z;3.928;3.929;3.929;3.928;52;
b08e6267-d353-4686-8518-96968b09cdff;2025-02-28T07:47:00Z;3.929;3.93;3.93;3.928;192;
b08e6267-d353-4686-8518-96968b09cdff;2025-02-28T07:48:00Z;3.93;3.929;3.931;3.927;683;
b08e6267-d353-4686-8518-96968b09cdff;2025-02-28T07:49:00Z;3.929;3.931;3.931;3.928;289;
b08e6267-d353-4686-8518-96968b09cdff;2025-02-28T07:50:00Z;3.931;3.933;3.933;3.931;256;
b08e6267-d353-4686-8518-96968b09cdff;2025-02-28T07:51:00Z;3.933;3.934;3.934;3.932;361;
b08e6267-d353-4686-8518-96968b09cdff;2025-02-28T07:52:00Z;3.934;3.934;3.937;3.933;396;
b08e6267-d353-4686-8518-96968b09cdff;2025-02-28T07:53:00Z;3.935;3.934;3.936;3.934;153;
b08e6267-d353-4686-8518-96968b09cdff;2025-02-28T07:54:00Z;3.935;3.935;3.936;3.934;194;
b08e6267-d353-4686-8518-96968b09cdff;2025-02-28T07:55:00Z;3.934;3.929;3.935;3.928;511;
b08e6267-d353-4686-8518-96968b09cdff;2025-02-28T07:56:00Z;3.929;3.928;3.93;3.928;539;
b08e6267-d353-4686-8518-96968b09cdff;2025-02-28T07:57:00Z;3.929;3.929;3.929;3.927;836;
b08e6267-d353-4686-8518-96968b09cdff;2025-02-28T07:58:00Z;3.93;3.93;3.931;3.929;95;
b08e6267-d353-4686-8518-96968b09cdff;2025-02-28T07:59:00Z;3.93;3.93;3.933;3.93;388;
b08e6267-d353-4686-8518-96968b09cdff;2025-02-28T08:00:00Z;3.931;3.934;3.937;3.931;1186;
b08e6267-d353-4686-8518-96968b09cdff;2025-02-28T08:01:00Z;3.935;3.931;3.935;3.93;1133;
b08e6267-d353-4686-8518-96968b09cdff;2025-02-28T08:02:00Z;3.932;3.933;3.933;3.931;344;
b08e6267-d353-4686-8518-96968b09cdff;2025-02-28T08:03:00Z;3.933;3.936;3.936;3.932;148;
b08e6267-d353-4686-8518-96968b09cdff;2025-02-28T08:04:00Z;3.935;3.938;3.938;3.935;543;
b08e6267-d353-4686-8518-96968b09cdff;2025-02-28T08:05:00Z;3.938;3.937;3.94;3.937;530;
b08e6267-d353-4686-8518-96968b09cdff;2025-02-28T08:06:00Z;3.937;3.939;3.939;3.937;446;
b08e6267-d353-4686-8518-96968b09cdff;2025-02-28T08:07:00Z;3.939;3.936;3.939;3.936;283;
b08e6267-d353-4686-8518-96968b09cdff;2025-02-28T08:08:00Z;3.937;3.938;3.938;3.935;306;
b08e6267-d353-4686-8518-96968b09cdff;2025-02-28T08:09:00Z;3.937;3.937;3.939;3.937;249;
b08e6267-d353-4686-8518-96968b09cdff;2025-02-28T08:10:00Z;3.938;3.938;3.94;3.937;301;
b08e6267-d353-4686-8518-96968b09cdff;2025-02-28T08:11:00Z;3.939;3.942;3.942;3.938;862;
b08e6267-d353-4686-8518-96968b09cdff;2025-02-28T08:12:00Z;3.941;3.942;3.947;3.94;2275;
b08e6267-d353-4686-8518-96968b09cdff;2025-02-28T08:13:00Z;3.941;3.938;3.941;3.937;809;
b08e6267-d353-4686-8518-96968b09cdff;2025-02-28T08:14:00Z;3.938;3.939;3.939;3.938;194;
b08e6267-d353-4686-8518-96968b09cdff;2025-02-28T08:15:00Z;3.938;3.937;3.94;3.937;51;
b08e6267-d353-4686-8518-96968b09cdff;2025-02-28T08:16:00Z;3.937;3.941;3.941;3.937;418;
b08e6267-d353-4686-8518-96968b09cdff;2025-02-28T08:17:00Z;3.941;3.94;3.941;3.939;148;
b08e6267-d353-4686-8518-96968b09cdff;2025-02-28T08:18:00Z;3.94;3.94;3.94;3.939;147;
b08e6267-d353-4686-8518-96968b09cdff;2025-02-28T08:19:00Z;3.939;3.939;3.94;3.939;163;
b08e6267-d353-4686-8518-96968b09cdff;2025-02-28T08:20:00Z;3.94;3.94;3.94;3.939;526;
b08e6267-d353-4686-8518-96968b09cdff;2025-02-28T08:21:00Z;3.94;3.942;3.942;3.94;318;
b08e6267-d353-4686-8518-96968b09cdff;2025-02-28T08:22:00Z;3.942;3.941;3.942;3.941;136;
b08e6267-d353-4686-8518-96968b09cdff;2025-02-28T08:23:00Z;3.942;3.943;3.943;3.939;630;
b08e6267-d353-4686-8518-96968b09cdff;2025-02-28T08:24:00Z;3.942;3.936;3.943;3.935;1029;
b08e6267-d353-4686-8518-96968b09cdff;2025-02-28T08:25:00Z;3.936;3.938;3.941;3.936;577;
b08e6267-d353-4686-8518-96968b09cdff;2025-02-28T08:26:00Z;3.939;3.941;3.943;3.938;1323;
b08e6267-d353-4686-8518-96968b09cdff;2025-02-28T08:27:00Z;3.94;3.94;3.941;3.939;521;
b08e6267-d353-4686-8518-96968b09cdff;2025-02-28T08:28:00Z;3.941;3.939;3.941;3.939;69;
b08e6267-d353-4686-8518-96968b09cdff;2025-02-28T08:29:00Z;3.94;3.939;3.94;3.939;346;
b08e6267-d353-4686-8518-96968b09cdff;2025-02-28T08:30:00Z;3.94;3.941;3.941;3.94;89;
b08e6267-d353-4686-8518-96968b09cdff;2025-02-28T08:31:00Z;3.94;3.941;3.941;3.94;91;
b08e6267-d353-4686-8518-96968b09cdff;2025-02-28T08:32:00Z;3.94;3.935;3.94;3.933;1046;
b08e6267-d353-4686-8518-96968b09cdff;2025-02-28T08:33:00Z;3.935;3.935;3.937;3.935;337;
b08e6267-d353-4686-8518-96968b09cdff;2025-02-28T08:34:00Z;3.935;3.934;3.936;3.934;165;
b08e6267-d353-4686-8518-96968b09cdff;2025-02-28T08:35:00Z;3.934;3.939;3.939;3.934;295;
b08e6267-d353-4686-8518-96968b09cdff;2025-02-28T08:36:00Z;3.938;3.938;3.939;3.937;320;
b08e6267-d353-4686-8518-96968b09cdff;2025-02-28T08:37:00Z;3.938;3.936;3.939;3.936;122;
b08e6267-d353-4686-8518-96968b09cdff;2025-02-28T08:38:00Z;3.935;3.934;3.935;3.934;273;
b08e6267-d353-4686-8518-96968b09cdff;2025-02-28T08:39:00Z;3.934;3.935;3.935;3.934;203;
b08e6267-d353-4686-8518-96968b09cdff;2025-02-28T08:40:00Z;3.934;3.936;3.936;3.934;495;
b08e6267-d353-4686-8518-96968b09cdff;2025-02-28T08:41:00Z;3.935;3.931;3.935;3.931;715;
b08e6267-d353-4686-8518-96968b09cdff;2025-02-28T08:42:00Z;3.931;3.932;3.932;3.928;1160;
b08e6267-d353-4686-8518-96968b09cdff;2025-02-28T08:43:00Z;3.933;3.933;3.933;3.931;182;
b08e6267-d353-4686-8518-96968b09cdff;2025-02-28T08:44:00Z;3.932;3.931;3.932;3.931;156;
b08e6267-d353-4686-8518-96968b09cdff;2025-02-28T08:45:00Z;3.931;3.932;3.933;3.931;269;
b08e6267-d353-4686-8518-96968b09cdff;2025-02-28T08:46:00Z;3.933;3.936;3.936;3.932;304;
b08e6267-d353-4686-8518-96968b09cdff;2025-02-28T08:47:00Z;3.937;3.937;3.939;3.936;416;
b08e6267-d353-4686-8518-96968b09cdff;2025-02-28T08:48:00Z;3.938;3.935;3.938;3.933;139;
b08e6267-d353-4686-8518-96968b09cdff;2025-02-28T08:49:00Z;3.933;3.932;3.935;3.932;228;
b08e6267-d353-4686-8518-96968b09cdff;2025-02-28T08:50:00Z;3.932;3.933;3.933;3.931;449;
b08e6267-d353-4686-8518-96968b09cdff;2025-02-28T08:51:00Z;3.933;3.934;3.935;3.933;184;
b08e6267-d353-4686-8518-96968b09cdff;2025-02-28T08:52:00Z;3.934;3.935;3.937;3.934;230;
b08e6267-d353-4686-8518-96968b09cdff;2025-02-28T08:53:00Z;3.935;3.936;3.936;3.933;203;
b08e6267-d353-4686-8518-96968b09cdff;2025-02-28T08:54:00Z;3.935;3.931;3.937;3.93;257;
b08e6267-d353-4686-8518-96968b09cdff;2025-02-28T08:55:00Z;3.932;3.932;3.933;3.931;242;
b08e6267-d353-4686-8518-96968b09cdff;2025-02-28T08:56:00Z;3.933;3.931;3.933;3.931;183;
b08e6267-d353-4686-8518-96968b09cdff;2025-02-28T08:57:00Z;3.931;3.93;3.932;3.93;196;
b08e6267-d353-4686-8518-96968b09cdff;2025-02-28T08:58:00Z;3.931;3.929;3.932;3.929;186;
b08e6267-d353-4686-8518-96968b09cdff;2025-02-28T08:59:00Z;3.929;3.93;3.931;3.929;138;
b08e6267-d353-4686-8518-96968b09cdff;2025-02-28T09:00:00Z;3.931;3.934;3.936;3.931;2324;
b08e6267-d353-4686-8518-96968b09cdff;2025-02-28T09:01:00Z;3.935;3.934;3.936;3.933;104;
b08e6267-d353-4686-8518-96968b09cdff;2025-02-28T09:02:00Z;3.934;3.932;3.936;3.932;584;
b08e6267-d353-4686-8518-96968b09cdff;2025-02-28T09:03:00Z;3.932;3.934;3.934;3.93;197;
b08e6267-d353-4686-8518-96968b09cdff;2025-02-28T09:04:00Z;3.933;3.934;3.935;3.933;87;
b08e6267-d353-4686-8518-96968b09cdff;2025-02-28T09:05:00Z;3.934;3.937;3.938;3.934;143;
b08e6267-d353-4686-8518-96968b09cdff;2025-02-28T09:06:00Z;3.936;3.938;3.938;3.936;98;
b08e6267-d353-4686-8518-96968b09cdff;2025-02-28T09:07:00Z;3.939;3.939;3.939;3.939;142;
b08e6267-d353-4686-8518-96968b09cdff;2025-02-28T09:08:00Z;3.939;3.934;3.939;3.934;428;
b08e6267-d353-4686-8518-96968b09cdff;2025-02-28T09:09:00Z;3.935;3.934;3.935;3.933;86;
b08e6267-d353-4686-8518-96968b09cdff;2025-02-28T09:10:00Z;3.934;3.935;3.936;3.933;166;
b08e6267-d353-4686-8518-96968b09cdff;2025-02-28T09:11:00Z;3.934;3.933;3.934;3.933;48;
b08e6267-d353-4686-8518-96968b09cdff;2025-02-28T09:12:00Z;3.933;3.934;3.934;3.932;141;
b08e6267-d353-4686-8518-96968b09cdff;2025-02-28T09:13:00Z;3.933;3.932;3.934;3.932;121;
b08e6267-d353-4686-8518-96968b09cdff;2025-02-28T09:14:00Z;3.933;3.932;3.933;3.932;132;
b08e6267-d353-4686-8518-96968b09cdff;2025-02-28T09:15:00Z;3.932;3.935;3.935;3.932;235;
b08e6267-d353-4686-8518-96968b09cdff;2025-02-28T09:16:00Z;3.935;3.934;3.936;3.934;91;
b08e6267-d353-4686-8518-96968b09cdff;2025-02-28T09:17:00Z;3.933;3.937;3.937;3.933;158;
b08e6267-d353-4686-8518-96968b09cdff;2025-02-28T09:18:00Z;3.936;3.936;3.938;3.935;295;
b08e6267-d353-4686-8518-96968b09cdff;2025-02-28T09:19:00Z;3.936;3.937;3.937;3.935;31;
b08e6267-d353-4686-8518-96968b09cdff;2025-02-28T09:20:00Z;3.937;3.937;3.938;3.936;108;
b08e6267-d353-4686-8518-96968b09cdff;2025-02-28T09:21:00Z;3.937;3.937;3.938;3.936;234;
b08e6267-d353-4686-8518-96968b09cdff;2025-02-28T09:22:00Z;3.937;3.935;3.938;3.935;251;
b08e6267-d353-4686-8518-96968b09cdff;2025-02-28T09:23:00Z;3.936;3.936;3.936;3.935;21;
b08e6267-d353-4686-8518-96968b09cdff;2025-02-28T09:24:00Z;3.936;3.937;3.937;3.932;513;
b08e6267-d353-4686-8518-96968b09cdff;2025-02-28T09:25:00Z;3.936;3.937;3.938;3.936;161;
b08e6267-d353-4686-8518-96968b09cdff;2025-02-28T09:26:00Z;3.936;3.937;3.937;3.936;106;
b08e6267-d353-4686-8518-96968b09cdff;2025-02-28T09:27:00Z;3.937;3.936;3.938;3.936;166;
b08e6267-d353-4686-8518-96968b09cdff;2025-02-28T09:28:00Z;3.936;3.94;3.94;3.936;1155;
b08e6267-d353-4686-8518-96968b09cdff;2025-02-28T09:29:00Z;3.939;3.939;3.941;3.939;363;
b08e6267-d353-4686-8518-96968b09cdff;2025-02-28T09:30:00Z;3.938;3.939;3.939;3.937;290;
b08e6267-d353-4686-8518-96968b09cdff;2025-02-28T09:31:00Z;3.939;3.935;3.942;3.935;714;
b08e6267-d353-4686-8518-96968b09cdff;2025-02-28T09:32:00Z;3.934;3.934;3.936;3.933;287;
b08e6267-d353-4686-8518-96968b09cdff;2025-02-28T09:33:00Z;3.934;3.936;3.936;3.934;165;
b08e6267-d353-4686-8518-96968b09cdff;2025-02-28T09:34:00Z;3.936;3.936;3.937;3.934;162;
b08e6267-d353-4686-8518-96968b09cdff;2025-02-28T09:35:00Z;3.936;3.937;3.937;3.935;111;
b08e6267-d353-4686-8518-96968b09cdff;2025-02-28T09:36:00Z;3.936;3.935;3.94;3.934;312;
b08e6267-d353-4686-8518-96968b09cdff;2025-02-28T09:37:00Z;3.934;3.934;3.935;3.933;196;
b08e6267-d353-4686-8518-96968b09cdff;2025-02-28T09:38:00Z;3.935;3.932;3.935;3.931;422;
b08e6267-d353-4686-8518-96968b09cdff;2025-02-28T09:39:00Z;3.932;3.93;3.933;3.93;594;
b08e6267-d353-4686-8518-96968b09cdff;2025-02-28T09:40:00Z;3.931;3.932;3.932;3.931;183;
b08e6267-d353-4686-8518-96968b09cdff;2025-02-28T09:41:00Z;3.932;3.932;3.932;3.931;89;
b08e6267-d353-4686-8518-96968b09cdff;2025-02-28T09:42:00Z;3.931;3.929;3.931;3.926;1363;
b08e6267-d353-4686-8518-96968b09cdff;2025-02-28T09:43:00Z;3.927;3.926;3.928;3.926;146;
b08e6267-d353-4686-8518-96968b09cdff;2025-02-28T09:44:00Z;3.926;3.927;3.929;3.926;443;
b08e6267-d353-4686-8518-96968b09cdff;2025-02-28T09:45:00Z;3.927;3.93;3.93;3.927;225;
b08e6267-d353-4686-8518-96968b09cdff;2025-02-28T09:46:00Z;3.929;3.928;3.93;3.927;249;
b08e6267-d353-4686-8518-96968b09cdff;2025-02-28T09:47:00Z;3.927;3.925;3.928;3.925;578;
b08e6267-d353-4686-8518-96968b09cdff;2025-02-28T09:48:00Z;3.925;3.923;3.925;3.923;1352;
b08e6267-d353-4686-8518-96968b09cdff;2025-02-28T09:49:00Z;3.924;3.924;3.924;3.922;663;
b08e6267-d353-4686-8518-96968b09cdff;2025-02-28T09:50:00Z;3.923;3.924;3.925;3.923;366;
b08e6267-d353-4686-8518-96968b09cdff;2025-02-28T09:51:00Z;3.924;3.923;3.925;3.923;416;
b08e6267-d353-4686-8518-96968b09cdff;2025-02-28T09:52:00Z;3.923;3.925;3.925;3.923;155;
b08e6267-d353-4686-8518-96968b09cdff;2025-02-28T09:53:00Z;3.925;3.925;3.925;3.924;289;
b08e6267-d353-4686-8518-96968b09cdff;2025-02-28T09:54:00Z;3.925;3.924;3.925;3.924;152;
b08e6267-d353-4686-8518-96968b09cdff;2025-02-28T09:55:00Z;3.924;3.924;3.925;3.923;213;
b08e6267-d353-4686-8518-96968b09cdff;2025-02-28T09:56:00Z;3.923;3.924;3.925;3.923;445;
b08e6267-d353-4686-8518-96968b09cdff;2025-02-28T09:57:00Z;3.925;3.928;3.929;3.925;545;
b08e6267-d353-4686-8518-96968b09cdff;2025-02-28T09:58:00Z;3.928;3.928;3.928;3.927;185;
b08e6267-d353-4686-8518-96968b09cdff;2025-02-28T09:59:00Z;3.927;3.927;3.928;3.927;134;
b08e6267-d353-4686-8518-96968b09cdff;2025-02-28T10:00:00Z;3.927;3.923;3.927;3.923;508;
b08e6267-d353-4686-8518-96968b09cdff;2025-02-28T10:01:00Z;3.923;3.922;3.925;3.921;1338;
b08e6267-d353-4686-8518-96968b09cdff;2025-02-28T10:02:00Z;3.922;3.924;3.925;3.921;369;
b08e6267-d353-4686-8518-96968b09cdff;2025-02-28T10:03:00Z;3.923;3.922;3.924;3.922;189;
b08e6267-d353-4686-8518-96968b09cdff;2025-02-28T10:04:00Z;3.923;3.924;3.925;3.921;561;
b08e6267-d353-4686-8518-96968b09cdff;2025-02-28T10:05:00Z;3.925;3.926;3.926;3.923;414;
b08e6267-d353-4686-8518-96968b09cdff;2025-02-28T10:06:00Z;3.926;3.925;3.926;3.925;12;
b08e6267-d353-4686-8518-96968b09cdff;2025-02-28T10:07:00Z;3.925;3.924;3.926;3.923;270;
b08e6267-d353-4686-8518-96968b09cdff;2025-02-28T10:08:00Z;3.923;3.923;3.923;3.922;186;
b08e6267-d353-4686-8518-96968b09cdff;2025-02-28T10:09:00Z;3.923;3.925;3.925;3.923;120;
b08e6267-d353-4686-8518-96968b09cdff;2025-02-28T10:10:00Z;3.925;3.925;3.925;3.924;127;
b08e6267-d353-4686-8518-96968b09cdff;2025-02-28T10:11:00Z;3.925;3.924;3.925;3.922;984;
b08e6267-d353-4686-8518-96968b09cdff;2025-02-28T10:12:00Z;3.924;3.925;3.925;3.924;117;
b08e6267-d353-4686-8518-96968b09cdff;2025-02-28T10:13:00Z;3.925;3.925;3.925;3.924;67;
b08e6267-d353-4686-8518-96968b09cdff;2025-02-28T10:14:00Z;3.925;3.926;3.926;3.925;101;
b08e6267-d353-4686-8518-96968b09cdff;2025-02-28T10:15:00Z;3.926;3.924;3.926;3.924;93;
b08e6267-d353-4686-8518-96968b09cdff;2025-02-28T10:16:00Z;3.924;3.923;3.925;3.923;43;
b08e6267-d353-4686-8518-96968b09cdff;2025-02-28T10:17:00Z;3.923;3.923;3.923;3.923;46;
b08e6267-d353-4686-8518-96968b09cdff;2025-02-28T10:18:00Z;3.923;3.923;3.924;3.923;52;
b08e6267-d353-4686-8518-96968b09cdff;2025-02-28T10:19:00Z;3.923;3.923;3.925;3.923;415;
b08e6267-d353-4686-8518-96968b09cdff;2025-02-28T10:20:00Z;3.924;3.923;3.924;3.923;129;
b08e6267-d353-4686-8518-96968b09cdff;2025-02-28T10:21:00Z;3.924;3.922;3.925;3.922;99;
b08e6267-d353-4686-8518-96968b09cdff;2025-02-28T10:22:00Z;3.923;3.922;3.923;3.921;422;
b08e6267-d353-4686-8518-96968b09cdff;2025-02-28T10:23:00Z;3.921;3.921;3.922;3.921;207;
b08e6267-d353-4686-8518-96968b09cdff;2025-02-28T10:24:00Z;3.921;3.916;3.922;3.913;4194;
b08e6267-d353-4686-8518-96968b09cdff;2025-02-28T10:25:00Z;3.915;3.914;3.916;3.914;637;
b08e6267-d353-4686-8518-96968b09cdff;2025-02-28T10:26:00Z;3.915;3.915;3.915;3.914;232;
b08e6267-d353-4686-8518-96968b09cdff;2025-02-28T10:27:00Z;3.914;3.916;3.916;3.914;359;
b08e6267-d353-4686-8518-96968b09cdff;2025-02-28T10:28:00Z;3.916;3.918;3.918;3.915;391;
b08e6267-d353-4686-8518-96968b09cdff;2025-02-28T10:29:00Z;3.918;3.917;3.918;3.916;369;
b08e6267-d353-4686-8518-96968b09cdff;2025-02-28T10:30:00Z;3.916;3.916;3.917;3.916;70;
b08e6267-d353-4686-8518-96968b09cdff;2025-02-28T10:31:00Z;3.917;3.916;3.917;3.915;599;
b08e6267-d353-4686-8518-96968b09cdff;2025-02-28T10:32:00Z;3.915;3.915;3.917;3.915;213;
b08e6267-d353-4686-8518-96968b09cdff;2025-02-28T10:33:00Z;3.915;3.917;3.917;3.915;267;
b08e6267-d353-4686-8518-96968b09cdff;2025-02-28T10:34:00Z;3.917;3.919;3.919;3.916;362;
b08e6267-d353-4686-8518-96968b09cdff;2025-02-28T10:35:00Z;3.919;3.919;3.919;3.918;176;
b08e6267-d353-4686-8518-96968b09cdff;2025-02-28T10:36:00Z;3.918;3.922;3.923;3.918;635;
b08e6267-d353-4686-8518-96968b09cdff;2025-02-28T10:37:00Z;3.922;3.921;3.923;3.921;428;
b08e6267-d353-4686-8518-96968b09cdff;2025-02-28T10:38:00Z;3.922;3.921;3.922;3.921;178;
b08e6267-d353-4686-8518-96968b09cdff;2025-02-28T10:39:00Z;3.922;3.919;3.922;3.919;114;
b08e6267-d353-4686-8518-96968b09cdff;2025-02-28T10:40:00Z;3.919;3.919;3.92;3.919;162;
b08e6267-d353-4686-8518-96968b09cdff;2025-02-28T10:41:00Z;3.919;3.919;3.92;3.919;20;
b08e6267-d353-4686-8518-96968b09cdff;2025-02-28T10:42:00Z;3.92;3.92;3.922;3.919;142;
b08e6267-d353-4686-8518-96968b09cdff;2025-02-28T10:43:00Z;3.921;3.922;3.922;3.92;160;
b08e6267-d353-4686-8518-96968b09cdff;2025-02-28T10:44:00Z;3.921;3.923;3.923;3.921;302;
b08e6267-d353-4686-8518-96968b09cdff;2025-02-28T10:45:00Z;3.923;3.921;3.923;3.92;326;
b08e6267-d353-4686-8518-96968b09cdff;2025-02-28T10:46:00Z;3.92;3.917;3.92;3.916;769;
b08e6267-d353-4686-8518-96968b09cdff;2025-02-28T10:47:00Z;3.917;3.916;3.918;3.915;432;
b08e6267-d353-4686-8518-96968b09cdff;2025-02-28T10:48:00Z;3.916;3.915;3.918;3.915;533;
b08e6267-d353-4686-8518-96968b09cdff;2025-02-28T10:49:00Z;3.916;3.915;3.916;3.913;1229;
b08e6267-d353-4686-8518-96968b09cdff;2025-02-28T10:50:00Z;3.915;3.913;3.915;3.913;180;
b08e6267-d353-4686-8518-96968b09cdff;2025-02-28T10:51:00Z;3.913;3.916;3.916;3.913;501;
b08e6267-d353-4686-8518-96968b09cdff;2025-02-28T10:52:00Z;3.916;3.917;3.917;3.913;455;
b08e6267-d353-4686-8518-96968b09cdff;2025-02-28T10:53:00Z;3.916;3.916;3.917;3.916;192;
b08e6267-d353-4686-8518-96968b09cdff;2025-02-28T10:54:00Z;3.917;3.917;3.917;3.915;108;
b08e6267-d353-4686-8518-96968b09cdff;2025-02-28T10:55:00Z;3.916;3.915;3.917;3.915;266;
b08e6267-d353-4686-8518-96968b09cdff;2025-02-28T10:56:00Z;3.916;3.914;3.916;3.913;595;
b08e6267-d353-4686-8518-96968b09cdff;2025-02-28T10:57:00Z;3.913;3.918;3.918;3.912;1518;
b08e6267-d353-4686-8518-96968b09cdff;2025-02-28T10:58:00Z;3.917;3.917;3.918;3.916;124;
b08e6267-d353-4686-8518-96968b09cdff;2025-02-28T10:59:00Z;3.917;3.917;3.918;3.915;268;
b08e6267-d353-4686-8518-96968b09cdff;2025-02-28T11:05:00Z;3.915;3.913;3.915;3.91;1141;
b08e6267-d353-4686-8518-96968b09cdff;2025-02-28T11:06:00Z;3.914;3.914;3.916;3.913;807;
b08e6267-d353-4686-8518-96968b09cdff;2025-02-28T11:07:00Z;3.915;3.916;3.916;3.914;306;
b08e6267-d353-4686-8518-96968b09cdff;2025-02-28T11:08:00Z;3.915;3.915;3.916;3.913;864;
b08e6267-d353-4686-8518-96968b09cdff;2025-02-28T11:09:00Z;3.914;3.911;3.915;3.91;1040;
b08e6267-d353-4686-8518-96968b09cdff;2025-02-28T11:10:00Z;3.912;3.913;3.914;3.911;500;
b08e6267-d353-4686-8518-96968b09cdff;2025-02-28T11:11:00Z;3.913;3.913;3.914;3.912;201;
b08e6267-d353-4686-8518-96968b09cdff;2025-02-28T11:12:00Z;3.914;3.916;3.917;3.913;341;
b08e6267-d353-4686-8518-96968b09cdff;2025-02-28T11:13:00Z;3.917;3.916;3.919;3.916;776;
b08e6267-d353-4686-8518-96968b09cdff;2025-02-28T11:14:00Z;3.916;3.913;3.916;3.913;252;
b08e6267-d353-4686-8518-96968b09cdff;2025-02-28T11:15:00Z;3.912;3.914;3.915;3.912;319;
b08e6267-d353-4686-8518-96968b09cdff;2025-02-28T11:16:00Z;3.914;3.914;3.915;3.913;288;
b08e6267-d353-4686-8518-96968b09cdff;2025-02-28T11:17:00Z;3.914;3.914;3.916;3.913;517;
b08e6267-d353-4686-8518-96968b09cdff;2025-02-28T11:18:00Z;3.913;3.913;3.914;3.911;563;
b08e6267-d353-4686-8518-96968b09cdff;2025-02-28T11:19:00Z;3.912;3.913;3.913;3.911;189;
b08e6267-d353-4686-8518-96968b09cdff;2025-02-28T11:20:00Z;3.913;3.913;3.913;3.912;80;
b08e6267-d353-4686-8518-96968b09cdff;2025-02-28T11:21:00Z;3.912;3.911;3.913;3.91;724;
b08e6267-d353-4686-8518-96968b09cdff;2025-02-28T11:22:00Z;3.911;3.913;3.913;3.911;303;
b08e6267-d353-4686-8518-96968b09cdff;2025-02-28T11:23:00Z;3.912;3.912;3.913;3.912;249;
b08e6267-d353-4686-8518-96968b09cdff;2025-02-28T11:24:00Z;3.912;3.908;3.913;3.907;1830;
b08e6267-d353-4686-8518-96968b09cdff;2025-02-28T11:25:00Z;3.908;3.91;3.911;3.906;1296;
b08e6267-d353-4686-8518-96968b09cdff;2025-02-28T11:26:00Z;3.911;3.909;3.912;3.909;569;
b08e6267-d353-4686-8518-96968b09cdff;2025-02-28T11:27:00Z;3.909;3.907;3.909;3.905;3736;
b08e6267-d353-4686-8518-96968b09cdff;2025-02-28T11:28:00Z;3.907;3.907;3.907;3.905;1350;
b08e6267-d353-4686-8518-96968b09cdff;2025-02-28T11:29:00Z;3.906;3.902;3.908;3.9;4711;
b08e6267-d353-4686-8518-96968b09cdff;2025-02-28T11:30:00Z;3.902;3.906;3.906;3.9;1221;
b08e6267-d353-4686-8518-96968b09cdff;2025-02-28T11:31:00Z;3.906;3.908;3.908;3.905;2016;
b08e6267-d353-4686-8518-96968b09cdff;2025-02-28T11:32:00Z;3.908;3.905;3.909;3.905;1783;
b08e6267-d353-4686-8518-96968b09cdff;2025-02-28T11:33:00Z;3.906;3.907;3.907;3.905;1155;
b08e6267-d353-4686-8518-96968b09cdff;2025-02-28T11:34:00Z;3.907;3.908;3.911;3.906;1313;
b08e6267-d353-4686-8518-96968b09cdff;2025-02-28T11:35:00Z;3.908;3.907;3.909;3.906;325;
b08e6267-d353-4686-8518-96968b09cdff;2025-02-28T11:36:00Z;3.906;3.906;3.908;3.906;452;
b08e6267-d353-4686-8518-96968b09cdff;2025-02-28T11:37:00Z;3.906;3.909;3.909;3.906;784;
b08e6267-d353-4686-8518-96968b09cdff;2025-02-28T11:38:00Z;3.908;3.91;3.911;3.907;981;
b08e6267-d353-4686-8518-96968b09cdff;2025-02-28T11:39:00Z;3.911;3.911;3.912;3.91;675;
b08e6267-d353-4686-8518-96968b09cdff;2025-02-28T11:40:00Z;3.91;3.912;3.912;3.91;215;
b08e6267-d353-4686-8518-96968b09cdff;2025-02-28T11:41:00Z;3.911;3.911;3.912;3.909;952;
b08e6267-d353-4686-8518-96968b09cdff;2025-02-28T11:42:00Z;3.912;3.911;3.912;3.91;320;
b08e6267-d353-4686-8518-96968b09cdff;2025-02-28T11:43:00Z;3.911;3.91;3.912;3.91;169;
b08e6267-d353-4686-8518-96968b09cdff;2025-02-28T11:44:00Z;3.91;3.908;3.911;3.908;735;
b08e6267-d353-4686-8518-96968b09cdff;2025-02-28T11:45:00Z;3.908;3.907;3.909;3.906;712;
b08e6267-d353-4686-8518-96968b09cdff;2025-02-28T11:46:00Z;3.906;3.9;3.906;3.9;1444;
b08e6267-d353-4686-8518-96968b09cdff;2025-02-28T11:47:00Z;3.9;3.898;3.901;3.895;5478;
b08e6267-d353-4686-8518-96968b09cdff;2025-02-28T11:48:00Z;3.898;3.896;3.899;3.893;4595;
b08e6267-d353-4686-8518-96968b09cdff;2025-02-28T11:49:00Z;3.896;3.895;3.896;3.894;891;
b08e6267-d353-4686-8518-96968b09cdff;2025-02-28T11:50:00Z;3.894;3.896;3.896;3.894;1106;
b08e6267-d353-4686-8518-96968b09cdff;2025-02-28T11:51:00Z;3.895;3.9;3.901;3.895;616;
b08e6267-d353-4686-8518-96968b09cdff;2025-02-28T11:52:00Z;3.9;3.905;3.906;3.9;1295;
b08e6267-d353-4686-8518-96968b09cdff;2025-02-28T11:53:00Z;3.905;3.906;3.909;3.905;1953;
b08e6267-d353-4686-8518-96968b09cdff;2025-02-28T11:54:00Z;3.907;3.906;3.907;3.905;432;
b08e6267-d353-4686-8518-96968b09cdff;2025-02-28T11:55:00Z;3.906;3.906;3.909;3.905;1081;
b08e6267-d353-4686-8518-96968b09cdff;2025-02-28T11:56:00Z;3.907;3.909;3.91;3.906;387;
b08e6267-d353-4686-8518-96968b09cdff;2025-02-28T11:57:00Z;3.91;3.901;3.91;3.899;1990;
b08e6267-d353-4686-8518-96968b09cdff;2025-02-28T11:58:00Z;3.901;3.896;3.901;3.893;1613;
b08e6267-d353-4686-8518-96968b09cdff;2025-02-28T11:59:00Z;3.896;3.895;3.897;3.895;676;
b08e6267-d353-4686-8518-96968b09cdff;2025-02-28T12:00:00Z;3.896;3.892;3.9;3.891;3405;
b08e6267-d353-4686-8518-96968b09cdff;2025-02-28T12:01:00Z;3.893;3.893;3.896;3.891;923;
b08e6267-d353-4686-8518-96968b09cdff;2025-02-28T12:02:00Z;3.893;3.888;3.894;3.888;1581;
b08e6267-d353-4686-8518-96968b09cdff;2025-02-28T12:03:00Z;3.888;3.891;3.894;3.888;1015;
b08e6267-d353-4686-8518-96968b09cdff;2025-02-28T12:04:00Z;3.89;3.894;3.894;3.89;374;
b08e6267-d353-4686-8518-96968b09cdff;2025-02-28T12:05:00Z;3.893;3.895;3.895;3.892;489;
b08e6267-d353-4686-8518-96968b09cdff;2025-02-28T12:06:00Z;3.895;3.899;3.899;3.894;981;
b08e6267-d353-4686-8518-96968b09cdff;2025-02-28T12:07:00Z;3.899;3.896;3.9;3.893;1992;
b08e6267-d353-4686-8518-96968b09cdff;2025-02-28T12:08:00Z;3.895;3.891;3.895;3.89;1134;
b08e6267-d353-4686-8518-96968b09cdff;2025-02-28T12:09:00Z;3.891;3.892;3.893;3.889;568;
b08e6267-d353-4686-8518-96968b09cdff;2025-02-28T12:10:00Z;3.893;3.894;3.896;3.89;1761;
b08e6267-d353-4686-8518-96968b09cdff;2025-02-28T12:11:00Z;3.895;3.888;3.895;3.888;1495;
b08e6267-d353-4686-8518-96968b09cdff;2025-02-28T12:12:00Z;3.889;3.89;3.891;3.888;512;
b08e6267-d353-4686-8518-96968b09cdff;2025-02-28T12:13:00Z;3.89;3.891;3.895;3.889;789;
b08e6267-d353-4686-8518-96968b09cdff;2025-02-28T12:14:00Z;3.891;3.886;3.892;3.885;1521;
b08e6267-d353-4686-8518-96968b09cdff;2025-02-28T12:15:00Z;3.887;3.887;3.89;3.886;1006;
b08e6267-d353-4686-8518-96968b09cdff;2025-02-28T12:16:00Z;3.888;3.887;3.889;3.886;400;
b08e6267-d353-4686-8518-96968b09cdff;2025-02-28T12:17:00Z;3.887;3.886;3.889;3.886;494;
b08e6267-d353-4686-8518-96968b09cdff;2025-02-28T12:18:00Z;3.887;3.894;3.895;3.886;2037;
b08e6267-d353-4686-8518-96968b09cdff;2025-02-28T12:19:00Z;3.895;3.894;3.896;3.891;1118;
b08e6267-d353-4686-8518-96968b09cdff;2025-02-28T12:20:00Z;3.893;3.894;3.895;3.892;690;
b08e6267-d353-4686-8518-96968b09cdff;2025-02-28T12:21:00Z;3.895;3.891;3.895;3.891;264;
b08e6267-d353-4686-8518-96968b09cdff;2025-02-28T12:22:00Z;3.891;3.894;3.895;3.891;305;
b08e6267-d353-4686-8518-96968b09cdff;2025-02-28T12:23:00Z;3.895;3.887;3.895;3.887;752;
b08e6267-d353-4686-8518-96968b09cdff;2025-02-28T12:24:00Z;3.888;3.887;3.888;3.881;2990;
b08e6267-d353-4686-8518-96968b09cdff;2025-02-28T12:25:00Z;3.885;3.886;3.887;3.883;753;
b08e6267-d353-4686-8518-96968b09cdff;2025-02-28T12:26:00Z;3.887;3.889;3.89;3.884;709;
b08e6267-d353-4686-8518-96968b09cdff;2025-02-28T12:27:00Z;3.889;3.883;3.89;3.883;599;
b08e6267-d353-4686-8518-96968b09cdff;2025-02-28T12:28:00Z;3.883;3.885;3.885;3.883;672;
b08e6267-d353-4686-8518-96968b09cdff;2025-02-28T12:29:00Z;3.884;3.888;3.888;3.884;385;
b08e6267-d353-4686-8518-96968b09cdff;2025-02-28T12:30:00Z;3.888;3.893;3.893;3.887;1454;
b08e6267-d353-4686-8518-96968b09cdff;2025-02-28T12:31:00Z;3.893;3.887;3.893;3.885;960;
b08e6267-d353-4686-8518-96968b09cdff;2025-02-28T12:32:00Z;3.887;3.885;3.889;3.885;827;
b08e6267-d353-4686-8518-96968b09cdff;2025-02-28T12:33:00Z;3.884;3.885;3.885;3.883;692;
b08e6267-d353-4686-8518-96968b09cdff;2025-02-28T12:34:00Z;3.885;3.888;3.888;3.883;496;
b08e6267-d353-4686-8518-96968b09cdff;2025-02-28T12:35:00Z;3.887;3.887;3.888;3.883;425;
b08e6267-d353-4686-8518-96968b09cdff;2025-02-28T12:36:00Z;3.887;3.886;3.887;3.883;382;
b08e6267-d353-4686-8518-96968b09cdff;2025-02-28T12:37:00Z;3.887;3.894;3.895;3.887;2737;
b08e6267-d353-4686-8518-96968b09cdff;2025-02-28T12:38:00Z;3.893;3.89;3.894;3.89;674;
b08e6267-d353-4686-8518-96968b09cdff;2025-02-28T12:39:00Z;3.89;3.885;3.89;3.885;780;
b08e6267-d353-4686-8518-96968b09cdff;2025-02-28T12:40:00Z;3.886;3.886;3.887;3.884;1564;
b08e6267-d353-4686-8518-96968b09cdff;2025-02-28T12:41:00Z;3.884;3.884;3.886;3.882;1039;
b08e6267-d353-4686-8518-96968b09cdff;2025-02-28T12:42:00Z;3.883;3.877;3.884;3.876;4424;
b08e6267-d353-4686-8518-96968b09cdff;2025-02-28T12:43:00Z;3.877;3.882;3.882;3.877;1574;
b08e6267-d353-4686-8518-96968b09cdff;2025-02-28T12:44:00Z;3.882;3.881;3.882;3.88;304;
b08e6267-d353-4686-8518-96968b09cdff;2025-02-28T12:45:00Z;3.881;3.877;3.883;3.877;2167;
b08e6267-d353-4686-8518-96968b09cdff;2025-02-28T12:46:00Z;3.879;3.88;3.881;3.876;2740;
b08e6267-d353-4686-8518-96968b09cdff;2025-02-28T12:47:00Z;3.88;3.883;3.883;3.88;812;
b08e6267-d353-4686-8518-96968b09cdff;2025-02-28T12:48:00Z;3.883;3.88;3.883;3.879;757;
b08e6267-d353-4686-8518-96968b09cdff;2025-02-28T12:49:00Z;3.88;3.883;3.886;3.879;1057;
b08e6267-d353-4686-8518-96968b09cdff;2025-02-28T12:50:00Z;3.883;3.881;3.885;3.879;1654;
b08e6267-d353-4686-8518-96968b09cdff;2025-02-28T12:51:00Z;3.882;3.879;3.882;3.879;581;
b08e6267-d353-4686-8518-96968b09cdff;2025-02-28T12:52:00Z;3.879;3.88;3.885;3.879;1563;
b08e6267-d353-4686-8518-96968b09cdff;2025-02-28T12:53:00Z;3.881;3.883;3.884;3.881;211;
b08e6267-d353-4686-8518-96968b09cdff;2025-02-28T12:54:00Z;3.883;3.87;3.883;3.868;6828;
b08e6267-d353-4686-8518-96968b09cdff;2025-02-28T12:55:00Z;3.872;3.868;3.872;3.867;3601;
b08e6267-d353-4686-8518-96968b09cdff;2025-02-28T12:56:00Z;3.868;3.864;3.87;3.864;3147;
b08e6267-d353-4686-8518-96968b09cdff;2025-02-28T12:57:00Z;3.865;3.864;3.865;3.863;2673;
b08e6267-d353-4686-8518-96968b09cdff;2025-02-28T12:58:00Z;3.864;3.868;3.871;3.863;2310;
b08e6267-d353-4686-8518-96968b09cdff;2025-02-28T12:59:00Z;3.867;3.865;3.87;3.864;2471;
b08e6267-d353-4686-8518-96968b09cdff;2025-02-28T13:00:00Z;3.865;3.879;3.881;3.864;5360;
b08e6267-d353-4686-8518-96968b09cdff;2025-02-28T13:01:00Z;3.878;3.886;3.89;3.878;7548;
b08e6267-d353-4686-8518-96968b09cdff;2025-02-28T13:02:00Z;3.887;3.884;3.889;3.884;2275;
b08e6267-d353-4686-8518-96968b09cdff;2025-02-28T13:03:00Z;3.883;3.888;3.889;3.876;3235;
b08e6267-d353-4686-8518-96968b09cdff;2025-02-28T13:04:00Z;3.888;3.888;3.89;3.887;3276;
b08e6267-d353-4686-8518-96968b09cdff;2025-02-28T13:05:00Z;3.887;3.89;3.894;3.886;2647;
b08e6267-d353-4686-8518-96968b09cdff;2025-02-28T13:06:00Z;3.891;3.895;3.895;3.889;2055;
b08e6267-d353-4686-8518-96968b09cdff;2025-02-28T13:07:00Z;3.895;3.892;3.897;3.89;3052;
b08e6267-d353-4686-8518-96968b09cdff;2025-02-28T13:08:00Z;3.892;3.89;3.892;3.887;1581;
b08e6267-d353-4686-8518-96968b09cdff;2025-02-28T13:09:00Z;3.891;3.89;3.891;3.888;1188;
b08e6267-d353-4686-8518-96968b09cdff;2025-02-28T13:10:00Z;3.889;3.885;3.891;3.885;2362;
b08e6267-d353-4686-8518-96968b09cdff;2025-02-28T13:11:00Z;3.886;3.891;3.891;3.885;1008;
b08e6267-d353-4686-8518-96968b09cdff;2025-02-28T13:12:00Z;3.891;3.895;3.896;3.89;2492;
b08e6267-d353-4686-8518-96968b09cdff;2025-02-28T13:13:00Z;3.895;3.897;3.897;3.894;841;
b08e6267-d353-4686-8518-96968b09cdff;2025-02-28T13:14:00Z;3.897;3.896;3.897;3.895;1116;
b08e6267-d353-4686-8518-96968b09cdff;2025-02-28T13:15:00Z;3.896;3.898;3.9;3.895;2887;
b08e6267-d353-4686-8518-96968b09cdff;2025-02-28T13:16:00Z;3.898;3.893;3.9;3.893;2130;
b08e6267-d353-4686-8518-96968b09cdff;2025-02-28T13:17:00Z;3.894;3.892;3.894;3.89;1880;
b08e6267-d353-4686-8518-96968b09cdff;2025-02-28T13:18:00Z;3.892;3.89;3.895;3.888;1870;
b08e6267-d353-4686-8518-96968b09cdff;2025-02-28T13:19:00Z;3.89;3.882;3.891;3.88;2715;
b08e6267-d353-4686-8518-96968b09cdff;2025-02-28T13:20:00Z;3.881;3.884;3.885;3.88;1877;
b08e6267-d353-4686-8518-96968b09cdff;2025-02-28T13:21:00Z;3.884;3.891;3.891;3.882;1194;
b08e6267-d353-4686-8518-96968b09cdff;2025-02-28T13:22:00Z;3.891;3.884;3.893;3.882;1715;
b08e6267-d353-4686-8518-96968b09cdff;2025-02-28T13:23:00Z;3.885;3.883;3.886;3.882;519;
b08e6267-d353-4686-8518-96968b09cdff;2025-02-28T13:24:00Z;3.884;3.884;3.886;3.882;1306;
b08e6267-d353-4686-8518-96968b09cdff;2025-02-28T13:25:00Z;3.883;3.886;3.886;3.88;1636;
b08e6267-d353-4686-8518-96968b09cdff;2025-02-28T13:26:00Z;3.884;3.883;3.886;3.881;1113;
b08e6267-d353-4686-8518-96968b09cdff;2025-02-28T13:27:00Z;3.883;3.884;3.886;3.883;716;
b08e6267-d353-4686-8518-96968b09cdff;2025-02-28T13:28:00Z;3.884;3.886;3.886;3.882;1037;
b08e6267-d353-4686-8518-96968b09cdff;2025-02-28T13:29:00Z;3.886;3.89;3.897;3.885;3040;
b08e6267-d353-4686-8518-96968b09cdff;2025-02-28T13:30:00Z;3.892;3.906;3.908;3.891;8169;
b08e6267-d353-4686-8518-96968b09cdff;2025-02-28T13:31:00Z;3.907;3.916;3.918;3.902;9364;
b08e6267-d353-4686-8518-96968b09cdff;2025-02-28T13:32:00Z;3.916;3.915;3.918;3.913;5106;
b08e6267-d353-4686-8518-96968b09cdff;2025-02-28T13:33:00Z;3.914;3.908;3.915;3.907;3186;
b08e6267-d353-4686-8518-96968b09cdff;2025-02-28T13:34:00Z;3.907;3.906;3.909;3.905;2075;
b08e6267-d353-4686-8518-96968b09cdff;2025-02-28T13:35:00Z;3.906;3.902;3.907;3.9;3490;
b08e6267-d353-4686-8518-96968b09cdff;2025-02-28T13:36:00Z;3.901;3.904;3.905;3.9;1230;
b08e6267-d353-4686-8518-96968b09cdff;2025-02-28T13:37:00Z;3.903;3.904;3.904;3.902;583;
b08e6267-d353-4686-8518-96968b09cdff;2025-02-28T13:38:00Z;3.903;3.906;3.909;3.903;1832;
b08e6267-d353-4686-8518-96968b09cdff;2025-02-28T13:39:00Z;3.905;3.9;3.907;3.899;1343;
b08e6267-d353-4686-8518-96968b09cdff;2025-02-28T13:40:00Z;3.899;3.895;3.901;3.894;1681;
b08e6267-d353-4686-8518-96968b09cdff;2025-02-28T13:41:00Z;3.895;3.881;3.896;3.88;6229;
b08e6267-d353-4686-8518-96968b09cdff;2025-02-28T13:42:00Z;3.881;3.881;3.884;3.88;2242;
b08e6267-d353-4686-8518-96968b09cdff;2025-02-28T13:43:00Z;3.882;3.88;3.882;3.878;2361;
b08e6267-d353-4686-8518-96968b09cdff;2025-02-28T13:44:00Z;3.88;3.876;3.882;3.876;1856;
b08e6267-d353-4686-8518-96968b09cdff;2025-02-28T13:45:00Z;3.876;3.883;3.884;3.876;2240;
b08e6267-d353-4686-8518-96968b09cdff;2025-02-28T13:46:00Z;3.882;3.882;3.885;3.882;919;
b08e6267-d353-4686-8518-96968b09cdff;2025-02-28T13:47:00Z;3.883;3.882;3.884;3.88;808;
b08e6267-d353-4686-8518-96968b09cdff;2025-02-28T13:48:00Z;3.882;3.88;3.883;3.877;989;
b08e6267-d353-4686-8518-96968b09cdff;2025-02-28T13:49:00Z;3.882;3.876;3.882;3.875;1144;
b08e6267-d353-4686-8518-96968b09cdff;2025-02-28T13:50:00Z;3.877;3.875;3.878;3.873;3473;
b08e6267-d353-4686-8518-96968b09cdff;2025-02-28T13:51:00Z;3.874;3.873;3.877;3.871;1710;
b08e6267-d353-4686-8518-96968b09cdff;2025-02-28T13:52:00Z;3.873;3.879;3.879;3.869;2004;
b08e6267-d353-4686-8518-96968b09cdff;2025-02-28T13:53:00Z;3.879;3.885;3.885;3.877;1697;
b08e6267-d353-4686-8518-96968b09cdff;2025-02-28T13:54:00Z;3.883;3.887;3.887;3.882;1204;
b08e6267-d353-4686-8518-96968b09cdff;2025-02-28T13:55:00Z;3.886;3.887;3.887;3.88;1201;
b08e6267-d353-4686-8518-96968b09cdff;2025-02-28T13:56:00Z;3.887;3.884;3.89;3.877;2910;
b08e6267-d353-4686-8518-96968b09cdff;2025-02-28T13:57:00Z;3.885;3.883;3.885;3.882;547;
b08e6267-d353-4686-8518-96968b09cdff;2025-02-28T13:58:00Z;3.883;3.885;3.888;3.883;1309;
b08e6267-d353-4686-8518-96968b09cdff;2025-02-28T13:59:00Z;3.883;3.884;3.886;3.881;460;
b08e6267-d353-4686-8518-96968b09cdff;2025-02-28T14:00:00Z;3.885;3.908;3.912;3.884;8779;
b08e6267-d353-4686-8518-96968b09cdff;2025-02-28T14:01:00Z;3.907;3.903;3.909;3.897;5004;
b08e6267-d353-4686-8518-96968b09cdff;2025-02-28T14:02:00Z;3.903;3.908;3.909;3.902;2452;
b08e6267-d353-4686-8518-96968b09cdff;2025-02-28T14:03:00Z;3.908;3.901;3.909;3.898;1464;
b08e6267-d353-4686-8518-96968b09cdff;2025-02-28T14:04:00Z;3.902;3.9;3.907;3.899;1399;
b08e6267-d353-4686-8518-96968b09cdff;2025-02-28T14:05:00Z;3.9;3.903;3.904;3.897;1018;
b08e6267-d353-4686-8518-96968b09cdff;2025-02-28T14:06:00Z;3.903;3.909;3.909;3.903;1571;
b08e6267-d353-4686-8518-96968b09cdff;2025-02-28T14:07:00Z;3.908;3.907;3.913;3.906;4235;
b08e6267-d353-4686-8518-96968b09cdff;2025-02-28T14:08:00Z;3.908;3.902;3.91;3.9;2614;
b08e6267-d353-4686-8518-96968b09cdff;2025-02-28T14:09:00Z;3.902;3.908;3.91;3.902;2095;
b08e6267-d353-4686-8518-96968b09cdff;2025-02-28T14:10:00Z;3.907;3.903;3.909;3.903;1252;
b08e6267-d353-4686-8518-96968b09cdff;2025-02-28T14:11:00Z;3.904;3.909;3.91;3.903;1329;
b08e6267-d353-4686-8518-96968b09cdff;2025-02-28T14:12:00Z;3.909;3.911;3.915;3.909;3418;
b08e6267-d353-4686-8518-96968b09cdff;2025-02-28T14:13:00Z;3.912;3.913;3.913;3.91;1155;
b08e6267-d353-4686-8518-96968b09cdff;2025-02-28T14:14:00Z;3.913;3.907;3.913;3.907;933;
b08e6267-d353-4686-8518-96968b09cdff;2025-02-28T14:15:00Z;3.908;3.902;3.909;3.9;1899;
b08e6267-d353-4686-8518-96968b09cdff;2025-02-28T14:16:00Z;3.901;3.903;3.904;3.9;828;
b08e6267-d353-4686-8518-96968b09cdff;2025-02-28T14:17:00Z;3.903;3.9;3.904;3.896;2235;
b08e6267-d353-4686-8518-96968b09cdff;2025-02-28T14:18:00Z;3.899;3.9;3.904;3.896;1498;
b08e6267-d353-4686-8518-96968b09cdff;2025-02-28T14:19:00Z;3.901;3.899;3.901;3.899;225;
b08e6267-d353-4686-8518-96968b09cdff;2025-02-28T14:20:00Z;3.9;3.9;3.902;3.896;823;
b08e6267-d353-4686-8518-96968b09cdff;2025-02-28T14:21:00Z;3.9;3.915;3.915;3.899;2742;
b08e6267-d353-4686-8518-96968b09cdff;2025-02-28T14:22:00Z;3.914;3.922;3.929;3.914;15881;
b08e6267-d353-4686-8518-96968b09cdff;2025-02-28T14:23:00Z;3.922;3.918;3.926;3.917;3282;
b08e6267-d353-4686-8518-96968b09cdff;2025-02-28T14:24:00Z;3.918;3.916;3.922;3.915;2422;
b08e6267-d353-4686-8518-96968b09cdff;2025-02-28T14:25:00Z;3.916;3.913;3.916;3.912;1918;
b08e6267-d353-4686-8518-96968b09cdff;2025-02-28T14:26:00Z;3.914;3.91;3.918;3.906;2578;
b08e6267-d353-4686-8518-96968b09cdff;2025-02-28T14:27:00Z;3.911;3.896;3.911;3.896;2465;
b08e6267-d353-4686-8518-96968b09cdff;2025-02-28T14:28:00Z;3.897;3.888;3.897;3.887;6085;
b08e6267-d353-4686-8518-96968b09cdff;2025-02-28T14:29:00Z;3.888;3.883;3.888;3.882;4226;
b08e6267-d353-4686-8518-96968b09cdff;2025-02-28T14:30:00Z;3.883;3.882;3.888;3.878;5315;
b08e6267-d353-4686-8518-96968b09cdff;2025-02-28T14:31:00Z;3.881;3.885;3.89;3.88;3180;
b08e6267-d353-4686-8518-96968b09cdff;2025-02-28T14:32:00Z;3.884;3.889;3.89;3.883;1703;
b08e6267-d353-4686-8518-96968b09cdff;2025-02-28T14:33:00Z;3.888;3.889;3.89;3.885;869;
b08e6267-d353-4686-8518-96968b09cdff;2025-02-28T14:34:00Z;3.889;3.885;3.889;3.882;1189;
b08e6267-d353-4686-8518-96968b09cdff;2025-02-28T14:35:00Z;3.884;3.878;3.884;3.872;5881;
b08e6267-d353-4686-8518-96968b09cdff;2025-02-28T14:36:00Z;3.877;3.879;3.881;3.876;2028;
b08e6267-d353-4686-8518-96968b09cdff;2025-02-28T14:37:00Z;3.879;3.886;3.886;3.877;1187;
b08e6267-d353-4686-8518-96968b09cdff;2025-02-28T14:38:00Z;3.886;3.88;3.888;3.88;1979;
b08e6267-d353-4686-8518-96968b09cdff;2025-02-28T14:39:00Z;3.881;3.879;3.882;3.878;1100;
b08e6267-d353-4686-8518-96968b09cdff;2025-02-28T14:40:00Z;3.878;3.886;3.887;3.878;2026;
b08e6267-d353-4686-8518-96968b09cdff;2025-02-28T14:41:00Z;3.886;3.883;3.89;3.882;2049;
b08e6267-d353-4686-8518-96968b09cdff;2025-02-28T14:42:00Z;3.885;3.881;3.885;3.879;749;
b08e6267-d353-4686-8518-96968b09cdff;2025-02-28T14:43:00Z;3.88;3.88;3.882;3.874;2839;
b08e6267-d353-4686-8518-96968b09cdff;2025-02-28T14:44:00Z;3.88;3.879;3.882;3.875;1935;
b08e6267-d353-4686-8518-96968b09cdff;2025-02-28T14:45:00Z;3.879;3.877;3.88;3.877;581;
b08e6267-d353-4686-8518-96968b09cdff;2025-02-28T14:46:00Z;3.877;3.878;3.882;3.876;1273;
b08e6267-d353-4686-8518-96968b09cdff;2025-02-28T14:47:00Z;3.878;3.882;3.883;3.877;1267;
b08e6267-d353-4686-8518-96968b09cdff;2025-02-28T14:48:00Z;3.882;3.876;3.882;3.876;885;
b08e6267-d353-4686-8518-96968b09cdff;2025-02-28T14:49:00Z;3.877;3.883;3.883;3.876;1652;
b08e6267-d353-4686-8518-96968b09cdff;2025-02-28T14:50:00Z;3.882;3.888;3.892;3.881;2977;
b08e6267-d353-4686-8518-96968b09cdff;2025-02-28T14:51:00Z;3.887;3.886;3.89;3.883;1498;
b08e6267-d353-4686-8518-96968b09cdff;2025-02-28T14:52:00Z;3.885;3.889;3.89;3.884;2548;
b08e6267-d353-4686-8518-96968b09cdff;2025-02-28T14:53:00Z;3.889;3.883;3.889;3.883;615;
b08e6267-d353-4686-8518-96968b09cdff;2025-02-28T14:54:00Z;3.885;3.888;3.89;3.883;622;
b08e6267-d353-4686-8518-96968b09cdff;2025-02-28T14:55:00Z;3.889;3.893;3.894;3.884;910;
b08e6267-d353-4686-8518-96968b09cdff;2025-02-28T14:56:00Z;3.893;3.887;3.894;3.886;1038;
b08e6267-d353-4686-8518-96968b09cdff;2025-02-28T14:57:00Z;3.887;3.888;3.892;3.886;604;
b08e6267-d353-4686-8518-96968b09cdff;2025-02-28T14:58:00Z;3.888;3.888;3.892;3.886;704;
b08e6267-d353-4686-8518-96968b09cdff;2025-02-28T14:59:00Z;3.888;3.889;3.892;3.887;223;
b08e6267-d353-4686-8518-96968b09cdff;2025-02-28T15:00:00Z;3.888;3.881;3.891;3.881;1001;
b08e6267-d353-4686-8518-96968b09cdff;2025-02-28T15:01:00Z;3.881;3.883;3.888;3.88;1119;
b08e6267-d353-4686-8518-96968b09cdff;2025-02-28T15:02:00Z;3.884;3.887;3.892;3.883;1518;
b08e6267-d353-4686-8518-96968b09cdff;2025-02-28T15:03:00Z;3.888;3.89;3.89;3.885;245;
b08e6267-d353-4686-8518-96968b09cdff;2025-02-28T15:04:00Z;3.888;3.882;3.89;3.882;475;
b08e6267-d353-4686-8518-96968b09cdff;2025-02-28T15:05:00Z;3.882;3.879;3.883;3.878;1842;
b08e6267-d353-4686-8518-96968b09cdff;2025-02-28T15:06:00Z;3.88;3.881;3.881;3.877;1698;
b08e6267-d353-4686-8518-96968b09cdff;2025-02-28T15:07:00Z;3.88;3.886;3.887;3.88;2342;
b08e6267-d353-4686-8518-96968b09cdff;2025-02-28T15:08:00Z;3.886;3.884;3.887;3.883;349;
b08e6267-d353-4686-8518-96968b09cdff;2025-02-28T15:09:00Z;3.883;3.885;3.886;3.883;375;
b08e6267-d353-4686-8518-96968b09cdff;2025-02-28T15:10:00Z;3.885;3.89;3.891;3.885;839;
b08e6267-d353-4686-8518-96968b09cdff;2025-02-28T15:11:00Z;3.891;3.899;3.901;3.89;4817;
b08e6267-d353-4686-8518-96968b09cdff;2025-02-28T15:12:00Z;3.901;3.898;3.902;3.898;1430;
b08e6267-d353-4686-8518-96968b09cdff;2025-02-28T15:13:00Z;3.899;3.901;3.901;3.896;829;
b08e6267-d353-4686-8518-96968b09cdff;2025-02-28T15:14:00Z;3.899;3.896;3.902;3.894;999;
b08e6267-d353-4686-8518-96968b09cdff;2025-02-28T15:15:00Z;3.895;3.903;3.904;3.893;2123;
b08e6267-d353-4686-8518-96968b09cdff;2025-02-28T15:16:00Z;3.903;3.908;3.908;3.901;1678;
b08e6267-d353-4686-8518-96968b09cdff;2025-02-28T15:17:00Z;3.907;3.908;3.91;3.906;1617;
b08e6267-d353-4686-8518-96968b09cdff;2025-02-28T15:18:00Z;3.908;3.904;3.909;3.904;1527;
b08e6267-d353-4686-8518-96968b09cdff;2025-02-28T15:19:00Z;3.904;3.901;3.908;3.901;1107;
b08e6267-d353-4686-8518-96968b09cdff;2025-02-28T15:20:00Z;3.902;3.898;3.902;3.897;1527;
b08e6267-d353-4686-8518-96968b09cdff;2025-02-28T15:21:00Z;3.899;3.905;3.907;3.899;1646;
b08e6267-d353-4686-8518-96968b09cdff;2025-02-28T15:22:00Z;3.905;3.897;3.905;3.897;1164;
b08e6267-d353-4686-8518-96968b09cdff;2025-02-28T15:23:00Z;3.897;3.896;3.898;3.896;662;
b08e6267-d353-4686-8518-96968b09cdff;2025-02-28T15:24:00Z;3.897;3.892;3.898;3.89;2904;
b08e6267-d353-4686-8518-96968b09cdff;2025-02-28T15:25:00Z;3.891;3.895;3.895;3.89;552;
b08e6267-d353-4686-8518-96968b09cdff;2025-02-28T15:26:00Z;3.895;3.895;3.896;3.893;448;
b08e6267-d353-4686-8518-96968b09cdff;2025-02-28T15:27:00Z;3.895;3.893;3.899;3.893;921;
b08e6267-d353-4686-8518-96968b09cdff;2025-02-28T15:28:00Z;3.893;3.89;3.894;3.89;681;
b08e6267-d353-4686-8518-96968b09cdff;2025-02-28T15:29:00Z;3.89;3.889;3.892;3.888;1289;
b08e6267-d353-4686-8518-96968b09cdff;2025-02-28T15:30:00Z;3.889;3.896;3.898;3.888;1733;
b08e6267-d353-4686-8518-96968b09cdff;2025-02-28T15:31:00Z;3.895;3.897;3.899;3.894;857;
b08e6267-d353-4686-8518-96968b09cdff;2025-02-28T15:32:00Z;3.897;3.893;3.898;3.891;739;
b08e6267-d353-4686-8518-96968b09cdff;2025-02-28T15:33:00Z;3.892;3.892;3.894;3.89;557;
b08e6267-d353-4686-8518-96968b09cdff;2025-02-28T15:34:00Z;3.892;3.891;3.893;3.89;364;
b08e6267-d353-4686-8518-96968b09cdff;2025-02-28T15:35:00Z;3.891;3.892;3.893;3.889;774;
b08e6267-d353-4686-8518-96968b09cdff;2025-02-28T15:36:00Z;3.891;3.891;3.892;3.89;304;
b08e6267-d353-4686-8518-96968b09cdff;2025-02-28T15:37:00Z;3.891;3.889;3.892;3.889;322;
b08e6267-d353-4686-8518-96968b09cdff;2025-02-28T15:38:00Z;3.889;3.889;3.891;3.888;947;
b08e6267-d353-4686-8518-96968b09cdff;2025-02-28T15:39:00Z;3.889;3.887;3.889;3.886;929;
b08e6267-d353-4686-8518-96968b09cdff;2025-02-28T15:40:00Z;3.888;3.882;3.888;3.881;1714;
b08e6267-d353-4686-8518-96968b09cdff;2025-02-28T15:41:00Z;3.882;3.884;3.886;3.881;1885;
b08e6267-d353-4686-8518-96968b09cdff;2025-02-28T15:42:00Z;3.885;3.884;3.885;3.882;348;
b08e6267-d353-4686-8518-96968b09cdff;2025-02-28T15:43:00Z;3.884;3.886;3.887;3.884;562;
b08e6267-d353-4686-8518-96968b09cdff;2025-02-28T15:44:00Z;3.887;3.876;3.887;3.875;3340;
b08e6267-d353-4686-8518-96968b09cdff;2025-02-28T15:45:00Z;3.876;3.878;3.878;3.874;1991;
b08e6267-d353-4686-8518-96968b09cdff;2025-02-28T15:46:00Z;3.878;3.874;3.878;3.874;815;
b08e6267-d353-4686-8518-96968b09cdff;2025-02-28T15:47:00Z;3.877;3.877;3.878;3.875;472;
b08e6267-d353-4686-8518-96968b09cdff;2025-02-28T15:48:00Z;3.877;3.876;3.878;3.876;781;
b08e6267-d353-4686-8518-96968b09cdff;2025-02-28T15:49:00Z;3.877;3.874;3.877;3.873;1465;
b08e6267-d353-4686-8518-96968b09cdff;2025-02-28T16:05:00Z;3.873;3.862;3.873;3.854;13061;
b08e6267-d353-4686-8518-96968b09cdff;2025-02-28T16:06:00Z;3.862;3.861;3.863;3.86;1873;
b08e6267-d353-4686-8518-96968b09cdff;2025-02-28T16:07:00Z;3.861;3.859;3.862;3.859;2359;
b08e6267-d353-4686-8518-96968b09cdff;2025-02-28T16:08:00Z;3.859;3.847;3.859;3.845;10738;
b08e6267-d353-4686-8518-96968b09cdff;2025-02-28T16:09:00Z;3.847;3.842;3.847;3.84;8867;
b08e6267-d353-4686-8518-96968b09cdff;2025-02-28T16:10:00Z;3.842;3.851;3.853;3.84;12116;
b08e6267-d353-4686-8518-96968b09cdff;2025-02-28T16:11:00Z;3.851;3.851;3.854;3.851;1676;
b08e6267-d353-4686-8518-96968b09cdff;2025-02-28T16:12:00Z;3.851;3.849;3.853;3.847;2191;
b08e6267-d353-4686-8518-96968b09cdff;2025-02-28T16:13:00Z;3.849;3.845;3.85;3.845;2197;
b08e6267-d353-4686-8518-96968b09cdff;2025-02-28T16:14:00Z;3.847;3.849;3.85;3.846;1666;
b08e6267-d353-4686-8518-96968b09cdff;2025-02-28T16:15:00Z;3.849;3.848;3.85;3.846;2199;
b08e6267-d353-4686-8518-96968b09cdff;2025-02-28T16:16:00Z;3.848;3.846;3.85;3.846;1594;
b08e6267-d353-4686-8518-96968b09cdff;2025-02-28T16:17:00Z;3.847;3.844;3.847;3.843;3172;
b08e6267-d353-4686-8518-96968b09cdff;2025-02-28T16:18:00Z;3.844;3.846;3.849;3.843;2217;
b08e6267-d353-4686-8518-96968b09cdff;2025-02-28T16:19:00Z;3.847;3.846;3.848;3.843;1113;
b08e6267-d353-4686-8518-96968b09cdff;2025-02-28T16:20:00Z;3.844;3.845;3.846;3.843;630;
b08e6267-d353-4686-8518-96968b09cdff;2025-02-28T16:21:00Z;3.845;3.851;3.853;3.845;1972;
b08e6267-d353-4686-8518-96968b09cdff;2025-02-28T16:22:00Z;3.851;3.853;3.854;3.85;1305;
b08e6267-d353-4686-8518-96968b09cdff;2025-02-28T16:23:00Z;3.854;3.857;3.859;3.852;2276;
b08e6267-d353-4686-8518-96968b09cdff;2025-02-28T16:24:00Z;3.858;3.854;3.858;3.853;1046;
b08e6267-d353-4686-8518-96968b09cdff;2025-02-28T16:25:00Z;3.854;3.859;3.859;3.853;2691;
b08e6267-d353-4686-8518-96968b09cdff;2025-02-28T16:26:00Z;3.858;3.859;3.86;3.856;1107;
b08e6267-d353-4686-8518-96968b09cdff;2025-02-28T16:27:00Z;3.859;3.862;3.864;3.858;2230;
b08e6267-d353-4686-8518-96968b09cdff;2025-02-28T16:28:00Z;3.862;3.863;3.866;3.86;2414;
b08e6267-d353-4686-8518-96968b09cdff;2025-02-28T16:29:00Z;3.862;3.861;3.863;3.86;384;
b08e6267-d353-4686-8518-96968b09cdff;2025-02-28T16:30:00Z;3.861;3.852;3.862;3.852;1776;
b08e6267-d353-4686-8518-96968b09cdff;2025-02-28T16:31:00Z;3.854;3.856;3.857;3.85;1511;
b08e6267-d353-4686-8518-96968b09cdff;2025-02-28T16:32:00Z;3.855;3.854;3.857;3.853;725;
b08e6267-d353-4686-8518-96968b09cdff;2025-02-28T16:33:00Z;3.853;3.848;3.854;3.845;1917;
b08e6267-d353-4686-8518-96968b09cdff;2025-02-28T16:34:00Z;3.847;3.85;3.85;3.846;870;
b08e6267-d353-4686-8518-96968b09cdff;2025-02-28T16:35:00Z;3.849;3.853;3.854;3.848;927;
b08e6267-d353-4686-8518-96968b09cdff;2025-02-28T16:36:00Z;3.853;3.851;3.854;3.851;650;
b08e6267-d353-4686-8518-96968b09cdff;2025-02-28T16:37:00Z;3.852;3.857;3.857;3.851;1395;
b08e6267-d353-4686-8518-96968b09cdff;2025-02-28T16:38:00Z;3.856;3.855;3.856;3.853;523;
b08e6267-d353-4686-8518-96968b09cdff;2025-02-28T16:39:00Z;3.855;3.854;3.856;3.854;532;
b08e6267-d353-4686-8518-96968b09cdff;2025-02-28T16:40:00Z;3.855;3.854;3.856;3.851;458;
b08e6267-d353-4686-8518-96968b09cdff;2025-02-28T16:41:00Z;3.855;3.853;3.855;3.852;214;
b08e6267-d353-4686-8518-96968b09cdff;2025-02-28T16:42:00Z;3.854;3.852;3.854;3.852;204;
b08e6267-d353-4686-8518-96968b09cdff;2025-02-28T16:43:00Z;3.853;3.851;3.853;3.848;1436;
b08e6267-d353-4686-8518-96968b09cdff;2025-02-28T16:44:00Z;3.851;3.85;3.855;3.849;985;
b08e6267-d353-4686-8518-96968b09cdff;2025-02-28T16:45:00Z;3.85;3.855;3.856;3.848;664;
b08e6267-d353-4686-8518-96968b09cdff;2025-02-28T16:46:00Z;3.856;3.867;3.868;3.854;2625;
b08e6267-d353-4686-8518-96968b09cdff;2025-02-28T16:47:00Z;3.867;3.862;3.867;3.862;1303;
b08e6267-d353-4686-8518-96968b09cdff;2025-02-28T16:48:00Z;3.862;3.865;3.868;3.862;1763;
b08e6267-d353-4686-8518-96968b09cdff;2025-02-28T16:49:00Z;3.867;3.863;3.867;3.862;686;
b08e6267-d353-4686-8518-96968b09cdff;2025-02-28T16:50:00Z;3.862;3.863;3.864;3.862;734;
b08e6267-d353-4686-8518-96968b09cdff;2025-02-28T16:51:00Z;3.864;3.863;3.866;3.862;388;
b08e6267-d353-4686-8518-96968b09cdff;2025-02-28T16:52:00Z;3.864;3.856;3.865;3.854;1749;
b08e6267-d353-4686-8518-96968b09cdff;2025-02-28T16:53:00Z;3.855;3.856;3.857;3.855;496;
b08e6267-d353-4686-8518-96968b09cdff;2025-02-28T16:54:00Z;3.855;3.856;3.856;3.853;871;
b08e6267-d353-4686-8518-96968b09cdff;2025-02-28T16:55:00Z;3.855;3.854;3.857;3.854;350;
b08e6267-d353-4686-8518-96968b09cdff;2025-02-28T16:56:00Z;3.854;3.854;3.856;3.851;2122;
b08e6267-d353-4686-8518-96968b09cdff;2025-02-28T16:57:00Z;3.855;3.852;3.855;3.852;728;
b08e6267-d353-4686-8518-96968b09cdff;2025-02-28T16:58:00Z;3.852;3.851;3.853;3.848;1728;
b08e6267-d353-4686-8518-96968b09cdff;2025-02-28T16:59:00Z;3.851;3.845;3.851;3.845;2184;
b08e6267-d353-4686-8518-96968b09cdff;2025-02-28T17:00:00Z;3.845;3.848;3.849;3.845;1131;
b08e6267-d353-4686-8518-96968b09cdff;2025-02-28T17:01:00Z;3.849;3.85;3.853;3.847;1841;
b08e6267-d353-4686-8518-96968b09cdff;2025-02-28T17:02:00Z;3.851;3.845;3.851;3.84;4634;
b08e6267-d353-4686-8518-96968b09cdff;2025-02-28T17:03:00Z;3.844;3.849;3.85;3.841;1864;
b08e6267-d353-4686-8518-96968b09cdff;2025-02-28T17:04:00Z;3.849;3.853;3.853;3.849;916;
b08e6267-d353-4686-8518-96968b09cdff;2025-02-28T17:05:00Z;3.852;3.846;3.853;3.845;891;
b08e6267-d353-4686-8518-96968b09cdff;2025-02-28T17:06:00Z;3.846;3.848;3.848;3.843;1266;
b08e6267-d353-4686-8518-96968b09cdff;2025-02-28T17:07:00Z;3.847;3.848;3.848;3.847;235;
b08e6267-d353-4686-8518-96968b09cdff;2025-02-28T17:08:00Z;3.848;3.846;3.848;3.845;440;
b08e6267-d353-4686-8518-96968b09cdff;2025-02-28T17:09:00Z;3.845;3.845;3.846;3.845;197;
b08e6267-d353-4686-8518-96968b09cdff;2025-02-28T17:10:00Z;3.845;3.846;3.846;3.845;276;
b08e6267-d353-4686-8518-96968b09cdff;2025-02-28T17:11:00Z;3.846;3.85;3.85;3.846;663;
b08e6267-d353-4686-8518-96968b09cdff;2025-02-28T17:12:00Z;3.849;3.849;3.851;3.848;829;
b08e6267-d353-4686-8518-96968b09cdff;2025-02-28T17:13:00Z;3.849;3.85;3.851;3.848;427;
b08e6267-d353-4686-8518-96968b09cdff;2025-02-28T17:14:00Z;3.85;3.859;3.861;3.849;3808;
b08e6267-d353-4686-8518-96968b09cdff;2025-02-28T17:15:00Z;3.859;3.864;3.864;3.855;2000;
b08e6267-d353-4686-8518-96968b09cdff;2025-02-28T17:16:00Z;3.864;3.865;3.868;3.862;2889;
b08e6267-d353-4686-8518-96968b09cdff;2025-02-28T17:17:00Z;3.864;3.858;3.864;3.858;1345;
b08e6267-d353-4686-8518-96968b09cdff;2025-02-28T17:18:00Z;3.86;3.861;3.862;3.859;637;
b08e6267-d353-4686-8518-96968b09cdff;2025-02-28T17:19:00Z;3.861;3.863;3.863;3.86;737;
b08e6267-d353-4686-8518-96968b09cdff;2025-02-28T17:20:00Z;3.861;3.86;3.863;3.86;333;
b08e6267-d353-4686-8518-96968b09cdff;2025-02-28T17:21:00Z;3.86;3.862;3.863;3.859;287;
b08e6267-d353-4686-8518-96968b09cdff;2025-02-28T17:22:00Z;3.863;3.865;3.867;3.861;1032;
b08e6267-d353-4686-8518-96968b09cdff;2025-02-28T17:23:00Z;3.864;3.867;3.869;3.864;1731;
b08e6267-d353-4686-8518-96968b09cdff;2025-02-28T17:24:00Z;3.868;3.866;3.868;3.864;1159;
b08e6267-d353-4686-8518-96968b09cdff;2025-02-28T17:25:00Z;3.866;3.865;3.866;3.858;1285;
b08e6267-d353-4686-8518-96968b09cdff;2025-02-28T17:26:00Z;3.865;3.861;3.865;3.86;510;
b08e6267-d353-4686-8518-96968b09cdff;2025-02-28T17:27:00Z;3.861;3.863;3.864;3.86;370;
b08e6267-d353-4686-8518-96968b09cdff;2025-02-28T17:28:00Z;3.863;3.875;3.876;3.863;6389;
b08e6267-d353-4686-8518-96968b09cdff;2025-02-28T17:29:00Z;3.875;3.879;3.881;3.873;7945;
b08e6267-d353-4686-8518-96968b09cdff;2025-02-28T17:30:00Z;3.878;3.869;3.881;3.869;2339;
b08e6267-d353-4686-8518-96968b09cdff;2025-02-28T17:31:00Z;3.869;3.87;3.873;3.865;2647;
b08e6267-d353-4686-8518-96968b09cdff;2025-02-28T17:32:00Z;3.87;3.873;3.875;3.869;1024;
b08e6267-d353-4686-8518-96968b09cdff;2025-02-28T17:33:00Z;3.873;3.875;3.879;3.872;1938;
b08e6267-d353-4686-8518-96968b09cdff;2025-02-28T17:34:00Z;3.876;3.871;3.876;3.871;1181;
b08e6267-d353-4686-8518-96968b09cdff;2025-02-28T17:35:00Z;3.872;3.87;3.872;3.867;1429;
b08e6267-d353-4686-8518-96968b09cdff;2025-02-28T17:36:00Z;3.871;3.868;3.872;3.867;1313;
b08e6267-d353-4686-8518-96968b09cdff;2025-02-28T17:37:00Z;3.868;3.864;3.869;3.86;1706;
b08e6267-d353-4686-8518-96968b09cdff;2025-02-28T17:38:00Z;3.863;3.865;3.865;3.861;902;
b08e6267-d353-4686-8518-96968b09cdff;2025-02-28T17:39:00Z;3.864;3.866;3.866;3.863;733;
b08e6267-d353-4686-8518-96968b09cdff;2025-02-28T17:40:00Z;3.866;3.876;3.88;3.865;1663;
b08e6267-d353-4686-8518-96968b09cdff;2025-02-28T17:41:00Z;3.876;3.87;3.878;3.867;907;
b08e6267-d353-4686-8518-96968b09cdff;2025-02-28T17:42:00Z;3.87;3.869;3.87;3.868;428;
b08e6267-d353-4686-8518-96968b09cdff;2025-02-28T17:43:00Z;3.869;3.869;3.869;3.867;429;
b08e6267-d353-4686-8518-96968b09cdff;2025-02-28T17:44:00Z;3.869;3.867;3.87;3.866;1367;
b08e6267-d353-4686-8518-96968b09cdff;2025-02-28T17:45:00Z;3.866;3.866;3.867;3.866;451;
b08e6267-d353-4686-8518-96968b09cdff;2025-02-28T17:46:00Z;3.867;3.863;3.867;3.863;738;
b08e6267-d353-4686-8518-96968b09cdff;2025-02-28T17:47:00Z;3.863;3.863;3.865;3.862;416;
b08e6267-d353-4686-8518-96968b09cdff;2025-02-28T17:48:00Z;3.864;3.863;3.865;3.862;533;
b08e6267-d353-4686-8518-96968b09cdff;2025-02-28T17:49:00Z;3.862;3.862;3.863;3.862;405;
b08e6267-d353-4686-8518-96968b09cdff;2025-02-28T17:50:00Z;3.862;3.86;3.863;3.86;1824;
b08e6267-d353-4686-8518-96968b09cdff;2025-02-28T17:51:00Z;3.862;3.861;3.862;3.86;268;
b08e6267-d353-4686-8518-96968b09cdff;2025-02-28T17:52:00Z;3.861;3.861;3.862;3.86;565;
b08e6267-d353-4686-8518-96968b09cdff;2025-02-28T17:53:00Z;3.861;3.865;3.866;3.861;560;
b08e6267-d353-4686-8518-96968b09cdff;2025-02-28T17:54:00Z;3.865;3.867;3.867;3.865;1002;
b08e6267-d353-4686-8518-96968b09cdff;2025-02-28T17:55:00Z;3.867;3.865;3.867;3.864;229;
b08e6267-d353-4686-8518-96968b09cdff;2025-02-28T17:56:00Z;3.866;3.87;3.87;3.865;599;
b08e6267-d353-4686-8518-96968b09cdff;2025-02-28T17:57:00Z;3.869;3.877;3.877;3.867;1588;
b08e6267-d353-4686-8518-96968b09cdff;2025-02-28T17:58:00Z;3.876;3.876;3.877;3.874;954;
b08e6267-d353-4686-8518-96968b09cdff;2025-02-28T17:59:00Z;3.876;3.872;3.877;3.872;599;
b08e6267-d353-4686-8518-96968b09cdff;2025-02-28T18:00:00Z;3.872;3.876;3.876;3.871;655;
b08e6267-d353-4686-8518-96968b09cdff;2025-02-28T18:01:00Z;3.876;3.873;3.876;3.872;586;
b08e6267-d353-4686-8518-96968b09cdff;2025-02-28T18:02:00Z;3.874;3.872;3.876;3.872;1112;
b08e6267-d353-4686-8518-96968b09cdff;2025-02-28T18:03:00Z;3.872;3.873;3.873;3.872;391;
b08e6267-d353-4686-8518-96968b09cdff;2025-02-28T18:04:00Z;3.872;3.873;3.873;3.871;275;
b08e6267-d353-4686-8518-96968b09cdff;2025-02-28T18:05:00Z;3.873;3.874;3.874;3.873;226;
b08e6267-d353-4686-8518-96968b09cdff;2025-02-28T18:06:00Z;3.874;3.867;3.875;3.866;8779;
b08e6267-d353-4686-8518-96968b09cdff;2025-02-28T18:07:00Z;3.867;3.868;3.87;3.866;854;
b08e6267-d353-4686-8518-96968b09cdff;2025-02-28T18:08:00Z;3.868;3.868;3.869;3.865;724;
b08e6267-d353-4686-8518-96968b09cdff;2025-02-28T18:09:00Z;3.868;3.865;3.868;3.864;900;
b08e6267-d353-4686-8518-96968b09cdff;2025-02-28T18:10:00Z;3.865;3.864;3.865;3.864;581;
b08e6267-d353-4686-8518-96968b09cdff;2025-02-28T18:11:00Z;3.864;3.865;3.865;3.862;1208;
b08e6267-d353-4686-8518-96968b09cdff;2025-02-28T18:12:00Z;3.863;3.863;3.865;3.863;149;
b08e6267-d353-4686-8518-96968b09cdff;2025-02-28T18:13:00Z;3.865;3.856;3.865;3.855;2042;
b08e6267-d353-4686-8518-96968b09cdff;2025-02-28T18:14:00Z;3.855;3.863;3.863;3.855;1198;
b08e6267-d353-4686-8518-96968b09cdff;2025-02-28T18:15:00Z;3.863;3.858;3.863;3.858;1078;
b08e6267-d353-4686-8518-96968b09cdff;2025-02-28T18:16:00Z;3.859;3.864;3.865;3.859;731;
b08e6267-d353-4686-8518-96968b09cdff;2025-02-28T18:17:00Z;3.864;3.865;3.865;3.861;297;
b08e6267-d353-4686-8518-96968b09cdff;2025-02-28T18:18:00Z;3.864;3.861;3.864;3.861;312;
b08e6267-d353-4686-8518-96968b09cdff;2025-02-28T18:19:00Z;3.861;3.86;3.863;3.86;215;
b08e6267-d353-4686-8518-96968b09cdff;2025-02-28T18:20:00Z;3.861;3.855;3.862;3.854;1334;
b08e6267-d353-4686-8518-96968b09cdff;2025-02-28T18:21:00Z;3.855;3.857;3.859;3.853;855;
b08e6267-d353-4686-8518-96968b09cdff;2025-02-28T18:22:00Z;3.859;3.854;3.859;3.853;669;
b08e6267-d353-4686-8518-96968b09cdff;2025-02-28T18:23:00Z;3.853;3.847;3.855;3.847;2763;
b08e6267-d353-4686-8518-96968b09cdff;2025-02-28T18:24:00Z;3.848;3.847;3.849;3.843;4594;
b08e6267-d353-4686-8518-96968b09cdff;2025-02-28T18:25:00Z;3.847;3.848;3.848;3.844;1374;
b08e6267-d353-4686-8518-96968b09cdff;2025-02-28T18:26:00Z;3.848;3.853;3.854;3.847;1352;
b08e6267-d353-4686-8518-96968b09cdff;2025-02-28T18:27:00Z;3.853;3.857;3.857;3.852;1034;
b08e6267-d353-4686-8518-96968b09cdff;2025-02-28T18:28:00Z;3.857;3.857;3.857;3.854;328;
b08e6267-d353-4686-8518-96968b09cdff;2025-02-28T18:29:00Z;3.857;3.86;3.86;3.856;1224;
b08e6267-d353-4686-8518-96968b09cdff;2025-02-28T18:30:00Z;3.859;3.854;3.859;3.853;772;
b08e6267-d353-4686-8518-96968b09cdff;2025-02-28T18:31:00Z;3.855;3.859;3.86;3.853;347;
b08e6267-d353-4686-8518-96968b09cdff;2025-02-28T18:32:00Z;3.859;3.865;3.867;3.858;1223;
b08e6267-d353-4686-8518-96968b09cdff;2025-02-28T18:33:00Z;3.867;3.865;3.867;3.861;1019;
b08e6267-d353-4686-8518-96968b09cdff;2025-02-28T18:34:00Z;3.866;3.872;3.873;3.865;2097;
b08e6267-d353-4686-8518-96968b09cdff;2025-02-28T18:35:00Z;3.872;3.862;3.873;3.862;2091;
b08e6267-d353-4686-8518-96968b09cdff;2025-02-28T18:36:00Z;3.864;3.858;3.864;3.858;706;
b08e6267-d353-4686-8518-96968b09cdff;2025-02-28T18:37:00Z;3.858;3.859;3.861;3.857;391;
b08e6267-d353-4686-8518-96968b09cdff;2025-02-28T18:38:00Z;3.859;3.859;3.86;3.856;380;
b08e6267-d353-4686-8518-96968b09cdff;2025-02-28T18:39:00Z;3.858;3.858;3.86;3.858;90;
b08e6267-d353-4686-8518-96968b09cdff;2025-02-28T18:40:00Z;3.858;3.86;3.861;3.857;356;
b08e6267-d353-4686-8518-96968b09cdff;2025-02-28T18:41:00Z;3.86;3.856;3.86;3.856;407;
b08e6267-d353-4686-8518-96968b09cdff;2025-02-28T18:42:00Z;3.857;3.859;3.86;3.857;34;
b08e6267-d353-4686-8518-96968b09cdff;2025-02-28T18:43:00Z;3.858;3.856;3.86;3.856;68;
b08e6267-d353-4686-8518-96968b09cdff;2025-02-28T18:44:00Z;3.856;3.853;3.859;3.853;631;
b08e6267-d353-4686-8518-96968b09cdff;2025-02-28T18:45:00Z;3.853;3.855;3.855;3.853;478;
b08e6267-d353-4686-8518-96968b09cdff;2025-02-28T18:46:00Z;3.853;3.858;3.86;3.853;275;
b08e6267-d353-4686-8518-96968b09cdff;2025-02-28T18:47:00Z;3.859;3.863;3.863;3.859;291;
b08e6267-d353-4686-8518-96968b09cdff;2025-02-28T18:48:00Z;3.863;3.867;3.869;3.863;1513;
b08e6267-d353-4686-8518-96968b09cdff;2025-02-28T18:49:00Z;3.866;3.869;3.87;3.866;745;
b08e6267-d353-4686-8518-96968b09cdff;2025-02-28T18:50:00Z;3.869;3.867;3.871;3.867;1862;
b08e6267-d353-4686-8518-96968b09cdff;2025-02-28T18:51:00Z;3.868;3.868;3.869;3.867;481;
b08e6267-d353-4686-8518-96968b09cdff;2025-02-28T18:52:00Z;3.868;3.862;3.868;3.862;450;
b08e6267-d353-4686-8518-96968b09cdff;2025-02-28T18:53:00Z;3.862;3.862;3.862;3.86;125;
b08e6267-d353-4686-8518-96968b09cdff;2025-02-28T18:54:00Z;3.862;3.86;3.862;3.86;50;
b08e6267-d353-4686-8518-96968b09cdff;2025-02-28T18:55:00Z;3.861;3.859;3.861;3.858;356;
b08e6267-d353-4686-8518-96968b09cdff;2025-02-28T18:56:00Z;3.859;3.861;3.861;3.859;316;
b08e6267-d353-4686-8518-96968b09cdff;2025-02-28T18:57:00Z;3.86;3.86;3.862;3.859;426;
b08e6267-d353-4686-8518-96968b09cdff;2025-02-28T18:58:00Z;3.86;3.859;3.862;3.859;156;
b08e6267-d353-4686-8518-96968b09cdff;2025-02-28T18:59:00Z;3.859;3.859;3.861;3.859;69;
b08e6267-d353-4686-8518-96968b09cdff;2025-02-28T19:00:00Z;3.859;3.853;3.859;3.852;1123;
b08e6267-d353-4686-8518-96968b09cdff;2025-02-28T19:01:00Z;3.853;3.856;3.857;3.853;177;
b08e6267-d353-4686-8518-96968b09cdff;2025-02-28T19:02:00Z;3.856;3.857;3.859;3.853;554;
b08e6267-d353-4686-8518-96968b09cdff;2025-02-28T19:03:00Z;3.856;3.856;3.858;3.855;255;
b08e6267-d353-4686-8518-96968b09cdff;2025-02-28T19:04:00Z;3.855;3.85;3.858;3.85;1408;
b08e6267-d353-4686-8518-96968b09cdff;2025-02-28T19:05:00Z;3.85;3.848;3.852;3.848;1384;
b08e6267-d353-4686-8518-96968b09cdff;2025-02-28T19:06:00Z;3.849;3.847;3.852;3.847;1724;
b08e6267-d353-4686-8518-96968b09cdff;2025-02-28T19:07:00Z;3.847;3.847;3.848;3.845;1386;
b08e6267-d353-4686-8518-96968b09cdff;2025-02-28T19:08:00Z;3.847;3.85;3.85;3.845;1049;
b08e6267-d353-4686-8518-96968b09cdff;2025-02-28T19:09:00Z;3.851;3.852;3.853;3.85;1087;
b08e6267-d353-4686-8518-96968b09cdff;2025-02-28T19:10:00Z;3.852;3.851;3.855;3.847;2560;
b08e6267-d353-4686-8518-96968b09cdff;2025-02-28T19:11:00Z;3.851;3.848;3.852;3.848;748;
b08e6267-d353-4686-8518-96968b09cdff;2025-02-28T19:12:00Z;3.848;3.847;3.848;3.845;1242;
b08e6267-d353-4686-8518-96968b09cdff;2025-02-28T19:13:00Z;3.848;3.848;3.848;3.844;3836;
b08e6267-d353-4686-8518-96968b09cdff;2025-02-28T19:14:00Z;3.847;3.846;3.85;3.845;956;
b08e6267-d353-4686-8518-96968b09cdff;2025-02-28T19:15:00Z;3.845;3.845;3.846;3.843;720;
b08e6267-d353-4686-8518-96968b09cdff;2025-02-28T19:16:00Z;3.845;3.845;3.846;3.844;630;
b08e6267-d353-4686-8518-96968b09cdff;2025-02-28T19:17:00Z;3.845;3.846;3.846;3.844;960;
b08e6267-d353-4686-8518-96968b09cdff;2025-02-28T19:18:00Z;3.846;3.844;3.849;3.844;2338;
b08e6267-d353-4686-8518-96968b09cdff;2025-02-28T19:19:00Z;3.845;3.837;3.846;3.836;6047;
b08e6267-d353-4686-8518-96968b09cdff;2025-02-28T19:20:00Z;3.838;3.84;3.842;3.836;2257;
b08e6267-d353-4686-8518-96968b09cdff;2025-02-28T19:21:00Z;3.841;3.842;3.843;3.839;704;
b08e6267-d353-4686-8518-96968b09cdff;2025-02-28T19:22:00Z;3.842;3.838;3.845;3.836;1176;
b08e6267-d353-4686-8518-96968b09cdff;2025-02-28T19:23:00Z;3.837;3.838;3.84;3.837;398;
b08e6267-d353-4686-8518-96968b09cdff;2025-02-28T19:24:00Z;3.837;3.842;3.842;3.837;1308;
b08e6267-d353-4686-8518-96968b09cdff;2025-02-28T19:25:00Z;3.841;3.836;3.842;3.834;1988;
b08e6267-d353-4686-8518-96968b09cdff;2025-02-28T19:26:00Z;3.835;3.825;3.835;3.82;10538;
b08e6267-d353-4686-8518-96968b09cdff;2025-02-28T19:27:00Z;3.825;3.826;3.831;3.825;2673;
b08e6267-d353-4686-8518-96968b09cdff;2025-02-28T19:28:00Z;3.826;3.83;3.836;3.825;2795;
b08e6267-d353-4686-8518-96968b09cdff;2025-02-28T19:29:00Z;3.83;3.831;3.833;3.828;2056;
b08e6267-d353-4686-8518-96968b09cdff;2025-02-28T19:30:00Z;3.832;3.834;3.834;3.827;1484;
b08e6267-d353-4686-8518-96968b09cdff;2025-02-28T19:31:00Z;3.834;3.833;3.837;3.831;1603;
b08e6267-d353-4686-8518-96968b09cdff;2025-02-28T19:32:00Z;3.834;3.832;3.834;3.83;513;
b08e6267-d353-4686-8518-96968b09cdff;2025-02-28T19:33:00Z;3.831;3.835;3.835;3.831;604;
b08e6267-d353-4686-8518-96968b09cdff;2025-02-28T19:34:00Z;3.835;3.836;3.838;3.834;1399;
b08e6267-d353-4686-8518-96968b09cdff;2025-02-28T19:35:00Z;3.835;3.838;3.839;3.835;1633;
b08e6267-d353-4686-8518-96968b09cdff;2025-02-28T19:36:00Z;3.837;3.84;3.84;3.837;623;
b08e6267-d353-4686-8518-96968b09cdff;2025-02-28T19:37:00Z;3.84;3.84;3.84;3.837;487;
b08e6267-d353-4686-8518-96968b09cdff;2025-02-28T19:38:00Z;3.839;3.836;3.84;3.836;729;
b08e6267-d353-4686-8518-96968b09cdff;2025-02-28T19:39:00Z;3.836;3.835;3.838;3.835;354;
b08e6267-d353-4686-8518-96968b09cdff;2025-02-28T19:40:00Z;3.835;3.836;3.837;3.835;231;
b08e6267-d353-4686-8518-96968b09cdff;2025-02-28T19:41:00Z;3.837;3.835;3.837;3.835;313;
b08e6267-d353-4686-8518-96968b09cdff;2025-02-28T19:42:00Z;3.836;3.838;3.839;3.835;319;
b08e6267-d353-4686-8518-96968b09cdff;2025-02-28T19:43:00Z;3.839;3.838;3.839;3.837;412;
b08e6267-d353-4686-8518-96968b09cdff;2025-02-28T19:44:00Z;3.838;3.837;3.838;3.837;96;
b08e6267-d353-4686-8518-96968b09cdff;2025-02-28T19:45:00Z;3.837;3.84;3.84;3.837;756;
b08e6267-d353-4686-8518-96968b09cdff;2025-02-28T19:46:00Z;3.84;3.847;3.847;3.84;1737;
b08e6267-d353-4686-8518-96968b09cdff;2025-02-28T19:47:00Z;3.847;3.846;3.848;3.844;1242;
b08e6267-d353-4686-8518-96968b09cdff;2025-02-28T19:48:00Z;3.846;3.843;3.846;3.843;380;
b08e6267-d353-4686-8518-96968b09cdff;2025-02-28T19:49:00Z;3.844;3.843;3.844;3.842;153;
b08e6267-d353-4686-8518-96968b09cdff;2025-02-28T19:50:00Z;3.844;3.845;3.845;3.843;168;
b08e6267-d353-4686-8518-96968b09cdff;2025-02-28T19:51:00Z;3.844;3.846;3.848;3.844;875;
b08e6267-d353-4686-8518-96968b09cdff;2025-02-28T19:52:00Z;3.847;3.848;3.848;3.847;63;
b08e6267-d353-4686-8518-96968b09cdff;2025-02-28T19:53:00Z;3.848;3.846;3.848;3.845;404;
b08e6267-d353-4686-8518-96968b09cdff;2025-02-28T19:54:00Z;3.845;3.845;3.846;3.845;227;
b08e6267-d353-4686-8518-96968b09cdff;2025-02-28T19:55:00Z;3.845;3.845;3.845;3.842;1211;
b08e6267-d353-4686-8518-96968b09cdff;2025-02-28T19:56:00Z;3.845;3.844;3.846;3.844;234;
b08e6267-d353-4686-8518-96968b09cdff;2025-02-28T19:57:00Z;3.844;3.845;3.845;3.844;1197;
b08e6267-d353-4686-8518-96968b09cdff;2025-02-28T19:58:00Z;3.845;3.843;3.845;3.843;261;
b08e6267-d353-4686-8518-96968b09cdff;2025-02-28T19:59:00Z;3.843;3.844;3.845;3.843;252;
b08e6267-d353-4686-8518-96968b09cdff;2025-02-28T20:00:00Z;3.844;3.842;3.844;3.842;478;
b08e6267-d353-4686-8518-96968b09cdff;2025-02-28T20:01:00Z;3.842;3.837;3.843;3.835;3231;
b08e6267-d353-4686-8518-96968b09cdff;2025-02-28T20:02:00Z;3.837;3.836;3.837;3.835;222;
b08e6267-d353-4686-8518-96968b09cdff;2025-02-28T20:03:00Z;3.837;3.833;3.837;3.833;1480;
b08e6267-d353-4686-8518-96968b09cdff;2025-02-28T20:04:00Z;3.833;3.835;3.836;3.833;1063;
b08e6267-d353-4686-8518-96968b09cdff;2025-02-28T20:05:00Z;3.834;3.835;3.836;3.834;114;
b08e6267-d353-4686-8518-96968b09cdff;2025-02-28T20:06:00Z;3.835;3.835;3.839;3.835;540;
b08e6267-d353-4686-8518-96968b09cdff;2025-02-28T20:07:00Z;3.835;3.838;3.838;3.835;197;
b08e6267-d353-4686-8518-96968b09cdff;2025-02-28T20:08:00Z;3.837;3.838;3.838;3.836;320;
b08e6267-d353-4686-8518-96968b09cdff;2025-02-28T20:09:00Z;3.837;3.836;3.84;3.836;656;
b08e6267-d353-4686-8518-96968b09cdff;2025-02-28T20:10:00Z;3.838;3.837;3.839;3.837;199;
b08e6267-d353-4686-8518-96968b09cdff;2025-02-28T20:11:00Z;3.837;3.836;3.837;3.835;363;
b08e6267-d353-4686-8518-96968b09cdff;2025-02-28T20:12:00Z;3.835;3.838;3.838;3.835;251;
b08e6267-d353-4686-8518-96968b09cdff;2025-02-28T20:13:00Z;3.838;3.838;3.839;3.837;647;
b08e6267-d353-4686-8518-96968b09cdff;2025-02-28T20:14:00Z;3.837;3.837;3.839;3.837;226;
b08e6267-d353-4686-8518-96968b09cdff;2025-02-28T20:15:00Z;3.838;3.835;3.839;3.832;1788;
b08e6267-d353-4686-8518-96968b09cdff;2025-02-28T20:16:00Z;3.835;3.834;3.835;3.832;349;
b08e6267-d353-4686-8518-96968b09cdff;2025-02-28T20:17:00Z;3.833;3.835;3.836;3.833;176;
b08e6267-d353-4686-8518-96968b09cdff;2025-02-28T20:18:00Z;3.834;3.832;3.834;3.83;871;
b08e6267-d353-4686-8518-96968b09cdff;2025-02-28T20:19:00Z;3.832;3.833;3.835;3.832;400;
b08e6267-d353-4686-8518-96968b09cdff;2025-02-28T20:20:00Z;3.835;3.834;3.835;3.833;513;
b08e6267-d353-4686-8518-96968b09cdff;2025-02-28T20:21:00Z;3.834;3.833;3.835;3.833;425;
b08e6267-d353-4686-8518-96968b09cdff;2025-02-28T20:22:00Z;3.835;3.833;3.835;3.833;710;
b08e6267-d353-4686-8518-96968b09cdff;2025-02-28T20:23:00Z;3.834;3.831;3.834;3.83;866;
b08e6267-d353-4686-8518-96968b09cdff;2025-02-28T20:24:00Z;3.832;3.832;3.833;3.831;116;
b08e6267-d353-4686-8518-96968b09cdff;2025-02-28T20:25:00Z;3.833;3.835;3.835;3.833;240;
b08e6267-d353-4686-8518-96968b09cdff;2025-02-28T20:26:00Z;3.834;3.834;3.835;3.834;615;
b08e6267-d353-4686-8518-96968b09cdff;2025-02-28T20:27:00Z;3.835;3.834;3.835;3.833;396;
b08e6267-d353-4686-8518-96968b09cdff;2025-02-28T20:28:00Z;3.835;3.837;3.837;3.835;551;
b08e6267-d353-4686-8518-96968b09cdff;2025-02-28T20:29:00Z;3.836;3.836;3.838;3.836;350;
b08e6267-d353-4686-8518-96968b09cdff;2025-02-28T20:30:00Z;3.837;3.841;3.841;3.836;618;
b08e6267-d353-4686-8518-96968b09cdff;2025-02-28T20:31:00Z;3.841;3.842;3.842;3.839;310;
b08e6267-d353-4686-8518-96968b09cdff;2025-02-28T20:32:00Z;3.842;3.84;3.842;3.84;353;
b08e6267-d353-4686-8518-96968b09cdff;2025-02-28T20:33:00Z;3.841;3.84;3.842;3.84;513;
b08e6267-d353-4686-8518-96968b09cdff;2025-02-28T20:34:00Z;3.841;3.84;3.841;3.838;567;
b08e6267-d353-4686-8518-96968b09cdff;2025-02-28T20:35:00Z;3.839;3.835;3.839;3.834;1504;
b08e6267-d353-4686-8518-96968b09cdff;2025-02-28T20:36:00Z;3.836;3.836;3.838;3.834;3411;
b08e6267-d353-4686-8518-96968b09cdff;2025-02-28T20:37:00Z;3.835;3.833;3.836;3.831;1281;
b08e6267-d353-4686-8518-96968b09cdff;2025-02-28T20:38:00Z;3.832;3.832;3.834;3.831;490;
b08e6267-d353-4686-8518-96968b09cdff;2025-02-28T20:39:00Z;3.834;3.831;3.834;3.831;297;
b08e6267-d353-4686-8518-96968b09cdff;2025-02-28T20:40:00Z;3.833;3.834;3.835;3.832;751;
b08e6267-d353-4686-8518-96968b09cdff;2025-02-28T20:41:00Z;3.833;3.834;3.835;3.832;417;
b08e6267-d353-4686-8518-96968b09cdff;2025-02-28T20:42:00Z;3.833;3.834;3.834;3.833;256;
b08e6267-d353-4686-8518-96968b09cdff;2025-02-28T20:43:00Z;3.834;3.83;3.834;3.829;1608;
b08e6267-d353-4686-8518-96968b09cdff;2025-02-28T20:44:00Z;3.83;3.832;3.834;3.83;697;
b08e6267-d353-4686-8518-96968b09cdff;2025-02-28T20:45:00Z;3.832;3.829;3.834;3.829;1553;
b08e6267-d353-4686-8518-96968b09cdff;2025-02-28T20:46:00Z;3.83;3.829;3.833;3.829;512;
b08e6267-d353-4686-8518-96968b09cdff;2025-02-28T20:47:00Z;3.83;3.829;3.83;3.828;458;
b08e6267-d353-4686-8518-96968b09cdff;2025-02-28T20:48:00Z;3.828;3.829;3.829;3.826;2369;
b08e6267-d353-4686-8518-96968b09cdff;2025-02-28T20:49:00Z;3.828;3.829;3.83;3.827;2298;
