db4b4990-0864-4595-a238-c5922723d84b;2025-03-03T05:59:00Z;12.134;12.138;12.138;12.134;2485;
db4b4990-0864-4595-a238-c5922723d84b;2025-03-03T06:00:00Z;12.135;12.184;12.192;12.132;44298;
db4b4990-0864-4595-a238-c5922723d84b;2025-03-03T06:01:00Z;12.181;12.185;12.196;12.178;16526;
db4b4990-0864-4595-a238-c5922723d84b;2025-03-03T06:02:00Z;12.182;12.197;12.205;12.182;12339;
db4b4990-0864-4595-a238-c5922723d84b;2025-03-03T06:03:00Z;12.197;12.196;12.204;12.195;18368;
db4b4990-0864-4595-a238-c5922723d84b;2025-03-03T06:04:00Z;12.197;12.204;12.206;12.187;11975;
db4b4990-0864-4595-a238-c5922723d84b;2025-03-03T06:05:00Z;12.204;12.195;12.209;12.194;8564;
db4b4990-0864-4595-a238-c5922723d84b;2025-03-03T06:06:00Z;12.195;12.188;12.195;12.18;12740;
db4b4990-0864-4595-a238-c5922723d84b;2025-03-03T06:07:00Z;12.189;12.197;12.205;12.186;7435;
db4b4990-0864-4595-a238-c5922723d84b;2025-03-03T06:08:00Z;12.197;12.213;12.226;12.196;21939;
db4b4990-0864-4595-a238-c5922723d84b;2025-03-03T06:09:00Z;12.215;12.208;12.215;12.2;4805;
db4b4990-0864-4595-a238-c5922723d84b;2025-03-03T06:10:00Z;12.207;12.205;12.21;12.2;4428;
db4b4990-0864-4595-a238-c5922723d84b;2025-03-03T06:11:00Z;12.206;12.196;12.214;12.195;7312;
db4b4990-0864-4595-a238-c5922723d84b;2025-03-03T06:12:00Z;12.195;12.197;12.2;12.19;3286;
db4b4990-0864-4595-a238-c5922723d84b;2025-03-03T06:13:00Z;12.197;12.187;12.198;12.186;3390;
db4b4990-0864-4595-a238-c5922723d84b;2025-03-03T06:14:00Z;12.187;12.2;12.2;12.186;6487;
db4b4990-0864-4595-a238-c5922723d84b;2025-03-03T06:15:00Z;12.198;12.203;12.208;12.197;3749;
db4b4990-0864-4595-a238-c5922723d84b;2025-03-03T06:16:00Z;12.204;12.21;12.211;12.197;4467;
db4b4990-0864-4595-a238-c5922723d84b;2025-03-03T06:17:00Z;12.21;12.217;12.219;12.208;8968;
db4b4990-0864-4595-a238-c5922723d84b;2025-03-03T06:18:00Z;12.217;12.232;12.237;12.216;23883;
db4b4990-0864-4595-a238-c5922723d84b;2025-03-03T06:19:00Z;12.229;12.221;12.233;12.218;5040;
db4b4990-0864-4595-a238-c5922723d84b;2025-03-03T06:20:00Z;12.224;12.233;12.237;12.22;7684;
db4b4990-0864-4595-a238-c5922723d84b;2025-03-03T06:21:00Z;12.232;12.229;12.238;12.22;11546;
db4b4990-0864-4595-a238-c5922723d84b;2025-03-03T06:22:00Z;12.227;12.222;12.23;12.221;2829;
db4b4990-0864-4595-a238-c5922723d84b;2025-03-03T06:23:00Z;12.223;12.234;12.239;12.223;4125;
db4b4990-0864-4595-a238-c5922723d84b;2025-03-03T06:24:00Z;12.235;12.233;12.238;12.232;2658;
db4b4990-0864-4595-a238-c5922723d84b;2025-03-03T06:25:00Z;12.232;12.229;12.233;12.225;2327;
db4b4990-0864-4595-a238-c5922723d84b;2025-03-03T06:26:00Z;12.227;12.216;12.228;12.216;2552;
db4b4990-0864-4595-a238-c5922723d84b;2025-03-03T06:27:00Z;12.216;12.216;12.218;12.215;1148;
db4b4990-0864-4595-a238-c5922723d84b;2025-03-03T06:28:00Z;12.217;12.216;12.218;12.216;527;
db4b4990-0864-4595-a238-c5922723d84b;2025-03-03T06:29:00Z;12.217;12.213;12.217;12.211;1413;
db4b4990-0864-4595-a238-c5922723d84b;2025-03-03T06:30:00Z;12.213;12.222;12.223;12.213;4895;
db4b4990-0864-4595-a238-c5922723d84b;2025-03-03T06:31:00Z;12.221;12.228;12.23;12.22;5455;
db4b4990-0864-4595-a238-c5922723d84b;2025-03-03T06:32:00Z;12.227;12.232;12.248;12.227;14479;
db4b4990-0864-4595-a238-c5922723d84b;2025-03-03T06:33:00Z;12.232;12.233;12.234;12.232;832;
db4b4990-0864-4595-a238-c5922723d84b;2025-03-03T06:34:00Z;12.232;12.235;12.237;12.231;1850;
db4b4990-0864-4595-a238-c5922723d84b;2025-03-03T06:35:00Z;12.238;12.242;12.247;12.237;2711;
db4b4990-0864-4595-a238-c5922723d84b;2025-03-03T06:36:00Z;12.242;12.24;12.242;12.237;962;
db4b4990-0864-4595-a238-c5922723d84b;2025-03-03T06:37:00Z;12.24;12.228;12.24;12.227;3107;
db4b4990-0864-4595-a238-c5922723d84b;2025-03-03T06:38:00Z;12.228;12.225;12.229;12.22;2328;
db4b4990-0864-4595-a238-c5922723d84b;2025-03-03T06:39:00Z;12.226;12.226;12.23;12.224;1246;
db4b4990-0864-4595-a238-c5922723d84b;2025-03-03T06:40:00Z;12.229;12.235;12.238;12.228;3284;
db4b4990-0864-4595-a238-c5922723d84b;2025-03-03T06:41:00Z;12.235;12.232;12.235;12.232;767;
db4b4990-0864-4595-a238-c5922723d84b;2025-03-03T06:42:00Z;12.232;12.233;12.235;12.232;488;
db4b4990-0864-4595-a238-c5922723d84b;2025-03-03T06:43:00Z;12.233;12.228;12.234;12.228;2160;
db4b4990-0864-4595-a238-c5922723d84b;2025-03-03T06:44:00Z;12.228;12.222;12.228;12.221;1917;
db4b4990-0864-4595-a238-c5922723d84b;2025-03-03T06:45:00Z;12.223;12.225;12.228;12.221;2463;
db4b4990-0864-4595-a238-c5922723d84b;2025-03-03T06:46:00Z;12.226;12.228;12.228;12.223;794;
db4b4990-0864-4595-a238-c5922723d84b;2025-03-03T06:47:00Z;12.229;12.232;12.233;12.229;276;
db4b4990-0864-4595-a238-c5922723d84b;2025-03-03T06:48:00Z;12.232;12.234;12.235;12.231;740;
db4b4990-0864-4595-a238-c5922723d84b;2025-03-03T06:49:00Z;12.235;12.237;12.238;12.232;891;
db4b4990-0864-4595-a238-c5922723d84b;2025-03-03T06:50:00Z;12.237;12.252;12.254;12.237;8870;
db4b4990-0864-4595-a238-c5922723d84b;2025-03-03T06:51:00Z;12.252;12.248;12.254;12.247;2140;
db4b4990-0864-4595-a238-c5922723d84b;2025-03-03T06:52:00Z;12.248;12.249;12.249;12.245;2113;
db4b4990-0864-4595-a238-c5922723d84b;2025-03-03T06:53:00Z;12.25;12.255;12.256;12.25;4171;
db4b4990-0864-4595-a238-c5922723d84b;2025-03-03T06:54:00Z;12.255;12.244;12.256;12.243;4162;
db4b4990-0864-4595-a238-c5922723d84b;2025-03-03T06:55:00Z;12.243;12.251;12.257;12.243;3934;
db4b4990-0864-4595-a238-c5922723d84b;2025-03-03T06:56:00Z;12.252;12.254;12.257;12.252;1072;
db4b4990-0864-4595-a238-c5922723d84b;2025-03-03T06:57:00Z;12.254;12.255;12.259;12.25;8148;
db4b4990-0864-4595-a238-c5922723d84b;2025-03-03T06:58:00Z;12.254;12.241;12.255;12.241;3845;
db4b4990-0864-4595-a238-c5922723d84b;2025-03-03T06:59:00Z;12.242;12.234;12.243;12.225;6122;
db4b4990-0864-4595-a238-c5922723d84b;2025-03-03T07:00:00Z;12.235;12.268;12.269;12.233;56477;
db4b4990-0864-4595-a238-c5922723d84b;2025-03-03T07:01:00Z;12.268;12.294;12.294;12.268;45318;
db4b4990-0864-4595-a238-c5922723d84b;2025-03-03T07:02:00Z;12.293;12.286;12.297;12.283;24627;
db4b4990-0864-4595-a238-c5922723d84b;2025-03-03T07:03:00Z;12.285;12.274;12.287;12.264;27761;
db4b4990-0864-4595-a238-c5922723d84b;2025-03-03T07:04:00Z;12.273;12.282;12.288;12.273;7921;
db4b4990-0864-4595-a238-c5922723d84b;2025-03-03T07:05:00Z;12.282;12.286;12.288;12.28;18145;
db4b4990-0864-4595-a238-c5922723d84b;2025-03-03T07:06:00Z;12.286;12.281;12.288;12.275;18171;
db4b4990-0864-4595-a238-c5922723d84b;2025-03-03T07:07:00Z;12.281;12.279;12.284;12.276;6392;
db4b4990-0864-4595-a238-c5922723d84b;2025-03-03T07:08:00Z;12.279;12.265;12.279;12.256;29013;
db4b4990-0864-4595-a238-c5922723d84b;2025-03-03T07:09:00Z;12.266;12.272;12.276;12.264;11039;
db4b4990-0864-4595-a238-c5922723d84b;2025-03-03T07:10:00Z;12.272;12.273;12.276;12.272;2721;
db4b4990-0864-4595-a238-c5922723d84b;2025-03-03T07:11:00Z;12.273;12.272;12.274;12.27;2424;
db4b4990-0864-4595-a238-c5922723d84b;2025-03-03T07:12:00Z;12.273;12.292;12.295;12.267;21092;
db4b4990-0864-4595-a238-c5922723d84b;2025-03-03T07:13:00Z;12.294;12.282;12.296;12.281;12320;
db4b4990-0864-4595-a238-c5922723d84b;2025-03-03T07:14:00Z;12.282;12.283;12.284;12.275;9494;
db4b4990-0864-4595-a238-c5922723d84b;2025-03-03T07:15:00Z;12.284;12.307;12.309;12.282;37018;
db4b4990-0864-4595-a238-c5922723d84b;2025-03-03T07:16:00Z;12.308;12.294;12.31;12.294;13070;
db4b4990-0864-4595-a238-c5922723d84b;2025-03-03T07:17:00Z;12.294;12.298;12.306;12.294;20533;
db4b4990-0864-4595-a238-c5922723d84b;2025-03-03T07:18:00Z;12.299;12.302;12.307;12.295;11719;
db4b4990-0864-4595-a238-c5922723d84b;2025-03-03T07:19:00Z;12.302;12.3;12.303;12.296;7259;
db4b4990-0864-4595-a238-c5922723d84b;2025-03-03T07:20:00Z;12.299;12.286;12.302;12.282;15848;
db4b4990-0864-4595-a238-c5922723d84b;2025-03-03T07:21:00Z;12.284;12.283;12.285;12.267;25261;
db4b4990-0864-4595-a238-c5922723d84b;2025-03-03T07:22:00Z;12.283;12.269;12.287;12.262;17831;
db4b4990-0864-4595-a238-c5922723d84b;2025-03-03T07:23:00Z;12.271;12.279;12.282;12.269;4244;
db4b4990-0864-4595-a238-c5922723d84b;2025-03-03T07:24:00Z;12.279;12.273;12.281;12.273;14809;
db4b4990-0864-4595-a238-c5922723d84b;2025-03-03T07:25:00Z;12.273;12.26;12.274;12.244;32445;
db4b4990-0864-4595-a238-c5922723d84b;2025-03-03T07:26:00Z;12.261;12.256;12.261;12.251;7480;
db4b4990-0864-4595-a238-c5922723d84b;2025-03-03T07:27:00Z;12.256;12.263;12.268;12.256;11112;
db4b4990-0864-4595-a238-c5922723d84b;2025-03-03T07:28:00Z;12.265;12.266;12.266;12.253;7013;
db4b4990-0864-4595-a238-c5922723d84b;2025-03-03T07:29:00Z;12.266;12.271;12.276;12.261;14221;
db4b4990-0864-4595-a238-c5922723d84b;2025-03-03T07:30:00Z;12.273;12.274;12.276;12.268;4497;
db4b4990-0864-4595-a238-c5922723d84b;2025-03-03T07:31:00Z;12.273;12.277;12.279;12.273;7001;
db4b4990-0864-4595-a238-c5922723d84b;2025-03-03T07:32:00Z;12.277;12.263;12.279;12.263;14109;
db4b4990-0864-4595-a238-c5922723d84b;2025-03-03T07:33:00Z;12.263;12.26;12.266;12.251;20700;
db4b4990-0864-4595-a238-c5922723d84b;2025-03-03T07:34:00Z;12.261;12.244;12.264;12.243;33566;
db4b4990-0864-4595-a238-c5922723d84b;2025-03-03T07:35:00Z;12.245;12.251;12.259;12.225;98895;
db4b4990-0864-4595-a238-c5922723d84b;2025-03-03T07:36:00Z;12.252;12.248;12.252;12.242;10041;
db4b4990-0864-4595-a238-c5922723d84b;2025-03-03T07:37:00Z;12.246;12.24;12.25;12.236;10257;
db4b4990-0864-4595-a238-c5922723d84b;2025-03-03T07:38:00Z;12.24;12.26;12.261;12.233;12630;
db4b4990-0864-4595-a238-c5922723d84b;2025-03-03T07:39:00Z;12.26;12.256;12.27;12.254;41590;
db4b4990-0864-4595-a238-c5922723d84b;2025-03-03T07:40:00Z;12.256;12.252;12.259;12.25;11912;
db4b4990-0864-4595-a238-c5922723d84b;2025-03-03T07:41:00Z;12.252;12.248;12.255;12.24;27672;
db4b4990-0864-4595-a238-c5922723d84b;2025-03-03T07:42:00Z;12.248;12.254;12.255;12.247;5287;
db4b4990-0864-4595-a238-c5922723d84b;2025-03-03T07:43:00Z;12.252;12.253;12.254;12.248;4579;
db4b4990-0864-4595-a238-c5922723d84b;2025-03-03T07:44:00Z;12.253;12.257;12.263;12.252;6447;
db4b4990-0864-4595-a238-c5922723d84b;2025-03-03T07:45:00Z;12.258;12.253;12.264;12.25;16317;
db4b4990-0864-4595-a238-c5922723d84b;2025-03-03T07:46:00Z;12.253;12.255;12.258;12.252;2112;
db4b4990-0864-4595-a238-c5922723d84b;2025-03-03T07:47:00Z;12.256;12.256;12.259;12.254;3482;
db4b4990-0864-4595-a238-c5922723d84b;2025-03-03T07:48:00Z;12.256;12.26;12.26;12.251;12872;
db4b4990-0864-4595-a238-c5922723d84b;2025-03-03T07:49:00Z;12.26;12.251;12.263;12.25;8497;
db4b4990-0864-4595-a238-c5922723d84b;2025-03-03T07:50:00Z;12.251;12.247;12.252;12.245;9271;
db4b4990-0864-4595-a238-c5922723d84b;2025-03-03T07:51:00Z;12.247;12.249;12.255;12.247;3739;
db4b4990-0864-4595-a238-c5922723d84b;2025-03-03T07:52:00Z;12.249;12.25;12.255;12.248;2732;
db4b4990-0864-4595-a238-c5922723d84b;2025-03-03T07:53:00Z;12.25;12.248;12.25;12.248;1598;
db4b4990-0864-4595-a238-c5922723d84b;2025-03-03T07:54:00Z;12.248;12.249;12.249;12.248;1060;
db4b4990-0864-4595-a238-c5922723d84b;2025-03-03T07:55:00Z;12.248;12.25;12.251;12.248;1350;
db4b4990-0864-4595-a238-c5922723d84b;2025-03-03T07:56:00Z;12.249;12.249;12.249;12.248;383;
db4b4990-0864-4595-a238-c5922723d84b;2025-03-03T07:57:00Z;12.248;12.248;12.248;12.247;1319;
db4b4990-0864-4595-a238-c5922723d84b;2025-03-03T07:58:00Z;12.248;12.245;12.248;12.245;5220;
db4b4990-0864-4595-a238-c5922723d84b;2025-03-03T07:59:00Z;12.246;12.251;12.252;12.246;9519;
db4b4990-0864-4595-a238-c5922723d84b;2025-03-03T08:00:00Z;12.25;12.254;12.254;12.25;5000;
db4b4990-0864-4595-a238-c5922723d84b;2025-03-03T08:01:00Z;12.253;12.254;12.254;12.252;1274;
db4b4990-0864-4595-a238-c5922723d84b;2025-03-03T08:02:00Z;12.254;12.249;12.254;12.249;931;
db4b4990-0864-4595-a238-c5922723d84b;2025-03-03T08:03:00Z;12.249;12.249;12.25;12.248;1013;
db4b4990-0864-4595-a238-c5922723d84b;2025-03-03T08:04:00Z;12.249;12.245;12.25;12.245;1890;
db4b4990-0864-4595-a238-c5922723d84b;2025-03-03T08:05:00Z;12.246;12.248;12.248;12.245;2246;
db4b4990-0864-4595-a238-c5922723d84b;2025-03-03T08:06:00Z;12.247;12.247;12.247;12.243;3772;
db4b4990-0864-4595-a238-c5922723d84b;2025-03-03T08:07:00Z;12.246;12.245;12.248;12.243;4371;
db4b4990-0864-4595-a238-c5922723d84b;2025-03-03T08:08:00Z;12.245;12.25;12.25;12.245;3810;
db4b4990-0864-4595-a238-c5922723d84b;2025-03-03T08:09:00Z;12.249;12.245;12.249;12.242;17729;
db4b4990-0864-4595-a238-c5922723d84b;2025-03-03T08:10:00Z;12.244;12.247;12.25;12.244;3584;
db4b4990-0864-4595-a238-c5922723d84b;2025-03-03T08:11:00Z;12.248;12.246;12.248;12.244;3064;
db4b4990-0864-4595-a238-c5922723d84b;2025-03-03T08:12:00Z;12.246;12.245;12.247;12.244;6428;
db4b4990-0864-4595-a238-c5922723d84b;2025-03-03T08:13:00Z;12.244;12.246;12.248;12.242;24130;
db4b4990-0864-4595-a238-c5922723d84b;2025-03-03T08:14:00Z;12.246;12.247;12.248;12.246;8265;
db4b4990-0864-4595-a238-c5922723d84b;2025-03-03T08:15:00Z;12.246;12.246;12.247;12.246;2843;
db4b4990-0864-4595-a238-c5922723d84b;2025-03-03T08:16:00Z;12.246;12.238;12.247;12.235;9980;
db4b4990-0864-4595-a238-c5922723d84b;2025-03-03T08:17:00Z;12.238;12.237;12.243;12.231;18301;
db4b4990-0864-4595-a238-c5922723d84b;2025-03-03T08:18:00Z;12.237;12.239;12.245;12.233;13068;
db4b4990-0864-4595-a238-c5922723d84b;2025-03-03T08:19:00Z;12.239;12.243;12.245;12.237;2257;
db4b4990-0864-4595-a238-c5922723d84b;2025-03-03T08:20:00Z;12.243;12.238;12.243;12.238;5298;
db4b4990-0864-4595-a238-c5922723d84b;2025-03-03T08:21:00Z;12.238;12.232;12.238;12.232;4359;
db4b4990-0864-4595-a238-c5922723d84b;2025-03-03T08:22:00Z;12.231;12.224;12.232;12.222;31070;
db4b4990-0864-4595-a238-c5922723d84b;2025-03-03T08:23:00Z;12.224;12.223;12.228;12.221;19894;
db4b4990-0864-4595-a238-c5922723d84b;2025-03-03T08:24:00Z;12.223;12.225;12.227;12.222;7486;
db4b4990-0864-4595-a238-c5922723d84b;2025-03-03T08:25:00Z;12.225;12.232;12.235;12.224;13950;
db4b4990-0864-4595-a238-c5922723d84b;2025-03-03T08:26:00Z;12.232;12.231;12.235;12.231;6709;
db4b4990-0864-4595-a238-c5922723d84b;2025-03-03T08:27:00Z;12.231;12.23;12.233;12.23;7866;
db4b4990-0864-4595-a238-c5922723d84b;2025-03-03T08:28:00Z;12.23;12.232;12.233;12.226;36716;
db4b4990-0864-4595-a238-c5922723d84b;2025-03-03T08:29:00Z;12.233;12.232;12.233;12.231;9109;
db4b4990-0864-4595-a238-c5922723d84b;2025-03-03T08:30:00Z;12.232;12.224;12.232;12.224;32904;
db4b4990-0864-4595-a238-c5922723d84b;2025-03-03T08:31:00Z;12.225;12.22;12.225;12.22;7460;
db4b4990-0864-4595-a238-c5922723d84b;2025-03-03T08:32:00Z;12.22;12.214;12.221;12.214;20688;
db4b4990-0864-4595-a238-c5922723d84b;2025-03-03T08:33:00Z;12.215;12.214;12.218;12.213;18059;
db4b4990-0864-4595-a238-c5922723d84b;2025-03-03T08:34:00Z;12.214;12.214;12.219;12.213;12667;
db4b4990-0864-4595-a238-c5922723d84b;2025-03-03T08:35:00Z;12.214;12.224;12.225;12.211;21834;
db4b4990-0864-4595-a238-c5922723d84b;2025-03-03T08:36:00Z;12.224;12.215;12.224;12.214;8221;
db4b4990-0864-4595-a238-c5922723d84b;2025-03-03T08:37:00Z;12.215;12.215;12.217;12.213;8097;
db4b4990-0864-4595-a238-c5922723d84b;2025-03-03T08:38:00Z;12.215;12.217;12.217;12.212;15492;
db4b4990-0864-4595-a238-c5922723d84b;2025-03-03T08:39:00Z;12.216;12.218;12.223;12.215;8458;
db4b4990-0864-4595-a238-c5922723d84b;2025-03-03T08:40:00Z;12.217;12.215;12.218;12.215;6558;
db4b4990-0864-4595-a238-c5922723d84b;2025-03-03T08:41:00Z;12.215;12.215;12.217;12.214;4234;
db4b4990-0864-4595-a238-c5922723d84b;2025-03-03T08:42:00Z;12.215;12.218;12.218;12.214;7983;
db4b4990-0864-4595-a238-c5922723d84b;2025-03-03T08:43:00Z;12.217;12.22;12.223;12.215;10094;
db4b4990-0864-4595-a238-c5922723d84b;2025-03-03T08:44:00Z;12.22;12.222;12.222;12.218;2296;
db4b4990-0864-4595-a238-c5922723d84b;2025-03-03T08:45:00Z;12.221;12.219;12.223;12.218;3581;
db4b4990-0864-4595-a238-c5922723d84b;2025-03-03T08:46:00Z;12.22;12.219;12.22;12.214;6789;
db4b4990-0864-4595-a238-c5922723d84b;2025-03-03T08:47:00Z;12.219;12.219;12.219;12.217;1382;
db4b4990-0864-4595-a238-c5922723d84b;2025-03-03T08:48:00Z;12.219;12.222;12.223;12.218;5779;
db4b4990-0864-4595-a238-c5922723d84b;2025-03-03T08:49:00Z;12.222;12.221;12.222;12.218;4697;
db4b4990-0864-4595-a238-c5922723d84b;2025-03-03T08:50:00Z;12.221;12.221;12.226;12.22;8649;
db4b4990-0864-4595-a238-c5922723d84b;2025-03-03T08:51:00Z;12.22;12.223;12.224;12.219;3358;
db4b4990-0864-4595-a238-c5922723d84b;2025-03-03T08:52:00Z;12.224;12.226;12.227;12.219;8295;
db4b4990-0864-4595-a238-c5922723d84b;2025-03-03T08:53:00Z;12.226;12.226;12.226;12.223;4234;
db4b4990-0864-4595-a238-c5922723d84b;2025-03-03T08:54:00Z;12.224;12.222;12.224;12.221;1511;
db4b4990-0864-4595-a238-c5922723d84b;2025-03-03T08:55:00Z;12.223;12.22;12.223;12.22;1997;
db4b4990-0864-4595-a238-c5922723d84b;2025-03-03T08:56:00Z;12.22;12.215;12.22;12.215;20098;
db4b4990-0864-4595-a238-c5922723d84b;2025-03-03T08:57:00Z;12.215;12.219;12.22;12.215;13734;
db4b4990-0864-4595-a238-c5922723d84b;2025-03-03T08:58:00Z;12.219;12.219;12.22;12.216;3190;
db4b4990-0864-4595-a238-c5922723d84b;2025-03-03T08:59:00Z;12.219;12.217;12.219;12.217;3718;
db4b4990-0864-4595-a238-c5922723d84b;2025-03-03T09:00:00Z;12.217;12.248;12.252;12.217;111964;
db4b4990-0864-4595-a238-c5922723d84b;2025-03-03T09:01:00Z;12.248;12.238;12.251;12.236;16957;
db4b4990-0864-4595-a238-c5922723d84b;2025-03-03T09:02:00Z;12.237;12.23;12.239;12.225;16147;
db4b4990-0864-4595-a238-c5922723d84b;2025-03-03T09:03:00Z;12.232;12.235;12.236;12.227;10786;
db4b4990-0864-4595-a238-c5922723d84b;2025-03-03T09:04:00Z;12.234;12.235;12.237;12.232;4799;
db4b4990-0864-4595-a238-c5922723d84b;2025-03-03T09:05:00Z;12.235;12.239;12.241;12.234;10598;
db4b4990-0864-4595-a238-c5922723d84b;2025-03-03T09:06:00Z;12.238;12.243;12.243;12.237;11030;
db4b4990-0864-4595-a238-c5922723d84b;2025-03-03T09:07:00Z;12.243;12.24;12.244;12.24;4411;
db4b4990-0864-4595-a238-c5922723d84b;2025-03-03T09:08:00Z;12.24;12.241;12.242;12.24;3118;
db4b4990-0864-4595-a238-c5922723d84b;2025-03-03T09:09:00Z;12.241;12.241;12.241;12.24;1906;
db4b4990-0864-4595-a238-c5922723d84b;2025-03-03T09:10:00Z;12.24;12.238;12.241;12.237;4106;
db4b4990-0864-4595-a238-c5922723d84b;2025-03-03T09:11:00Z;12.238;12.237;12.239;12.234;3516;
db4b4990-0864-4595-a238-c5922723d84b;2025-03-03T09:12:00Z;12.237;12.241;12.241;12.237;10795;
db4b4990-0864-4595-a238-c5922723d84b;2025-03-03T09:13:00Z;12.24;12.241;12.241;12.235;8686;
db4b4990-0864-4595-a238-c5922723d84b;2025-03-03T09:14:00Z;12.24;12.243;12.243;12.239;6900;
db4b4990-0864-4595-a238-c5922723d84b;2025-03-03T09:15:00Z;12.242;12.241;12.244;12.24;4659;
db4b4990-0864-4595-a238-c5922723d84b;2025-03-03T09:16:00Z;12.241;12.239;12.242;12.234;10319;
db4b4990-0864-4595-a238-c5922723d84b;2025-03-03T09:17:00Z;12.239;12.243;12.243;12.237;4036;
db4b4990-0864-4595-a238-c5922723d84b;2025-03-03T09:18:00Z;12.241;12.239;12.245;12.239;5775;
db4b4990-0864-4595-a238-c5922723d84b;2025-03-03T09:19:00Z;12.239;12.251;12.251;12.238;13764;
db4b4990-0864-4595-a238-c5922723d84b;2025-03-03T09:20:00Z;12.251;12.253;12.265;12.246;43813;
db4b4990-0864-4595-a238-c5922723d84b;2025-03-03T09:21:00Z;12.255;12.259;12.26;12.254;8524;
db4b4990-0864-4595-a238-c5922723d84b;2025-03-03T09:22:00Z;12.26;12.258;12.261;12.256;4870;
db4b4990-0864-4595-a238-c5922723d84b;2025-03-03T09:23:00Z;12.257;12.258;12.267;12.256;11978;
db4b4990-0864-4595-a238-c5922723d84b;2025-03-03T09:24:00Z;12.258;12.259;12.26;12.257;2369;
db4b4990-0864-4595-a238-c5922723d84b;2025-03-03T09:25:00Z;12.259;12.257;12.261;12.257;3894;
db4b4990-0864-4595-a238-c5922723d84b;2025-03-03T09:26:00Z;12.257;12.257;12.26;12.256;2708;
db4b4990-0864-4595-a238-c5922723d84b;2025-03-03T09:27:00Z;12.258;12.258;12.259;12.252;5550;
db4b4990-0864-4595-a238-c5922723d84b;2025-03-03T09:28:00Z;12.258;12.254;12.259;12.253;3569;
db4b4990-0864-4595-a238-c5922723d84b;2025-03-03T09:29:00Z;12.253;12.256;12.257;12.252;5874;
db4b4990-0864-4595-a238-c5922723d84b;2025-03-03T09:30:00Z;12.257;12.261;12.262;12.255;8070;
db4b4990-0864-4595-a238-c5922723d84b;2025-03-03T09:31:00Z;12.261;12.269;12.274;12.261;26940;
db4b4990-0864-4595-a238-c5922723d84b;2025-03-03T09:32:00Z;12.268;12.262;12.269;12.255;13510;
db4b4990-0864-4595-a238-c5922723d84b;2025-03-03T09:33:00Z;12.262;12.261;12.263;12.256;4872;
db4b4990-0864-4595-a238-c5922723d84b;2025-03-03T09:34:00Z;12.263;12.265;12.27;12.26;22718;
db4b4990-0864-4595-a238-c5922723d84b;2025-03-03T09:35:00Z;12.265;12.264;12.267;12.261;5933;
db4b4990-0864-4595-a238-c5922723d84b;2025-03-03T09:36:00Z;12.263;12.261;12.266;12.258;19482;
db4b4990-0864-4595-a238-c5922723d84b;2025-03-03T09:37:00Z;12.262;12.26;12.262;12.257;7905;
db4b4990-0864-4595-a238-c5922723d84b;2025-03-03T09:38:00Z;12.26;12.266;12.267;12.258;6381;
db4b4990-0864-4595-a238-c5922723d84b;2025-03-03T09:39:00Z;12.267;12.265;12.269;12.264;5397;
db4b4990-0864-4595-a238-c5922723d84b;2025-03-03T09:40:00Z;12.265;12.263;12.267;12.263;1671;
db4b4990-0864-4595-a238-c5922723d84b;2025-03-03T09:41:00Z;12.263;12.261;12.265;12.261;2903;
db4b4990-0864-4595-a238-c5922723d84b;2025-03-03T09:42:00Z;12.262;12.257;12.263;12.252;12134;
db4b4990-0864-4595-a238-c5922723d84b;2025-03-03T09:43:00Z;12.257;12.257;12.258;12.254;5619;
db4b4990-0864-4595-a238-c5922723d84b;2025-03-03T09:44:00Z;12.257;12.256;12.258;12.256;2427;
db4b4990-0864-4595-a238-c5922723d84b;2025-03-03T09:45:00Z;12.257;12.256;12.259;12.252;7435;
db4b4990-0864-4595-a238-c5922723d84b;2025-03-03T09:46:00Z;12.256;12.256;12.256;12.254;3169;
db4b4990-0864-4595-a238-c5922723d84b;2025-03-03T09:47:00Z;12.257;12.254;12.257;12.253;1449;
db4b4990-0864-4595-a238-c5922723d84b;2025-03-03T09:48:00Z;12.253;12.255;12.255;12.25;13982;
db4b4990-0864-4595-a238-c5922723d84b;2025-03-03T09:49:00Z;12.254;12.261;12.262;12.254;2328;
db4b4990-0864-4595-a238-c5922723d84b;2025-03-03T09:50:00Z;12.262;12.26;12.264;12.258;9989;
db4b4990-0864-4595-a238-c5922723d84b;2025-03-03T09:51:00Z;12.259;12.255;12.259;12.255;1484;
db4b4990-0864-4595-a238-c5922723d84b;2025-03-03T09:52:00Z;12.254;12.253;12.255;12.253;2012;
db4b4990-0864-4595-a238-c5922723d84b;2025-03-03T09:53:00Z;12.252;12.255;12.255;12.252;1450;
db4b4990-0864-4595-a238-c5922723d84b;2025-03-03T09:54:00Z;12.257;12.274;12.277;12.255;14384;
db4b4990-0864-4595-a238-c5922723d84b;2025-03-03T09:55:00Z;12.276;12.274;12.276;12.27;5297;
db4b4990-0864-4595-a238-c5922723d84b;2025-03-03T09:56:00Z;12.274;12.272;12.277;12.271;5423;
db4b4990-0864-4595-a238-c5922723d84b;2025-03-03T09:57:00Z;12.273;12.272;12.277;12.272;2807;
db4b4990-0864-4595-a238-c5922723d84b;2025-03-03T09:58:00Z;12.273;12.272;12.274;12.272;1423;
db4b4990-0864-4595-a238-c5922723d84b;2025-03-03T09:59:00Z;12.272;12.272;12.273;12.272;1217;
db4b4990-0864-4595-a238-c5922723d84b;2025-03-03T10:00:00Z;12.273;12.285;12.286;12.272;13269;
db4b4990-0864-4595-a238-c5922723d84b;2025-03-03T10:01:00Z;12.285;12.275;12.286;12.274;8821;
db4b4990-0864-4595-a238-c5922723d84b;2025-03-03T10:02:00Z;12.275;12.286;12.286;12.272;9635;
db4b4990-0864-4595-a238-c5922723d84b;2025-03-03T10:03:00Z;12.286;12.274;12.293;12.272;23303;
db4b4990-0864-4595-a238-c5922723d84b;2025-03-03T10:04:00Z;12.276;12.271;12.279;12.267;5395;
db4b4990-0864-4595-a238-c5922723d84b;2025-03-03T10:05:00Z;12.272;12.268;12.274;12.266;8971;
db4b4990-0864-4595-a238-c5922723d84b;2025-03-03T10:06:00Z;12.269;12.262;12.271;12.261;6775;
db4b4990-0864-4595-a238-c5922723d84b;2025-03-03T10:07:00Z;12.261;12.267;12.27;12.261;8992;
db4b4990-0864-4595-a238-c5922723d84b;2025-03-03T10:08:00Z;12.266;12.261;12.267;12.261;1291;
db4b4990-0864-4595-a238-c5922723d84b;2025-03-03T10:09:00Z;12.262;12.268;12.268;12.261;2815;
db4b4990-0864-4595-a238-c5922723d84b;2025-03-03T10:10:00Z;12.268;12.267;12.268;12.264;680;
db4b4990-0864-4595-a238-c5922723d84b;2025-03-03T10:11:00Z;12.266;12.265;12.266;12.264;1161;
db4b4990-0864-4595-a238-c5922723d84b;2025-03-03T10:12:00Z;12.265;12.266;12.269;12.264;1822;
db4b4990-0864-4595-a238-c5922723d84b;2025-03-03T10:13:00Z;12.266;12.264;12.271;12.262;3564;
db4b4990-0864-4595-a238-c5922723d84b;2025-03-03T10:14:00Z;12.264;12.266;12.267;12.262;4313;
db4b4990-0864-4595-a238-c5922723d84b;2025-03-03T10:15:00Z;12.267;12.264;12.269;12.263;6765;
db4b4990-0864-4595-a238-c5922723d84b;2025-03-03T10:16:00Z;12.264;12.272;12.273;12.264;4716;
db4b4990-0864-4595-a238-c5922723d84b;2025-03-03T10:17:00Z;12.272;12.27;12.273;12.266;4830;
db4b4990-0864-4595-a238-c5922723d84b;2025-03-03T10:18:00Z;12.27;12.261;12.271;12.261;6761;
db4b4990-0864-4595-a238-c5922723d84b;2025-03-03T10:19:00Z;12.262;12.258;12.264;12.253;15785;
db4b4990-0864-4595-a238-c5922723d84b;2025-03-03T10:20:00Z;12.258;12.262;12.264;12.255;14039;
db4b4990-0864-4595-a238-c5922723d84b;2025-03-03T10:21:00Z;12.262;12.262;12.264;12.262;520;
db4b4990-0864-4595-a238-c5922723d84b;2025-03-03T10:22:00Z;12.262;12.257;12.264;12.255;13253;
db4b4990-0864-4595-a238-c5922723d84b;2025-03-03T10:23:00Z;12.258;12.262;12.264;12.257;5261;
db4b4990-0864-4595-a238-c5922723d84b;2025-03-03T10:24:00Z;12.263;12.266;12.268;12.261;3093;
db4b4990-0864-4595-a238-c5922723d84b;2025-03-03T10:25:00Z;12.268;12.266;12.269;12.257;4011;
db4b4990-0864-4595-a238-c5922723d84b;2025-03-03T10:26:00Z;12.268;12.268;12.269;12.266;1567;
db4b4990-0864-4595-a238-c5922723d84b;2025-03-03T10:27:00Z;12.267;12.266;12.268;12.266;4471;
db4b4990-0864-4595-a238-c5922723d84b;2025-03-03T10:28:00Z;12.268;12.273;12.274;12.261;12250;
db4b4990-0864-4595-a238-c5922723d84b;2025-03-03T10:29:00Z;12.272;12.276;12.277;12.271;4427;
db4b4990-0864-4595-a238-c5922723d84b;2025-03-03T10:30:00Z;12.276;12.281;12.284;12.275;15965;
db4b4990-0864-4595-a238-c5922723d84b;2025-03-03T10:31:00Z;12.281;12.276;12.286;12.275;10582;
db4b4990-0864-4595-a238-c5922723d84b;2025-03-03T10:32:00Z;12.277;12.279;12.282;12.276;4081;
db4b4990-0864-4595-a238-c5922723d84b;2025-03-03T10:33:00Z;12.279;12.278;12.279;12.278;341;
db4b4990-0864-4595-a238-c5922723d84b;2025-03-03T10:34:00Z;12.279;12.281;12.283;12.278;4895;
db4b4990-0864-4595-a238-c5922723d84b;2025-03-03T10:35:00Z;12.282;12.294;12.296;12.28;19278;
db4b4990-0864-4595-a238-c5922723d84b;2025-03-03T10:36:00Z;12.293;12.292;12.3;12.289;27366;
db4b4990-0864-4595-a238-c5922723d84b;2025-03-03T10:37:00Z;12.291;12.293;12.295;12.289;6265;
db4b4990-0864-4595-a238-c5922723d84b;2025-03-03T10:38:00Z;12.293;12.29;12.294;12.289;8633;
db4b4990-0864-4595-a238-c5922723d84b;2025-03-03T10:39:00Z;12.292;12.292;12.293;12.29;6058;
db4b4990-0864-4595-a238-c5922723d84b;2025-03-03T10:40:00Z;12.292;12.293;12.296;12.292;5298;
db4b4990-0864-4595-a238-c5922723d84b;2025-03-03T10:41:00Z;12.294;12.289;12.295;12.285;10747;
db4b4990-0864-4595-a238-c5922723d84b;2025-03-03T10:42:00Z;12.29;12.288;12.292;12.279;16675;
db4b4990-0864-4595-a238-c5922723d84b;2025-03-03T10:43:00Z;12.289;12.281;12.294;12.276;8072;
db4b4990-0864-4595-a238-c5922723d84b;2025-03-03T10:44:00Z;12.282;12.283;12.285;12.278;5572;
db4b4990-0864-4595-a238-c5922723d84b;2025-03-03T10:45:00Z;12.283;12.287;12.293;12.283;8822;
db4b4990-0864-4595-a238-c5922723d84b;2025-03-03T10:46:00Z;12.288;12.29;12.292;12.286;4835;
db4b4990-0864-4595-a238-c5922723d84b;2025-03-03T10:47:00Z;12.291;12.289;12.292;12.286;2415;
db4b4990-0864-4595-a238-c5922723d84b;2025-03-03T10:48:00Z;12.288;12.276;12.29;12.273;7376;
db4b4990-0864-4595-a238-c5922723d84b;2025-03-03T10:49:00Z;12.275;12.285;12.285;12.275;5209;
db4b4990-0864-4595-a238-c5922723d84b;2025-03-03T10:50:00Z;12.286;12.294;12.296;12.283;4584;
db4b4990-0864-4595-a238-c5922723d84b;2025-03-03T10:51:00Z;12.293;12.294;12.297;12.29;7958;
db4b4990-0864-4595-a238-c5922723d84b;2025-03-03T10:52:00Z;12.295;12.293;12.296;12.288;5921;
db4b4990-0864-4595-a238-c5922723d84b;2025-03-03T10:53:00Z;12.292;12.288;12.296;12.288;4315;
db4b4990-0864-4595-a238-c5922723d84b;2025-03-03T10:54:00Z;12.288;12.292;12.296;12.287;6185;
db4b4990-0864-4595-a238-c5922723d84b;2025-03-03T10:55:00Z;12.291;12.292;12.295;12.291;2465;
db4b4990-0864-4595-a238-c5922723d84b;2025-03-03T10:56:00Z;12.293;12.283;12.294;12.281;6204;
db4b4990-0864-4595-a238-c5922723d84b;2025-03-03T10:57:00Z;12.282;12.293;12.3;12.282;31730;
db4b4990-0864-4595-a238-c5922723d84b;2025-03-03T10:58:00Z;12.293;12.297;12.299;12.292;5082;
db4b4990-0864-4595-a238-c5922723d84b;2025-03-03T10:59:00Z;12.296;12.292;12.298;12.287;6181;
db4b4990-0864-4595-a238-c5922723d84b;2025-03-03T11:05:00Z;12.293;12.294;12.297;12.289;9078;
db4b4990-0864-4595-a238-c5922723d84b;2025-03-03T11:06:00Z;12.294;12.292;12.295;12.281;10159;
db4b4990-0864-4595-a238-c5922723d84b;2025-03-03T11:07:00Z;12.292;12.291;12.295;12.288;2125;
db4b4990-0864-4595-a238-c5922723d84b;2025-03-03T11:08:00Z;12.291;12.291;12.292;12.289;2342;
db4b4990-0864-4595-a238-c5922723d84b;2025-03-03T11:09:00Z;12.291;12.294;12.296;12.289;5174;
db4b4990-0864-4595-a238-c5922723d84b;2025-03-03T11:10:00Z;12.296;12.294;12.297;12.293;3353;
db4b4990-0864-4595-a238-c5922723d84b;2025-03-03T11:11:00Z;12.295;12.294;12.304;12.293;16571;
db4b4990-0864-4595-a238-c5922723d84b;2025-03-03T11:12:00Z;12.294;12.302;12.302;12.294;13767;
db4b4990-0864-4595-a238-c5922723d84b;2025-03-03T11:13:00Z;12.302;12.307;12.314;12.301;24827;
db4b4990-0864-4595-a238-c5922723d84b;2025-03-03T11:14:00Z;12.306;12.307;12.311;12.306;17008;
db4b4990-0864-4595-a238-c5922723d84b;2025-03-03T11:15:00Z;12.306;12.323;12.323;12.305;36839;
db4b4990-0864-4595-a238-c5922723d84b;2025-03-03T11:16:00Z;12.323;12.325;12.33;12.323;29833;
db4b4990-0864-4595-a238-c5922723d84b;2025-03-03T11:17:00Z;12.325;12.329;12.329;12.32;26851;
db4b4990-0864-4595-a238-c5922723d84b;2025-03-03T11:18:00Z;12.329;12.325;12.329;12.321;19006;
db4b4990-0864-4595-a238-c5922723d84b;2025-03-03T11:19:00Z;12.325;12.329;12.329;12.32;18097;
db4b4990-0864-4595-a238-c5922723d84b;2025-03-03T11:20:00Z;12.329;12.33;12.333;12.328;43398;
db4b4990-0864-4595-a238-c5922723d84b;2025-03-03T11:21:00Z;12.329;12.329;12.331;12.325;8763;
db4b4990-0864-4595-a238-c5922723d84b;2025-03-03T11:22:00Z;12.328;12.327;12.329;12.322;11640;
db4b4990-0864-4595-a238-c5922723d84b;2025-03-03T11:23:00Z;12.326;12.343;12.345;12.326;33613;
db4b4990-0864-4595-a238-c5922723d84b;2025-03-03T11:24:00Z;12.344;12.344;12.348;12.337;28710;
db4b4990-0864-4595-a238-c5922723d84b;2025-03-03T11:25:00Z;12.345;12.359;12.365;12.344;66411;
db4b4990-0864-4595-a238-c5922723d84b;2025-03-03T11:26:00Z;12.359;12.353;12.377;12.351;79561;
db4b4990-0864-4595-a238-c5922723d84b;2025-03-03T11:27:00Z;12.354;12.353;12.357;12.351;20398;
db4b4990-0864-4595-a238-c5922723d84b;2025-03-03T11:28:00Z;12.352;12.348;12.357;12.345;34314;
db4b4990-0864-4595-a238-c5922723d84b;2025-03-03T11:29:00Z;12.348;12.354;12.357;12.346;16283;
db4b4990-0864-4595-a238-c5922723d84b;2025-03-03T11:30:00Z;12.354;12.351;12.362;12.35;18383;
db4b4990-0864-4595-a238-c5922723d84b;2025-03-03T11:31:00Z;12.351;12.344;12.354;12.342;10254;
db4b4990-0864-4595-a238-c5922723d84b;2025-03-03T11:32:00Z;12.344;12.341;12.349;12.334;16352;
db4b4990-0864-4595-a238-c5922723d84b;2025-03-03T11:33:00Z;12.341;12.346;12.347;12.338;13067;
db4b4990-0864-4595-a238-c5922723d84b;2025-03-03T11:34:00Z;12.345;12.34;12.346;12.339;6546;
db4b4990-0864-4595-a238-c5922723d84b;2025-03-03T11:35:00Z;12.34;12.337;12.34;12.336;9771;
db4b4990-0864-4595-a238-c5922723d84b;2025-03-03T11:36:00Z;12.337;12.338;12.339;12.336;12353;
db4b4990-0864-4595-a238-c5922723d84b;2025-03-03T11:37:00Z;12.339;12.34;12.342;12.336;7710;
db4b4990-0864-4595-a238-c5922723d84b;2025-03-03T11:38:00Z;12.339;12.345;12.347;12.339;11280;
db4b4990-0864-4595-a238-c5922723d84b;2025-03-03T11:39:00Z;12.345;12.343;12.347;12.343;8466;
db4b4990-0864-4595-a238-c5922723d84b;2025-03-03T11:40:00Z;12.345;12.335;12.346;12.335;4025;
db4b4990-0864-4595-a238-c5922723d84b;2025-03-03T11:41:00Z;12.336;12.345;12.347;12.336;3786;
db4b4990-0864-4595-a238-c5922723d84b;2025-03-03T11:42:00Z;12.345;12.348;12.349;12.342;4067;
db4b4990-0864-4595-a238-c5922723d84b;2025-03-03T11:43:00Z;12.348;12.341;12.348;12.34;9854;
db4b4990-0864-4595-a238-c5922723d84b;2025-03-03T11:44:00Z;12.341;12.341;12.344;12.339;8451;
db4b4990-0864-4595-a238-c5922723d84b;2025-03-03T11:45:00Z;12.343;12.342;12.345;12.342;3250;
db4b4990-0864-4595-a238-c5922723d84b;2025-03-03T11:46:00Z;12.343;12.341;12.343;12.337;4221;
db4b4990-0864-4595-a238-c5922723d84b;2025-03-03T11:47:00Z;12.34;12.341;12.344;12.34;1157;
db4b4990-0864-4595-a238-c5922723d84b;2025-03-03T11:48:00Z;12.342;12.338;12.343;12.338;2420;
db4b4990-0864-4595-a238-c5922723d84b;2025-03-03T11:49:00Z;12.339;12.341;12.345;12.339;4853;
db4b4990-0864-4595-a238-c5922723d84b;2025-03-03T11:50:00Z;12.341;12.342;12.346;12.341;2176;
db4b4990-0864-4595-a238-c5922723d84b;2025-03-03T11:51:00Z;12.342;12.344;12.344;12.338;9562;
db4b4990-0864-4595-a238-c5922723d84b;2025-03-03T11:52:00Z;12.344;12.358;12.358;12.342;33390;
db4b4990-0864-4595-a238-c5922723d84b;2025-03-03T11:53:00Z;12.357;12.359;12.364;12.355;12544;
db4b4990-0864-4595-a238-c5922723d84b;2025-03-03T11:54:00Z;12.36;12.346;12.365;12.345;23964;
db4b4990-0864-4595-a238-c5922723d84b;2025-03-03T11:55:00Z;12.346;12.358;12.36;12.345;9692;
db4b4990-0864-4595-a238-c5922723d84b;2025-03-03T11:56:00Z;12.357;12.352;12.359;12.351;4123;
db4b4990-0864-4595-a238-c5922723d84b;2025-03-03T11:57:00Z;12.352;12.351;12.355;12.35;2164;
db4b4990-0864-4595-a238-c5922723d84b;2025-03-03T11:58:00Z;12.352;12.349;12.354;12.345;11183;
db4b4990-0864-4595-a238-c5922723d84b;2025-03-03T11:59:00Z;12.349;12.355;12.355;12.349;4499;
db4b4990-0864-4595-a238-c5922723d84b;2025-03-03T12:00:00Z;12.355;12.35;12.36;12.349;12675;
db4b4990-0864-4595-a238-c5922723d84b;2025-03-03T12:01:00Z;12.349;12.349;12.351;12.349;1690;
db4b4990-0864-4595-a238-c5922723d84b;2025-03-03T12:02:00Z;12.349;12.35;12.353;12.345;5690;
db4b4990-0864-4595-a238-c5922723d84b;2025-03-03T12:03:00Z;12.351;12.349;12.353;12.347;2351;
db4b4990-0864-4595-a238-c5922723d84b;2025-03-03T12:04:00Z;12.35;12.351;12.355;12.35;1252;
db4b4990-0864-4595-a238-c5922723d84b;2025-03-03T12:05:00Z;12.353;12.351;12.356;12.351;3948;
db4b4990-0864-4595-a238-c5922723d84b;2025-03-03T12:06:00Z;12.353;12.352;12.353;12.349;7214;
db4b4990-0864-4595-a238-c5922723d84b;2025-03-03T12:07:00Z;12.353;12.359;12.362;12.353;6765;
db4b4990-0864-4595-a238-c5922723d84b;2025-03-03T12:08:00Z;12.358;12.359;12.368;12.358;11941;
db4b4990-0864-4595-a238-c5922723d84b;2025-03-03T12:09:00Z;12.36;12.361;12.365;12.36;2562;
db4b4990-0864-4595-a238-c5922723d84b;2025-03-03T12:10:00Z;12.361;12.357;12.362;12.356;9836;
db4b4990-0864-4595-a238-c5922723d84b;2025-03-03T12:11:00Z;12.358;12.359;12.359;12.356;2481;
db4b4990-0864-4595-a238-c5922723d84b;2025-03-03T12:12:00Z;12.358;12.359;12.36;12.356;2859;
db4b4990-0864-4595-a238-c5922723d84b;2025-03-03T12:13:00Z;12.359;12.357;12.359;12.348;7787;
db4b4990-0864-4595-a238-c5922723d84b;2025-03-03T12:14:00Z;12.358;12.352;12.36;12.351;7158;
db4b4990-0864-4595-a238-c5922723d84b;2025-03-03T12:15:00Z;12.352;12.357;12.359;12.35;7519;
db4b4990-0864-4595-a238-c5922723d84b;2025-03-03T12:16:00Z;12.357;12.355;12.359;12.354;1863;
db4b4990-0864-4595-a238-c5922723d84b;2025-03-03T12:17:00Z;12.355;12.353;12.355;12.347;3832;
db4b4990-0864-4595-a238-c5922723d84b;2025-03-03T12:18:00Z;12.351;12.344;12.353;12.343;6871;
db4b4990-0864-4595-a238-c5922723d84b;2025-03-03T12:19:00Z;12.345;12.345;12.346;12.343;6585;
db4b4990-0864-4595-a238-c5922723d84b;2025-03-03T12:20:00Z;12.345;12.331;12.345;12.331;32768;
db4b4990-0864-4595-a238-c5922723d84b;2025-03-03T12:21:00Z;12.332;12.328;12.334;12.328;12642;
db4b4990-0864-4595-a238-c5922723d84b;2025-03-03T12:22:00Z;12.329;12.327;12.33;12.321;14499;
db4b4990-0864-4595-a238-c5922723d84b;2025-03-03T12:23:00Z;12.326;12.326;12.327;12.318;28790;
db4b4990-0864-4595-a238-c5922723d84b;2025-03-03T12:24:00Z;12.326;12.324;12.327;12.324;5987;
db4b4990-0864-4595-a238-c5922723d84b;2025-03-03T12:25:00Z;12.325;12.33;12.342;12.325;22730;
db4b4990-0864-4595-a238-c5922723d84b;2025-03-03T12:26:00Z;12.33;12.335;12.336;12.327;4316;
db4b4990-0864-4595-a238-c5922723d84b;2025-03-03T12:27:00Z;12.334;12.338;12.338;12.334;4338;
db4b4990-0864-4595-a238-c5922723d84b;2025-03-03T12:28:00Z;12.338;12.338;12.339;12.33;5272;
db4b4990-0864-4595-a238-c5922723d84b;2025-03-03T12:29:00Z;12.337;12.334;12.339;12.333;4001;
db4b4990-0864-4595-a238-c5922723d84b;2025-03-03T12:30:00Z;12.334;12.333;12.336;12.332;4818;
db4b4990-0864-4595-a238-c5922723d84b;2025-03-03T12:31:00Z;12.334;12.336;12.336;12.333;1062;
db4b4990-0864-4595-a238-c5922723d84b;2025-03-03T12:32:00Z;12.335;12.337;12.337;12.332;7281;
db4b4990-0864-4595-a238-c5922723d84b;2025-03-03T12:33:00Z;12.335;12.334;12.339;12.334;3123;
db4b4990-0864-4595-a238-c5922723d84b;2025-03-03T12:34:00Z;12.334;12.332;12.336;12.332;1804;
db4b4990-0864-4595-a238-c5922723d84b;2025-03-03T12:35:00Z;12.333;12.332;12.335;12.331;1965;
db4b4990-0864-4595-a238-c5922723d84b;2025-03-03T12:36:00Z;12.332;12.332;12.333;12.331;3412;
db4b4990-0864-4595-a238-c5922723d84b;2025-03-03T12:37:00Z;12.333;12.337;12.34;12.332;3986;
db4b4990-0864-4595-a238-c5922723d84b;2025-03-03T12:38:00Z;12.337;12.343;12.343;12.337;5337;
db4b4990-0864-4595-a238-c5922723d84b;2025-03-03T12:39:00Z;12.343;12.342;12.347;12.34;14805;
db4b4990-0864-4595-a238-c5922723d84b;2025-03-03T12:40:00Z;12.341;12.334;12.344;12.332;16404;
db4b4990-0864-4595-a238-c5922723d84b;2025-03-03T12:41:00Z;12.332;12.319;12.332;12.319;10442;
db4b4990-0864-4595-a238-c5922723d84b;2025-03-03T12:42:00Z;12.32;12.317;12.321;12.307;47238;
db4b4990-0864-4595-a238-c5922723d84b;2025-03-03T12:43:00Z;12.318;12.324;12.329;12.315;14033;
db4b4990-0864-4595-a238-c5922723d84b;2025-03-03T12:44:00Z;12.324;12.32;12.326;12.313;10817;
db4b4990-0864-4595-a238-c5922723d84b;2025-03-03T12:45:00Z;12.321;12.314;12.327;12.314;3812;
db4b4990-0864-4595-a238-c5922723d84b;2025-03-03T12:46:00Z;12.315;12.316;12.319;12.313;3408;
db4b4990-0864-4595-a238-c5922723d84b;2025-03-03T12:47:00Z;12.316;12.321;12.327;12.316;4496;
db4b4990-0864-4595-a238-c5922723d84b;2025-03-03T12:48:00Z;12.321;12.32;12.323;12.318;7862;
db4b4990-0864-4595-a238-c5922723d84b;2025-03-03T12:49:00Z;12.323;12.326;12.329;12.321;4809;
db4b4990-0864-4595-a238-c5922723d84b;2025-03-03T12:50:00Z;12.326;12.325;12.328;12.323;5096;
db4b4990-0864-4595-a238-c5922723d84b;2025-03-03T12:51:00Z;12.323;12.324;12.325;12.322;1640;
db4b4990-0864-4595-a238-c5922723d84b;2025-03-03T12:52:00Z;12.323;12.321;12.326;12.32;9908;
db4b4990-0864-4595-a238-c5922723d84b;2025-03-03T12:53:00Z;12.324;12.324;12.326;12.324;1767;
db4b4990-0864-4595-a238-c5922723d84b;2025-03-03T12:54:00Z;12.323;12.324;12.325;12.323;688;
db4b4990-0864-4595-a238-c5922723d84b;2025-03-03T12:55:00Z;12.324;12.328;12.329;12.324;1586;
db4b4990-0864-4595-a238-c5922723d84b;2025-03-03T12:56:00Z;12.328;12.327;12.336;12.326;7515;
db4b4990-0864-4595-a238-c5922723d84b;2025-03-03T12:57:00Z;12.327;12.328;12.332;12.327;4705;
db4b4990-0864-4595-a238-c5922723d84b;2025-03-03T12:58:00Z;12.328;12.332;12.336;12.328;3467;
db4b4990-0864-4595-a238-c5922723d84b;2025-03-03T12:59:00Z;12.332;12.334;12.335;12.332;1090;
db4b4990-0864-4595-a238-c5922723d84b;2025-03-03T13:00:00Z;12.334;12.334;12.34;12.33;9802;
db4b4990-0864-4595-a238-c5922723d84b;2025-03-03T13:01:00Z;12.334;12.332;12.335;12.327;6195;
db4b4990-0864-4595-a238-c5922723d84b;2025-03-03T13:02:00Z;12.332;12.322;12.339;12.322;15703;
db4b4990-0864-4595-a238-c5922723d84b;2025-03-03T13:03:00Z;12.325;12.326;12.329;12.32;5728;
db4b4990-0864-4595-a238-c5922723d84b;2025-03-03T13:04:00Z;12.327;12.335;12.335;12.321;8472;
db4b4990-0864-4595-a238-c5922723d84b;2025-03-03T13:05:00Z;12.335;12.335;12.336;12.331;1292;
db4b4990-0864-4595-a238-c5922723d84b;2025-03-03T13:06:00Z;12.335;12.329;12.335;12.329;634;
db4b4990-0864-4595-a238-c5922723d84b;2025-03-03T13:07:00Z;12.329;12.328;12.331;12.321;7573;
db4b4990-0864-4595-a238-c5922723d84b;2025-03-03T13:08:00Z;12.328;12.325;12.33;12.322;2895;
db4b4990-0864-4595-a238-c5922723d84b;2025-03-03T13:09:00Z;12.324;12.328;12.33;12.324;6577;
db4b4990-0864-4595-a238-c5922723d84b;2025-03-03T13:10:00Z;12.328;12.333;12.337;12.325;11216;
db4b4990-0864-4595-a238-c5922723d84b;2025-03-03T13:11:00Z;12.332;12.327;12.333;12.326;12270;
db4b4990-0864-4595-a238-c5922723d84b;2025-03-03T13:12:00Z;12.326;12.327;12.327;12.325;1696;
db4b4990-0864-4595-a238-c5922723d84b;2025-03-03T13:13:00Z;12.327;12.327;12.332;12.326;3845;
db4b4990-0864-4595-a238-c5922723d84b;2025-03-03T13:14:00Z;12.327;12.327;12.33;12.326;1287;
db4b4990-0864-4595-a238-c5922723d84b;2025-03-03T13:15:00Z;12.327;12.327;12.334;12.327;9256;
db4b4990-0864-4595-a238-c5922723d84b;2025-03-03T13:16:00Z;12.329;12.329;12.33;12.325;1304;
db4b4990-0864-4595-a238-c5922723d84b;2025-03-03T13:17:00Z;12.33;12.33;12.331;12.329;1861;
db4b4990-0864-4595-a238-c5922723d84b;2025-03-03T13:18:00Z;12.331;12.33;12.333;12.33;937;
db4b4990-0864-4595-a238-c5922723d84b;2025-03-03T13:19:00Z;12.33;12.338;12.339;12.33;3298;
db4b4990-0864-4595-a238-c5922723d84b;2025-03-03T13:20:00Z;12.339;12.345;12.345;12.336;10584;
db4b4990-0864-4595-a238-c5922723d84b;2025-03-03T13:21:00Z;12.345;12.341;12.345;12.337;4526;
db4b4990-0864-4595-a238-c5922723d84b;2025-03-03T13:22:00Z;12.341;12.348;12.35;12.341;5841;
db4b4990-0864-4595-a238-c5922723d84b;2025-03-03T13:23:00Z;12.347;12.345;12.347;12.344;1642;
db4b4990-0864-4595-a238-c5922723d84b;2025-03-03T13:24:00Z;12.344;12.337;12.344;12.337;3491;
db4b4990-0864-4595-a238-c5922723d84b;2025-03-03T13:25:00Z;12.337;12.332;12.339;12.33;5694;
db4b4990-0864-4595-a238-c5922723d84b;2025-03-03T13:26:00Z;12.33;12.339;12.342;12.33;2550;
db4b4990-0864-4595-a238-c5922723d84b;2025-03-03T13:27:00Z;12.338;12.335;12.341;12.333;5994;
db4b4990-0864-4595-a238-c5922723d84b;2025-03-03T13:28:00Z;12.337;12.336;12.337;12.333;1912;
db4b4990-0864-4595-a238-c5922723d84b;2025-03-03T13:29:00Z;12.335;12.338;12.34;12.334;1525;
db4b4990-0864-4595-a238-c5922723d84b;2025-03-03T13:30:00Z;12.338;12.349;12.349;12.338;7808;
db4b4990-0864-4595-a238-c5922723d84b;2025-03-03T13:31:00Z;12.349;12.351;12.354;12.347;22118;
db4b4990-0864-4595-a238-c5922723d84b;2025-03-03T13:32:00Z;12.351;12.348;12.356;12.338;17333;
db4b4990-0864-4595-a238-c5922723d84b;2025-03-03T13:33:00Z;12.347;12.337;12.35;12.334;12202;
db4b4990-0864-4595-a238-c5922723d84b;2025-03-03T13:34:00Z;12.338;12.328;12.338;12.325;8058;
db4b4990-0864-4595-a238-c5922723d84b;2025-03-03T13:35:00Z;12.327;12.335;12.335;12.326;5765;
db4b4990-0864-4595-a238-c5922723d84b;2025-03-03T13:36:00Z;12.335;12.335;12.339;12.328;8431;
db4b4990-0864-4595-a238-c5922723d84b;2025-03-03T13:37:00Z;12.332;12.335;12.343;12.331;7454;
db4b4990-0864-4595-a238-c5922723d84b;2025-03-03T13:38:00Z;12.334;12.337;12.338;12.334;2419;
db4b4990-0864-4595-a238-c5922723d84b;2025-03-03T13:39:00Z;12.336;12.339;12.344;12.336;7452;
db4b4990-0864-4595-a238-c5922723d84b;2025-03-03T13:40:00Z;12.339;12.345;12.346;12.337;2476;
db4b4990-0864-4595-a238-c5922723d84b;2025-03-03T13:41:00Z;12.345;12.352;12.36;12.345;28471;
db4b4990-0864-4595-a238-c5922723d84b;2025-03-03T13:42:00Z;12.35;12.354;12.357;12.346;12763;
db4b4990-0864-4595-a238-c5922723d84b;2025-03-03T13:43:00Z;12.356;12.354;12.356;12.348;8583;
db4b4990-0864-4595-a238-c5922723d84b;2025-03-03T13:44:00Z;12.354;12.352;12.362;12.352;9503;
db4b4990-0864-4595-a238-c5922723d84b;2025-03-03T13:45:00Z;12.353;12.36;12.363;12.353;7270;
db4b4990-0864-4595-a238-c5922723d84b;2025-03-03T13:46:00Z;12.361;12.372;12.375;12.36;23808;
db4b4990-0864-4595-a238-c5922723d84b;2025-03-03T13:47:00Z;12.37;12.369;12.373;12.368;8579;
db4b4990-0864-4595-a238-c5922723d84b;2025-03-03T13:48:00Z;12.369;12.369;12.373;12.365;19554;
db4b4990-0864-4595-a238-c5922723d84b;2025-03-03T13:49:00Z;12.367;12.343;12.368;12.343;21372;
db4b4990-0864-4595-a238-c5922723d84b;2025-03-03T13:50:00Z;12.344;12.352;12.358;12.343;6572;
db4b4990-0864-4595-a238-c5922723d84b;2025-03-03T13:51:00Z;12.351;12.347;12.357;12.346;9715;
db4b4990-0864-4595-a238-c5922723d84b;2025-03-03T13:52:00Z;12.35;12.363;12.363;12.348;5105;
db4b4990-0864-4595-a238-c5922723d84b;2025-03-03T13:53:00Z;12.363;12.363;12.369;12.354;13913;
db4b4990-0864-4595-a238-c5922723d84b;2025-03-03T13:54:00Z;12.363;12.358;12.364;12.356;7839;
db4b4990-0864-4595-a238-c5922723d84b;2025-03-03T13:55:00Z;12.359;12.359;12.363;12.357;4757;
db4b4990-0864-4595-a238-c5922723d84b;2025-03-03T13:56:00Z;12.359;12.364;12.364;12.355;6830;
db4b4990-0864-4595-a238-c5922723d84b;2025-03-03T13:57:00Z;12.364;12.355;12.366;12.354;7116;
db4b4990-0864-4595-a238-c5922723d84b;2025-03-03T13:58:00Z;12.356;12.36;12.367;12.356;6972;
db4b4990-0864-4595-a238-c5922723d84b;2025-03-03T13:59:00Z;12.361;12.366;12.368;12.359;5510;
db4b4990-0864-4595-a238-c5922723d84b;2025-03-03T14:00:00Z;12.366;12.354;12.369;12.35;10102;
db4b4990-0864-4595-a238-c5922723d84b;2025-03-03T14:01:00Z;12.354;12.346;12.356;12.344;5926;
db4b4990-0864-4595-a238-c5922723d84b;2025-03-03T14:02:00Z;12.346;12.35;12.361;12.346;9768;
db4b4990-0864-4595-a238-c5922723d84b;2025-03-03T14:03:00Z;12.352;12.352;12.359;12.351;8263;
db4b4990-0864-4595-a238-c5922723d84b;2025-03-03T14:04:00Z;12.352;12.355;12.357;12.352;1398;
db4b4990-0864-4595-a238-c5922723d84b;2025-03-03T14:05:00Z;12.355;12.358;12.361;12.354;4425;
db4b4990-0864-4595-a238-c5922723d84b;2025-03-03T14:06:00Z;12.359;12.355;12.36;12.351;5131;
db4b4990-0864-4595-a238-c5922723d84b;2025-03-03T14:07:00Z;12.353;12.355;12.358;12.353;1900;
db4b4990-0864-4595-a238-c5922723d84b;2025-03-03T14:08:00Z;12.354;12.357;12.358;12.354;1389;
db4b4990-0864-4595-a238-c5922723d84b;2025-03-03T14:09:00Z;12.357;12.362;12.363;12.35;8593;
db4b4990-0864-4595-a238-c5922723d84b;2025-03-03T14:10:00Z;12.361;12.356;12.361;12.353;9149;
db4b4990-0864-4595-a238-c5922723d84b;2025-03-03T14:11:00Z;12.355;12.345;12.357;12.345;10621;
db4b4990-0864-4595-a238-c5922723d84b;2025-03-03T14:12:00Z;12.345;12.347;12.349;12.345;5268;
db4b4990-0864-4595-a238-c5922723d84b;2025-03-03T14:13:00Z;12.347;12.351;12.352;12.346;13139;
db4b4990-0864-4595-a238-c5922723d84b;2025-03-03T14:14:00Z;12.351;12.353;12.354;12.351;665;
db4b4990-0864-4595-a238-c5922723d84b;2025-03-03T14:15:00Z;12.353;12.354;12.354;12.352;424;
db4b4990-0864-4595-a238-c5922723d84b;2025-03-03T14:16:00Z;12.354;12.354;12.354;12.352;1118;
db4b4990-0864-4595-a238-c5922723d84b;2025-03-03T14:17:00Z;12.353;12.345;12.354;12.344;14148;
db4b4990-0864-4595-a238-c5922723d84b;2025-03-03T14:18:00Z;12.345;12.349;12.354;12.344;2866;
db4b4990-0864-4595-a238-c5922723d84b;2025-03-03T14:19:00Z;12.348;12.343;12.351;12.342;12283;
db4b4990-0864-4595-a238-c5922723d84b;2025-03-03T14:20:00Z;12.343;12.344;12.345;12.341;4789;
db4b4990-0864-4595-a238-c5922723d84b;2025-03-03T14:21:00Z;12.343;12.347;12.354;12.341;20307;
db4b4990-0864-4595-a238-c5922723d84b;2025-03-03T14:22:00Z;12.347;12.338;12.349;12.337;16086;
db4b4990-0864-4595-a238-c5922723d84b;2025-03-03T14:23:00Z;12.339;12.337;12.342;12.337;5189;
db4b4990-0864-4595-a238-c5922723d84b;2025-03-03T14:24:00Z;12.337;12.334;12.338;12.33;20287;
db4b4990-0864-4595-a238-c5922723d84b;2025-03-03T14:25:00Z;12.334;12.33;12.338;12.33;6485;
db4b4990-0864-4595-a238-c5922723d84b;2025-03-03T14:26:00Z;12.33;12.33;12.335;12.326;12829;
db4b4990-0864-4595-a238-c5922723d84b;2025-03-03T14:27:00Z;12.331;12.317;12.334;12.317;24168;
db4b4990-0864-4595-a238-c5922723d84b;2025-03-03T14:28:00Z;12.317;12.324;12.334;12.317;13547;
db4b4990-0864-4595-a238-c5922723d84b;2025-03-03T14:29:00Z;12.324;12.322;12.325;12.319;4773;
db4b4990-0864-4595-a238-c5922723d84b;2025-03-03T14:30:00Z;12.322;12.325;12.328;12.32;10625;
db4b4990-0864-4595-a238-c5922723d84b;2025-03-03T14:31:00Z;12.324;12.332;12.335;12.324;5729;
db4b4990-0864-4595-a238-c5922723d84b;2025-03-03T14:32:00Z;12.332;12.334;12.336;12.329;5375;
db4b4990-0864-4595-a238-c5922723d84b;2025-03-03T14:33:00Z;12.333;12.338;12.34;12.333;5146;
db4b4990-0864-4595-a238-c5922723d84b;2025-03-03T14:34:00Z;12.337;12.339;12.34;12.336;1282;
db4b4990-0864-4595-a238-c5922723d84b;2025-03-03T14:35:00Z;12.339;12.347;12.348;12.339;6592;
db4b4990-0864-4595-a238-c5922723d84b;2025-03-03T14:36:00Z;12.348;12.336;12.348;12.336;6071;
db4b4990-0864-4595-a238-c5922723d84b;2025-03-03T14:37:00Z;12.337;12.333;12.337;12.331;2896;
db4b4990-0864-4595-a238-c5922723d84b;2025-03-03T14:38:00Z;12.335;12.338;12.339;12.335;4013;
db4b4990-0864-4595-a238-c5922723d84b;2025-03-03T14:39:00Z;12.339;12.337;12.339;12.335;2313;
db4b4990-0864-4595-a238-c5922723d84b;2025-03-03T14:40:00Z;12.335;12.326;12.337;12.326;6351;
db4b4990-0864-4595-a238-c5922723d84b;2025-03-03T14:41:00Z;12.327;12.325;12.328;12.322;5991;
db4b4990-0864-4595-a238-c5922723d84b;2025-03-03T14:42:00Z;12.325;12.322;12.327;12.321;8773;
db4b4990-0864-4595-a238-c5922723d84b;2025-03-03T14:43:00Z;12.321;12.295;12.323;12.295;41432;
db4b4990-0864-4595-a238-c5922723d84b;2025-03-03T14:44:00Z;12.295;12.295;12.302;12.287;22358;
db4b4990-0864-4595-a238-c5922723d84b;2025-03-03T14:45:00Z;12.295;12.302;12.306;12.295;17419;
db4b4990-0864-4595-a238-c5922723d84b;2025-03-03T14:46:00Z;12.302;12.297;12.308;12.297;10697;
db4b4990-0864-4595-a238-c5922723d84b;2025-03-03T14:47:00Z;12.297;12.281;12.297;12.281;22413;
db4b4990-0864-4595-a238-c5922723d84b;2025-03-03T14:48:00Z;12.281;12.295;12.295;12.276;20399;
db4b4990-0864-4595-a238-c5922723d84b;2025-03-03T14:49:00Z;12.293;12.291;12.295;12.283;7353;
db4b4990-0864-4595-a238-c5922723d84b;2025-03-03T14:50:00Z;12.29;12.313;12.317;12.288;27259;
db4b4990-0864-4595-a238-c5922723d84b;2025-03-03T14:51:00Z;12.312;12.305;12.313;12.296;6602;
db4b4990-0864-4595-a238-c5922723d84b;2025-03-03T14:52:00Z;12.304;12.312;12.313;12.302;7687;
db4b4990-0864-4595-a238-c5922723d84b;2025-03-03T14:53:00Z;12.313;12.306;12.314;12.304;3206;
db4b4990-0864-4595-a238-c5922723d84b;2025-03-03T14:54:00Z;12.304;12.305;12.305;12.302;1988;
db4b4990-0864-4595-a238-c5922723d84b;2025-03-03T14:55:00Z;12.305;12.299;12.308;12.297;5480;
db4b4990-0864-4595-a238-c5922723d84b;2025-03-03T14:56:00Z;12.299;12.293;12.3;12.291;2653;
db4b4990-0864-4595-a238-c5922723d84b;2025-03-03T14:57:00Z;12.293;12.296;12.296;12.292;3078;
db4b4990-0864-4595-a238-c5922723d84b;2025-03-03T14:58:00Z;12.296;12.307;12.308;12.295;9507;
db4b4990-0864-4595-a238-c5922723d84b;2025-03-03T14:59:00Z;12.308;12.3;12.308;12.298;3405;
db4b4990-0864-4595-a238-c5922723d84b;2025-03-03T15:00:00Z;12.299;12.301;12.302;12.295;4740;
db4b4990-0864-4595-a238-c5922723d84b;2025-03-03T15:01:00Z;12.3;12.298;12.302;12.298;5047;
db4b4990-0864-4595-a238-c5922723d84b;2025-03-03T15:02:00Z;12.298;12.29;12.298;12.269;43028;
db4b4990-0864-4595-a238-c5922723d84b;2025-03-03T15:03:00Z;12.29;12.295;12.299;12.287;20861;
db4b4990-0864-4595-a238-c5922723d84b;2025-03-03T15:04:00Z;12.295;12.291;12.3;12.289;2720;
db4b4990-0864-4595-a238-c5922723d84b;2025-03-03T15:05:00Z;12.29;12.288;12.29;12.282;3397;
db4b4990-0864-4595-a238-c5922723d84b;2025-03-03T15:06:00Z;12.288;12.281;12.296;12.279;8157;
db4b4990-0864-4595-a238-c5922723d84b;2025-03-03T15:07:00Z;12.281;12.279;12.281;12.274;4121;
db4b4990-0864-4595-a238-c5922723d84b;2025-03-03T15:08:00Z;12.279;12.283;12.288;12.278;11926;
db4b4990-0864-4595-a238-c5922723d84b;2025-03-03T15:09:00Z;12.281;12.276;12.282;12.275;2574;
db4b4990-0864-4595-a238-c5922723d84b;2025-03-03T15:10:00Z;12.276;12.27;12.276;12.266;9287;
db4b4990-0864-4595-a238-c5922723d84b;2025-03-03T15:11:00Z;12.269;12.269;12.27;12.267;2090;
db4b4990-0864-4595-a238-c5922723d84b;2025-03-03T15:12:00Z;12.268;12.273;12.276;12.268;8731;
db4b4990-0864-4595-a238-c5922723d84b;2025-03-03T15:13:00Z;12.273;12.271;12.274;12.268;7304;
db4b4990-0864-4595-a238-c5922723d84b;2025-03-03T15:14:00Z;12.27;12.269;12.271;12.266;4770;
db4b4990-0864-4595-a238-c5922723d84b;2025-03-03T15:15:00Z;12.268;12.274;12.278;12.267;10682;
db4b4990-0864-4595-a238-c5922723d84b;2025-03-03T15:16:00Z;12.275;12.288;12.289;12.275;8742;
db4b4990-0864-4595-a238-c5922723d84b;2025-03-03T15:17:00Z;12.288;12.282;12.288;12.28;1847;
db4b4990-0864-4595-a238-c5922723d84b;2025-03-03T15:18:00Z;12.283;12.283;12.285;12.282;1386;
db4b4990-0864-4595-a238-c5922723d84b;2025-03-03T15:19:00Z;12.283;12.287;12.289;12.283;2092;
db4b4990-0864-4595-a238-c5922723d84b;2025-03-03T15:20:00Z;12.287;12.293;12.296;12.286;2867;
db4b4990-0864-4595-a238-c5922723d84b;2025-03-03T15:21:00Z;12.294;12.288;12.295;12.285;2257;
db4b4990-0864-4595-a238-c5922723d84b;2025-03-03T15:22:00Z;12.287;12.279;12.288;12.279;2341;
db4b4990-0864-4595-a238-c5922723d84b;2025-03-03T15:23:00Z;12.279;12.273;12.279;12.272;7724;
db4b4990-0864-4595-a238-c5922723d84b;2025-03-03T15:24:00Z;12.273;12.271;12.278;12.271;7263;
db4b4990-0864-4595-a238-c5922723d84b;2025-03-03T15:25:00Z;12.27;12.264;12.272;12.262;8117;
db4b4990-0864-4595-a238-c5922723d84b;2025-03-03T15:26:00Z;12.264;12.257;12.266;12.257;10567;
db4b4990-0864-4595-a238-c5922723d84b;2025-03-03T15:27:00Z;12.259;12.267;12.267;12.256;5833;
db4b4990-0864-4595-a238-c5922723d84b;2025-03-03T15:28:00Z;12.267;12.253;12.267;12.252;10142;
db4b4990-0864-4595-a238-c5922723d84b;2025-03-03T15:29:00Z;12.253;12.261;12.269;12.25;14196;
db4b4990-0864-4595-a238-c5922723d84b;2025-03-03T15:30:00Z;12.259;12.261;12.261;12.257;2570;
db4b4990-0864-4595-a238-c5922723d84b;2025-03-03T15:31:00Z;12.26;12.247;12.26;12.247;14656;
db4b4990-0864-4595-a238-c5922723d84b;2025-03-03T15:32:00Z;12.247;12.251;12.262;12.241;24592;
db4b4990-0864-4595-a238-c5922723d84b;2025-03-03T15:33:00Z;12.25;12.258;12.262;12.249;15571;
db4b4990-0864-4595-a238-c5922723d84b;2025-03-03T15:34:00Z;12.259;12.256;12.26;12.255;2396;
db4b4990-0864-4595-a238-c5922723d84b;2025-03-03T15:35:00Z;12.257;12.254;12.259;12.253;3983;
db4b4990-0864-4595-a238-c5922723d84b;2025-03-03T15:36:00Z;12.253;12.249;12.253;12.247;3486;
db4b4990-0864-4595-a238-c5922723d84b;2025-03-03T15:37:00Z;12.249;12.243;12.249;12.241;4918;
db4b4990-0864-4595-a238-c5922723d84b;2025-03-03T15:38:00Z;12.243;12.247;12.249;12.238;6715;
db4b4990-0864-4595-a238-c5922723d84b;2025-03-03T15:39:00Z;12.245;12.247;12.248;12.244;1730;
db4b4990-0864-4595-a238-c5922723d84b;2025-03-03T15:40:00Z;12.246;12.247;12.249;12.242;5646;
db4b4990-0864-4595-a238-c5922723d84b;2025-03-03T15:41:00Z;12.246;12.258;12.258;12.246;4113;
db4b4990-0864-4595-a238-c5922723d84b;2025-03-03T15:42:00Z;12.257;12.258;12.26;12.257;6897;
db4b4990-0864-4595-a238-c5922723d84b;2025-03-03T15:43:00Z;12.257;12.253;12.259;12.252;4504;
db4b4990-0864-4595-a238-c5922723d84b;2025-03-03T15:44:00Z;12.254;12.253;12.255;12.252;511;
db4b4990-0864-4595-a238-c5922723d84b;2025-03-03T15:45:00Z;12.252;12.248;12.254;12.248;1760;
db4b4990-0864-4595-a238-c5922723d84b;2025-03-03T15:46:00Z;12.248;12.246;12.249;12.246;3613;
db4b4990-0864-4595-a238-c5922723d84b;2025-03-03T15:47:00Z;12.246;12.244;12.247;12.241;7940;
db4b4990-0864-4595-a238-c5922723d84b;2025-03-03T15:48:00Z;12.243;12.242;12.247;12.239;12041;
db4b4990-0864-4595-a238-c5922723d84b;2025-03-03T15:49:00Z;12.243;12.239;12.244;12.238;7071;
db4b4990-0864-4595-a238-c5922723d84b;2025-03-03T16:05:00Z;12.238;12.242;12.25;12.237;6286;
db4b4990-0864-4595-a238-c5922723d84b;2025-03-03T16:06:00Z;12.241;12.257;12.263;12.227;18425;
db4b4990-0864-4595-a238-c5922723d84b;2025-03-03T16:07:00Z;12.259;12.251;12.26;12.249;2406;
db4b4990-0864-4595-a238-c5922723d84b;2025-03-03T16:08:00Z;12.251;12.251;12.253;12.247;1611;
db4b4990-0864-4595-a238-c5922723d84b;2025-03-03T16:09:00Z;12.25;12.26;12.266;12.25;4563;
db4b4990-0864-4595-a238-c5922723d84b;2025-03-03T16:10:00Z;12.258;12.262;12.262;12.255;4324;
db4b4990-0864-4595-a238-c5922723d84b;2025-03-03T16:11:00Z;12.262;12.268;12.273;12.262;7316;
db4b4990-0864-4595-a238-c5922723d84b;2025-03-03T16:12:00Z;12.27;12.266;12.273;12.265;3706;
db4b4990-0864-4595-a238-c5922723d84b;2025-03-03T16:13:00Z;12.266;12.265;12.267;12.261;2591;
db4b4990-0864-4595-a238-c5922723d84b;2025-03-03T16:14:00Z;12.265;12.258;12.265;12.255;3932;
db4b4990-0864-4595-a238-c5922723d84b;2025-03-03T16:15:00Z;12.257;12.267;12.267;12.257;3255;
db4b4990-0864-4595-a238-c5922723d84b;2025-03-03T16:16:00Z;12.267;12.27;12.27;12.265;6585;
db4b4990-0864-4595-a238-c5922723d84b;2025-03-03T16:17:00Z;12.27;12.269;12.27;12.266;2635;
db4b4990-0864-4595-a238-c5922723d84b;2025-03-03T16:18:00Z;12.27;12.273;12.273;12.269;1937;
db4b4990-0864-4595-a238-c5922723d84b;2025-03-03T16:19:00Z;12.273;12.271;12.273;12.27;2750;
db4b4990-0864-4595-a238-c5922723d84b;2025-03-03T16:20:00Z;12.273;12.276;12.278;12.272;2532;
db4b4990-0864-4595-a238-c5922723d84b;2025-03-03T16:21:00Z;12.276;12.277;12.28;12.275;3171;
db4b4990-0864-4595-a238-c5922723d84b;2025-03-03T16:22:00Z;12.276;12.267;12.277;12.267;6593;
db4b4990-0864-4595-a238-c5922723d84b;2025-03-03T16:23:00Z;12.267;12.267;12.269;12.267;1021;
db4b4990-0864-4595-a238-c5922723d84b;2025-03-03T16:24:00Z;12.268;12.266;12.269;12.266;1991;
db4b4990-0864-4595-a238-c5922723d84b;2025-03-03T16:25:00Z;12.266;12.262;12.266;12.261;706;
db4b4990-0864-4595-a238-c5922723d84b;2025-03-03T16:26:00Z;12.262;12.268;12.269;12.261;1103;
db4b4990-0864-4595-a238-c5922723d84b;2025-03-03T16:27:00Z;12.269;12.266;12.269;12.265;680;
db4b4990-0864-4595-a238-c5922723d84b;2025-03-03T16:28:00Z;12.268;12.265;12.268;12.264;503;
db4b4990-0864-4595-a238-c5922723d84b;2025-03-03T16:29:00Z;12.266;12.266;12.266;12.264;193;
db4b4990-0864-4595-a238-c5922723d84b;2025-03-03T16:30:00Z;12.266;12.265;12.267;12.264;723;
db4b4990-0864-4595-a238-c5922723d84b;2025-03-03T16:31:00Z;12.265;12.276;12.279;12.264;4107;
db4b4990-0864-4595-a238-c5922723d84b;2025-03-03T16:32:00Z;12.277;12.287;12.287;12.275;3479;
db4b4990-0864-4595-a238-c5922723d84b;2025-03-03T16:33:00Z;12.285;12.283;12.287;12.281;4270;
db4b4990-0864-4595-a238-c5922723d84b;2025-03-03T16:34:00Z;12.283;12.282;12.285;12.282;556;
db4b4990-0864-4595-a238-c5922723d84b;2025-03-03T16:35:00Z;12.283;12.283;12.283;12.282;518;
db4b4990-0864-4595-a238-c5922723d84b;2025-03-03T16:36:00Z;12.282;12.283;12.284;12.282;1306;
db4b4990-0864-4595-a238-c5922723d84b;2025-03-03T16:37:00Z;12.282;12.284;12.284;12.282;453;
db4b4990-0864-4595-a238-c5922723d84b;2025-03-03T16:38:00Z;12.283;12.284;12.284;12.282;343;
db4b4990-0864-4595-a238-c5922723d84b;2025-03-03T16:39:00Z;12.284;12.286;12.286;12.283;704;
db4b4990-0864-4595-a238-c5922723d84b;2025-03-03T16:40:00Z;12.286;12.284;12.287;12.284;1465;
db4b4990-0864-4595-a238-c5922723d84b;2025-03-03T16:41:00Z;12.284;12.285;12.288;12.281;6987;
db4b4990-0864-4595-a238-c5922723d84b;2025-03-03T16:42:00Z;12.284;12.283;12.287;12.281;1657;
db4b4990-0864-4595-a238-c5922723d84b;2025-03-03T16:43:00Z;12.284;12.282;12.285;12.281;1770;
db4b4990-0864-4595-a238-c5922723d84b;2025-03-03T16:44:00Z;12.282;12.273;12.284;12.272;8155;
db4b4990-0864-4595-a238-c5922723d84b;2025-03-03T16:45:00Z;12.274;12.271;12.275;12.265;2609;
db4b4990-0864-4595-a238-c5922723d84b;2025-03-03T16:46:00Z;12.271;12.274;12.274;12.27;947;
db4b4990-0864-4595-a238-c5922723d84b;2025-03-03T16:47:00Z;12.274;12.267;12.276;12.267;2034;
db4b4990-0864-4595-a238-c5922723d84b;2025-03-03T16:48:00Z;12.267;12.247;12.267;12.247;5285;
db4b4990-0864-4595-a238-c5922723d84b;2025-03-03T16:49:00Z;12.247;12.252;12.26;12.247;6220;
db4b4990-0864-4595-a238-c5922723d84b;2025-03-03T16:50:00Z;12.251;12.245;12.252;12.238;8970;
db4b4990-0864-4595-a238-c5922723d84b;2025-03-03T16:51:00Z;12.246;12.246;12.251;12.241;1577;
db4b4990-0864-4595-a238-c5922723d84b;2025-03-03T16:52:00Z;12.247;12.257;12.258;12.245;2018;
db4b4990-0864-4595-a238-c5922723d84b;2025-03-03T16:53:00Z;12.258;12.255;12.258;12.254;781;
db4b4990-0864-4595-a238-c5922723d84b;2025-03-03T16:54:00Z;12.254;12.253;12.255;12.25;3139;
db4b4990-0864-4595-a238-c5922723d84b;2025-03-03T16:55:00Z;12.253;12.251;12.253;12.25;1030;
db4b4990-0864-4595-a238-c5922723d84b;2025-03-03T16:56:00Z;12.251;12.241;12.253;12.241;2950;
db4b4990-0864-4595-a238-c5922723d84b;2025-03-03T16:57:00Z;12.241;12.249;12.254;12.24;4744;
db4b4990-0864-4595-a238-c5922723d84b;2025-03-03T16:58:00Z;12.248;12.245;12.25;12.244;789;
db4b4990-0864-4595-a238-c5922723d84b;2025-03-03T16:59:00Z;12.247;12.238;12.247;12.238;5297;
db4b4990-0864-4595-a238-c5922723d84b;2025-03-03T17:00:00Z;12.238;12.243;12.246;12.237;2427;
db4b4990-0864-4595-a238-c5922723d84b;2025-03-03T17:01:00Z;12.246;12.252;12.256;12.243;4335;
db4b4990-0864-4595-a238-c5922723d84b;2025-03-03T17:02:00Z;12.252;12.248;12.253;12.247;1476;
db4b4990-0864-4595-a238-c5922723d84b;2025-03-03T17:03:00Z;12.249;12.243;12.252;12.24;2521;
db4b4990-0864-4595-a238-c5922723d84b;2025-03-03T17:04:00Z;12.243;12.248;12.25;12.241;1270;
db4b4990-0864-4595-a238-c5922723d84b;2025-03-03T17:05:00Z;12.248;12.246;12.25;12.246;145;
db4b4990-0864-4595-a238-c5922723d84b;2025-03-03T17:06:00Z;12.245;12.245;12.246;12.243;584;
db4b4990-0864-4595-a238-c5922723d84b;2025-03-03T17:07:00Z;12.243;12.24;12.245;12.24;1369;
db4b4990-0864-4595-a238-c5922723d84b;2025-03-03T17:08:00Z;12.24;12.255;12.255;12.24;2700;
db4b4990-0864-4595-a238-c5922723d84b;2025-03-03T17:09:00Z;12.254;12.265;12.265;12.254;3196;
db4b4990-0864-4595-a238-c5922723d84b;2025-03-03T17:10:00Z;12.264;12.262;12.266;12.26;4676;
db4b4990-0864-4595-a238-c5922723d84b;2025-03-03T17:11:00Z;12.261;12.264;12.264;12.26;1560;
db4b4990-0864-4595-a238-c5922723d84b;2025-03-03T17:12:00Z;12.264;12.26;12.266;12.26;2272;
db4b4990-0864-4595-a238-c5922723d84b;2025-03-03T17:13:00Z;12.26;12.263;12.264;12.257;959;
db4b4990-0864-4595-a238-c5922723d84b;2025-03-03T17:14:00Z;12.264;12.275;12.278;12.264;4195;
db4b4990-0864-4595-a238-c5922723d84b;2025-03-03T17:15:00Z;12.272;12.273;12.275;12.272;1022;
db4b4990-0864-4595-a238-c5922723d84b;2025-03-03T17:16:00Z;12.274;12.274;12.274;12.271;981;
db4b4990-0864-4595-a238-c5922723d84b;2025-03-03T17:17:00Z;12.274;12.267;12.274;12.264;2395;
db4b4990-0864-4595-a238-c5922723d84b;2025-03-03T17:18:00Z;12.266;12.264;12.266;12.264;892;
db4b4990-0864-4595-a238-c5922723d84b;2025-03-03T17:19:00Z;12.264;12.262;12.265;12.262;451;
db4b4990-0864-4595-a238-c5922723d84b;2025-03-03T17:20:00Z;12.262;12.249;12.263;12.249;4432;
db4b4990-0864-4595-a238-c5922723d84b;2025-03-03T17:21:00Z;12.249;12.252;12.252;12.246;1441;
db4b4990-0864-4595-a238-c5922723d84b;2025-03-03T17:22:00Z;12.252;12.253;12.253;12.251;448;
db4b4990-0864-4595-a238-c5922723d84b;2025-03-03T17:23:00Z;12.254;12.261;12.263;12.254;3057;
db4b4990-0864-4595-a238-c5922723d84b;2025-03-03T17:24:00Z;12.262;12.266;12.266;12.262;744;
db4b4990-0864-4595-a238-c5922723d84b;2025-03-03T17:25:00Z;12.266;12.263;12.267;12.263;898;
db4b4990-0864-4595-a238-c5922723d84b;2025-03-03T17:26:00Z;12.262;12.255;12.262;12.254;1412;
db4b4990-0864-4595-a238-c5922723d84b;2025-03-03T17:27:00Z;12.254;12.254;12.255;12.253;91;
db4b4990-0864-4595-a238-c5922723d84b;2025-03-03T17:28:00Z;12.255;12.252;12.255;12.248;1316;
db4b4990-0864-4595-a238-c5922723d84b;2025-03-03T17:29:00Z;12.252;12.249;12.252;12.248;716;
db4b4990-0864-4595-a238-c5922723d84b;2025-03-03T17:30:00Z;12.25;12.247;12.25;12.246;944;
db4b4990-0864-4595-a238-c5922723d84b;2025-03-03T17:31:00Z;12.246;12.251;12.252;12.243;2226;
db4b4990-0864-4595-a238-c5922723d84b;2025-03-03T17:32:00Z;12.251;12.245;12.251;12.245;385;
db4b4990-0864-4595-a238-c5922723d84b;2025-03-03T17:33:00Z;12.246;12.246;12.247;12.243;485;
db4b4990-0864-4595-a238-c5922723d84b;2025-03-03T17:34:00Z;12.247;12.252;12.253;12.246;1649;
db4b4990-0864-4595-a238-c5922723d84b;2025-03-03T17:35:00Z;12.252;12.252;12.252;12.252;60;
db4b4990-0864-4595-a238-c5922723d84b;2025-03-03T17:36:00Z;12.25;12.246;12.253;12.246;738;
db4b4990-0864-4595-a238-c5922723d84b;2025-03-03T17:37:00Z;12.246;12.246;12.247;12.243;1089;
db4b4990-0864-4595-a238-c5922723d84b;2025-03-03T17:38:00Z;12.246;12.245;12.248;12.245;386;
db4b4990-0864-4595-a238-c5922723d84b;2025-03-03T17:39:00Z;12.245;12.248;12.251;12.245;1614;
db4b4990-0864-4595-a238-c5922723d84b;2025-03-03T17:40:00Z;12.249;12.256;12.256;12.249;1663;
db4b4990-0864-4595-a238-c5922723d84b;2025-03-03T17:41:00Z;12.256;12.258;12.265;12.256;3519;
db4b4990-0864-4595-a238-c5922723d84b;2025-03-03T17:42:00Z;12.258;12.259;12.261;12.257;719;
db4b4990-0864-4595-a238-c5922723d84b;2025-03-03T17:43:00Z;12.259;12.26;12.265;12.256;10810;
db4b4990-0864-4595-a238-c5922723d84b;2025-03-03T17:44:00Z;12.26;12.258;12.26;12.258;200;
db4b4990-0864-4595-a238-c5922723d84b;2025-03-03T17:45:00Z;12.258;12.255;12.259;12.255;1051;
db4b4990-0864-4595-a238-c5922723d84b;2025-03-03T17:46:00Z;12.255;12.255;12.255;12.254;498;
db4b4990-0864-4595-a238-c5922723d84b;2025-03-03T17:47:00Z;12.254;12.255;12.255;12.254;1166;
db4b4990-0864-4595-a238-c5922723d84b;2025-03-03T17:48:00Z;12.256;12.255;12.257;12.255;1028;
db4b4990-0864-4595-a238-c5922723d84b;2025-03-03T17:49:00Z;12.255;12.254;12.255;12.254;855;
db4b4990-0864-4595-a238-c5922723d84b;2025-03-03T17:50:00Z;12.254;12.25;12.254;12.25;748;
db4b4990-0864-4595-a238-c5922723d84b;2025-03-03T17:51:00Z;12.25;12.252;12.252;12.247;770;
db4b4990-0864-4595-a238-c5922723d84b;2025-03-03T17:52:00Z;12.251;12.25;12.251;12.249;139;
db4b4990-0864-4595-a238-c5922723d84b;2025-03-03T17:53:00Z;12.25;12.249;12.25;12.248;213;
db4b4990-0864-4595-a238-c5922723d84b;2025-03-03T17:54:00Z;12.249;12.25;12.25;12.248;709;
db4b4990-0864-4595-a238-c5922723d84b;2025-03-03T17:55:00Z;12.25;12.252;12.254;12.249;603;
db4b4990-0864-4595-a238-c5922723d84b;2025-03-03T17:56:00Z;12.251;12.251;12.253;12.25;203;
db4b4990-0864-4595-a238-c5922723d84b;2025-03-03T17:57:00Z;12.25;12.248;12.25;12.248;581;
db4b4990-0864-4595-a238-c5922723d84b;2025-03-03T17:58:00Z;12.249;12.255;12.257;12.249;649;
db4b4990-0864-4595-a238-c5922723d84b;2025-03-03T17:59:00Z;12.256;12.256;12.257;12.254;139;
db4b4990-0864-4595-a238-c5922723d84b;2025-03-03T18:00:00Z;12.256;12.25;12.256;12.25;487;
db4b4990-0864-4595-a238-c5922723d84b;2025-03-03T18:01:00Z;12.251;12.249;12.251;12.249;390;
db4b4990-0864-4595-a238-c5922723d84b;2025-03-03T18:02:00Z;12.249;12.248;12.249;12.248;183;
db4b4990-0864-4595-a238-c5922723d84b;2025-03-03T18:03:00Z;12.249;12.249;12.251;12.249;1527;
db4b4990-0864-4595-a238-c5922723d84b;2025-03-03T18:04:00Z;12.248;12.248;12.248;12.248;387;
db4b4990-0864-4595-a238-c5922723d84b;2025-03-03T18:05:00Z;12.248;12.247;12.248;12.247;5583;
db4b4990-0864-4595-a238-c5922723d84b;2025-03-03T18:06:00Z;12.247;12.247;12.248;12.247;203;
db4b4990-0864-4595-a238-c5922723d84b;2025-03-03T18:07:00Z;12.247;12.248;12.248;12.247;532;
db4b4990-0864-4595-a238-c5922723d84b;2025-03-03T18:08:00Z;12.248;12.247;12.248;12.247;301;
db4b4990-0864-4595-a238-c5922723d84b;2025-03-03T18:09:00Z;12.248;12.246;12.248;12.246;1261;
db4b4990-0864-4595-a238-c5922723d84b;2025-03-03T18:10:00Z;12.248;12.244;12.248;12.241;1517;
db4b4990-0864-4595-a238-c5922723d84b;2025-03-03T18:11:00Z;12.242;12.237;12.244;12.236;5670;
db4b4990-0864-4595-a238-c5922723d84b;2025-03-03T18:12:00Z;12.236;12.239;12.242;12.235;6154;
db4b4990-0864-4595-a238-c5922723d84b;2025-03-03T18:13:00Z;12.239;12.245;12.245;12.235;2654;
db4b4990-0864-4595-a238-c5922723d84b;2025-03-03T18:14:00Z;12.246;12.246;12.247;12.244;923;
db4b4990-0864-4595-a238-c5922723d84b;2025-03-03T18:15:00Z;12.244;12.243;12.245;12.241;944;
db4b4990-0864-4595-a238-c5922723d84b;2025-03-03T18:16:00Z;12.245;12.257;12.258;12.244;7269;
db4b4990-0864-4595-a238-c5922723d84b;2025-03-03T18:17:00Z;12.257;12.27;12.273;12.257;14197;
db4b4990-0864-4595-a238-c5922723d84b;2025-03-03T18:18:00Z;12.269;12.266;12.273;12.263;3454;
db4b4990-0864-4595-a238-c5922723d84b;2025-03-03T18:19:00Z;12.266;12.272;12.272;12.264;2934;
db4b4990-0864-4595-a238-c5922723d84b;2025-03-03T18:20:00Z;12.272;12.28;12.281;12.271;6751;
db4b4990-0864-4595-a238-c5922723d84b;2025-03-03T18:21:00Z;12.28;12.294;12.294;12.279;8628;
db4b4990-0864-4595-a238-c5922723d84b;2025-03-03T18:22:00Z;12.293;12.294;12.295;12.283;4234;
db4b4990-0864-4595-a238-c5922723d84b;2025-03-03T18:23:00Z;12.293;12.288;12.295;12.288;3477;
db4b4990-0864-4595-a238-c5922723d84b;2025-03-03T18:24:00Z;12.288;12.282;12.288;12.279;3232;
db4b4990-0864-4595-a238-c5922723d84b;2025-03-03T18:25:00Z;12.282;12.293;12.293;12.282;2827;
db4b4990-0864-4595-a238-c5922723d84b;2025-03-03T18:26:00Z;12.293;12.289;12.293;12.289;1430;
db4b4990-0864-4595-a238-c5922723d84b;2025-03-03T18:27:00Z;12.289;12.29;12.29;12.286;1241;
db4b4990-0864-4595-a238-c5922723d84b;2025-03-03T18:28:00Z;12.289;12.287;12.292;12.287;1022;
db4b4990-0864-4595-a238-c5922723d84b;2025-03-03T18:29:00Z;12.287;12.291;12.297;12.286;6184;
db4b4990-0864-4595-a238-c5922723d84b;2025-03-03T18:30:00Z;12.292;12.294;12.296;12.291;1014;
db4b4990-0864-4595-a238-c5922723d84b;2025-03-03T18:31:00Z;12.294;12.291;12.294;12.288;942;
db4b4990-0864-4595-a238-c5922723d84b;2025-03-03T18:32:00Z;12.291;12.288;12.291;12.285;926;
db4b4990-0864-4595-a238-c5922723d84b;2025-03-03T18:33:00Z;12.287;12.294;12.295;12.287;2421;
db4b4990-0864-4595-a238-c5922723d84b;2025-03-03T18:34:00Z;12.294;12.306;12.306;12.29;12076;
db4b4990-0864-4595-a238-c5922723d84b;2025-03-03T18:35:00Z;12.306;12.305;12.31;12.3;11247;
db4b4990-0864-4595-a238-c5922723d84b;2025-03-03T18:36:00Z;12.305;12.298;12.305;12.294;2940;
db4b4990-0864-4595-a238-c5922723d84b;2025-03-03T18:37:00Z;12.296;12.295;12.297;12.292;2040;
db4b4990-0864-4595-a238-c5922723d84b;2025-03-03T18:38:00Z;12.295;12.295;12.297;12.292;2043;
db4b4990-0864-4595-a238-c5922723d84b;2025-03-03T18:39:00Z;12.295;12.297;12.298;12.293;1787;
db4b4990-0864-4595-a238-c5922723d84b;2025-03-03T18:40:00Z;12.297;12.295;12.297;12.291;1390;
db4b4990-0864-4595-a238-c5922723d84b;2025-03-03T18:41:00Z;12.295;12.295;12.296;12.295;179;
db4b4990-0864-4595-a238-c5922723d84b;2025-03-03T18:42:00Z;12.295;12.297;12.3;12.294;1012;
db4b4990-0864-4595-a238-c5922723d84b;2025-03-03T18:43:00Z;12.299;12.284;12.303;12.252;19842;
db4b4990-0864-4595-a238-c5922723d84b;2025-03-03T18:44:00Z;12.283;12.287;12.293;12.283;3902;
db4b4990-0864-4595-a238-c5922723d84b;2025-03-03T18:45:00Z;12.288;12.289;12.293;12.288;1760;
db4b4990-0864-4595-a238-c5922723d84b;2025-03-03T18:46:00Z;12.289;12.294;12.294;12.289;1343;
db4b4990-0864-4595-a238-c5922723d84b;2025-03-03T18:47:00Z;12.293;12.302;12.302;12.293;4908;
db4b4990-0864-4595-a238-c5922723d84b;2025-03-03T18:48:00Z;12.301;12.308;12.308;12.299;4431;
db4b4990-0864-4595-a238-c5922723d84b;2025-03-03T18:49:00Z;12.307;12.3;12.307;12.298;1329;
db4b4990-0864-4595-a238-c5922723d84b;2025-03-03T18:50:00Z;12.3;12.304;12.305;12.299;723;
db4b4990-0864-4595-a238-c5922723d84b;2025-03-03T18:51:00Z;12.303;12.304;12.304;12.299;895;
db4b4990-0864-4595-a238-c5922723d84b;2025-03-03T18:52:00Z;12.304;12.316;12.316;12.303;7636;
db4b4990-0864-4595-a238-c5922723d84b;2025-03-03T18:53:00Z;12.315;12.313;12.315;12.31;1320;
db4b4990-0864-4595-a238-c5922723d84b;2025-03-03T18:54:00Z;12.312;12.311;12.313;12.31;1023;
db4b4990-0864-4595-a238-c5922723d84b;2025-03-03T18:55:00Z;12.31;12.312;12.315;12.31;1971;
db4b4990-0864-4595-a238-c5922723d84b;2025-03-03T18:56:00Z;12.312;12.297;12.312;12.294;3631;
db4b4990-0864-4595-a238-c5922723d84b;2025-03-03T18:57:00Z;12.297;12.3;12.302;12.291;4210;
db4b4990-0864-4595-a238-c5922723d84b;2025-03-03T18:58:00Z;12.298;12.304;12.305;12.297;1189;
db4b4990-0864-4595-a238-c5922723d84b;2025-03-03T18:59:00Z;12.303;12.305;12.306;12.303;150;
db4b4990-0864-4595-a238-c5922723d84b;2025-03-03T19:00:00Z;12.305;12.3;12.307;12.3;1029;
db4b4990-0864-4595-a238-c5922723d84b;2025-03-03T19:01:00Z;12.3;12.3;12.301;12.299;558;
db4b4990-0864-4595-a238-c5922723d84b;2025-03-03T19:02:00Z;12.301;12.299;12.301;12.295;959;
db4b4990-0864-4595-a238-c5922723d84b;2025-03-03T19:03:00Z;12.3;12.307;12.307;12.3;2019;
db4b4990-0864-4595-a238-c5922723d84b;2025-03-03T19:04:00Z;12.306;12.307;12.307;12.304;426;
db4b4990-0864-4595-a238-c5922723d84b;2025-03-03T19:05:00Z;12.306;12.307;12.307;12.304;233;
db4b4990-0864-4595-a238-c5922723d84b;2025-03-03T19:06:00Z;12.307;12.308;12.309;12.306;376;
db4b4990-0864-4595-a238-c5922723d84b;2025-03-03T19:07:00Z;12.307;12.301;12.307;12.3;1607;
db4b4990-0864-4595-a238-c5922723d84b;2025-03-03T19:08:00Z;12.302;12.302;12.302;12.3;57;
db4b4990-0864-4595-a238-c5922723d84b;2025-03-03T19:09:00Z;12.301;12.308;12.308;12.3;1036;
db4b4990-0864-4595-a238-c5922723d84b;2025-03-03T19:10:00Z;12.306;12.303;12.308;12.303;781;
db4b4990-0864-4595-a238-c5922723d84b;2025-03-03T19:11:00Z;12.304;12.304;12.307;12.304;1937;
db4b4990-0864-4595-a238-c5922723d84b;2025-03-03T19:12:00Z;12.303;12.3;12.305;12.298;1509;
db4b4990-0864-4595-a238-c5922723d84b;2025-03-03T19:13:00Z;12.3;12.299;12.3;12.299;198;
db4b4990-0864-4595-a238-c5922723d84b;2025-03-03T19:14:00Z;12.298;12.302;12.302;12.297;1159;
db4b4990-0864-4595-a238-c5922723d84b;2025-03-03T19:15:00Z;12.302;12.299;12.302;12.299;316;
db4b4990-0864-4595-a238-c5922723d84b;2025-03-03T19:16:00Z;12.299;12.298;12.299;12.298;613;
db4b4990-0864-4595-a238-c5922723d84b;2025-03-03T19:17:00Z;12.298;12.299;12.301;12.298;492;
db4b4990-0864-4595-a238-c5922723d84b;2025-03-03T19:18:00Z;12.299;12.275;12.299;12.265;20065;
db4b4990-0864-4595-a238-c5922723d84b;2025-03-03T19:19:00Z;12.275;12.267;12.275;12.265;3052;
db4b4990-0864-4595-a238-c5922723d84b;2025-03-03T19:20:00Z;12.267;12.268;12.274;12.265;3564;
db4b4990-0864-4595-a238-c5922723d84b;2025-03-03T19:21:00Z;12.269;12.246;12.272;12.246;20943;
db4b4990-0864-4595-a238-c5922723d84b;2025-03-03T19:22:00Z;12.246;12.246;12.248;12.236;8184;
db4b4990-0864-4595-a238-c5922723d84b;2025-03-03T19:23:00Z;12.245;12.257;12.261;12.241;7789;
db4b4990-0864-4595-a238-c5922723d84b;2025-03-03T19:24:00Z;12.255;12.25;12.257;12.246;3092;
db4b4990-0864-4595-a238-c5922723d84b;2025-03-03T19:25:00Z;12.249;12.227;12.25;12.206;43891;
db4b4990-0864-4595-a238-c5922723d84b;2025-03-03T19:26:00Z;12.229;12.188;12.23;12.187;39228;
db4b4990-0864-4595-a238-c5922723d84b;2025-03-03T19:27:00Z;12.188;12.213;12.216;12.186;20985;
db4b4990-0864-4595-a238-c5922723d84b;2025-03-03T19:28:00Z;12.213;12.203;12.227;12.202;19980;
db4b4990-0864-4595-a238-c5922723d84b;2025-03-03T19:29:00Z;12.202;12.197;12.203;12.187;8466;
db4b4990-0864-4595-a238-c5922723d84b;2025-03-03T19:30:00Z;12.196;12.186;12.196;12.175;17094;
db4b4990-0864-4595-a238-c5922723d84b;2025-03-03T19:31:00Z;12.185;12.207;12.207;12.172;13835;
db4b4990-0864-4595-a238-c5922723d84b;2025-03-03T19:32:00Z;12.205;12.189;12.209;12.18;13596;
db4b4990-0864-4595-a238-c5922723d84b;2025-03-03T19:33:00Z;12.193;12.216;12.218;12.189;11039;
db4b4990-0864-4595-a238-c5922723d84b;2025-03-03T19:34:00Z;12.216;12.211;12.219;12.201;9605;
db4b4990-0864-4595-a238-c5922723d84b;2025-03-03T19:35:00Z;12.208;12.189;12.208;12.183;7857;
db4b4990-0864-4595-a238-c5922723d84b;2025-03-03T19:36:00Z;12.187;12.206;12.212;12.187;12909;
db4b4990-0864-4595-a238-c5922723d84b;2025-03-03T19:37:00Z;12.206;12.195;12.208;12.187;5900;
db4b4990-0864-4595-a238-c5922723d84b;2025-03-03T19:38:00Z;12.196;12.183;12.199;12.177;13228;
db4b4990-0864-4595-a238-c5922723d84b;2025-03-03T19:39:00Z;12.183;12.163;12.185;12.162;16241;
db4b4990-0864-4595-a238-c5922723d84b;2025-03-03T19:40:00Z;12.162;12.163;12.165;12.147;25095;
db4b4990-0864-4595-a238-c5922723d84b;2025-03-03T19:41:00Z;12.161;12.175;12.175;12.153;12999;
db4b4990-0864-4595-a238-c5922723d84b;2025-03-03T19:42:00Z;12.175;12.178;12.179;12.17;4707;
db4b4990-0864-4595-a238-c5922723d84b;2025-03-03T19:43:00Z;12.177;12.179;12.183;12.174;7005;
db4b4990-0864-4595-a238-c5922723d84b;2025-03-03T19:44:00Z;12.178;12.171;12.179;12.169;9734;
db4b4990-0864-4595-a238-c5922723d84b;2025-03-03T19:45:00Z;12.17;12.167;12.173;12.161;7025;
db4b4990-0864-4595-a238-c5922723d84b;2025-03-03T19:46:00Z;12.167;12.156;12.167;12.148;9252;
db4b4990-0864-4595-a238-c5922723d84b;2025-03-03T19:47:00Z;12.159;12.193;12.195;12.153;8524;
db4b4990-0864-4595-a238-c5922723d84b;2025-03-03T19:48:00Z;12.193;12.199;12.208;12.19;10989;
db4b4990-0864-4595-a238-c5922723d84b;2025-03-03T19:49:00Z;12.206;12.209;12.212;12.188;8073;
db4b4990-0864-4595-a238-c5922723d84b;2025-03-03T19:50:00Z;12.209;12.194;12.212;12.188;9356;
db4b4990-0864-4595-a238-c5922723d84b;2025-03-03T19:51:00Z;12.194;12.198;12.2;12.191;1917;
db4b4990-0864-4595-a238-c5922723d84b;2025-03-03T19:52:00Z;12.199;12.194;12.199;12.19;4763;
db4b4990-0864-4595-a238-c5922723d84b;2025-03-03T19:53:00Z;12.193;12.195;12.203;12.171;10587;
db4b4990-0864-4595-a238-c5922723d84b;2025-03-03T19:54:00Z;12.195;12.203;12.206;12.194;5538;
db4b4990-0864-4595-a238-c5922723d84b;2025-03-03T19:55:00Z;12.203;12.202;12.205;12.193;7619;
db4b4990-0864-4595-a238-c5922723d84b;2025-03-03T19:56:00Z;12.202;12.19;12.202;12.19;6705;
db4b4990-0864-4595-a238-c5922723d84b;2025-03-03T19:57:00Z;12.19;12.193;12.193;12.19;1779;
db4b4990-0864-4595-a238-c5922723d84b;2025-03-03T19:58:00Z;12.193;12.191;12.193;12.19;2058;
db4b4990-0864-4595-a238-c5922723d84b;2025-03-03T19:59:00Z;12.19;12.189;12.194;12.188;1249;
db4b4990-0864-4595-a238-c5922723d84b;2025-03-03T20:00:00Z;12.188;12.19;12.191;12.175;7672;
db4b4990-0864-4595-a238-c5922723d84b;2025-03-03T20:01:00Z;12.19;12.203;12.204;12.184;4558;
db4b4990-0864-4595-a238-c5922723d84b;2025-03-03T20:02:00Z;12.203;12.202;12.212;12.2;7882;
db4b4990-0864-4595-a238-c5922723d84b;2025-03-03T20:03:00Z;12.204;12.199;12.204;12.192;4269;
db4b4990-0864-4595-a238-c5922723d84b;2025-03-03T20:04:00Z;12.198;12.184;12.2;12.181;4884;
db4b4990-0864-4595-a238-c5922723d84b;2025-03-03T20:05:00Z;12.183;12.186;12.189;12.181;1772;
db4b4990-0864-4595-a238-c5922723d84b;2025-03-03T20:06:00Z;12.187;12.188;12.191;12.184;1726;
db4b4990-0864-4595-a238-c5922723d84b;2025-03-03T20:07:00Z;12.188;12.201;12.203;12.188;2711;
db4b4990-0864-4595-a238-c5922723d84b;2025-03-03T20:08:00Z;12.201;12.203;12.204;12.194;2699;
db4b4990-0864-4595-a238-c5922723d84b;2025-03-03T20:09:00Z;12.202;12.202;12.203;12.201;1441;
db4b4990-0864-4595-a238-c5922723d84b;2025-03-03T20:10:00Z;12.202;12.201;12.202;12.195;1232;
db4b4990-0864-4595-a238-c5922723d84b;2025-03-03T20:11:00Z;12.2;12.214;12.215;12.193;7271;
db4b4990-0864-4595-a238-c5922723d84b;2025-03-03T20:12:00Z;12.214;12.22;12.227;12.211;14329;
db4b4990-0864-4595-a238-c5922723d84b;2025-03-03T20:13:00Z;12.215;12.219;12.228;12.202;13529;
db4b4990-0864-4595-a238-c5922723d84b;2025-03-03T20:14:00Z;12.22;12.221;12.222;12.216;5951;
db4b4990-0864-4595-a238-c5922723d84b;2025-03-03T20:15:00Z;12.223;12.221;12.229;12.219;4892;
db4b4990-0864-4595-a238-c5922723d84b;2025-03-03T20:16:00Z;12.221;12.217;12.223;12.209;5657;
db4b4990-0864-4595-a238-c5922723d84b;2025-03-03T20:17:00Z;12.216;12.22;12.22;12.216;2039;
db4b4990-0864-4595-a238-c5922723d84b;2025-03-03T20:18:00Z;12.219;12.216;12.224;12.214;3250;
db4b4990-0864-4595-a238-c5922723d84b;2025-03-03T20:19:00Z;12.217;12.221;12.223;12.216;2105;
db4b4990-0864-4595-a238-c5922723d84b;2025-03-03T20:20:00Z;12.221;12.212;12.222;12.209;2690;
db4b4990-0864-4595-a238-c5922723d84b;2025-03-03T20:21:00Z;12.21;12.214;12.214;12.208;758;
db4b4990-0864-4595-a238-c5922723d84b;2025-03-03T20:22:00Z;12.212;12.219;12.22;12.212;249;
db4b4990-0864-4595-a238-c5922723d84b;2025-03-03T20:23:00Z;12.22;12.223;12.223;12.22;1107;
db4b4990-0864-4595-a238-c5922723d84b;2025-03-03T20:24:00Z;12.224;12.223;12.225;12.222;443;
db4b4990-0864-4595-a238-c5922723d84b;2025-03-03T20:25:00Z;12.222;12.198;12.222;12.194;5773;
db4b4990-0864-4595-a238-c5922723d84b;2025-03-03T20:26:00Z;12.198;12.209;12.218;12.191;7757;
db4b4990-0864-4595-a238-c5922723d84b;2025-03-03T20:27:00Z;12.21;12.202;12.21;12.199;959;
db4b4990-0864-4595-a238-c5922723d84b;2025-03-03T20:28:00Z;12.2;12.214;12.214;12.197;2327;
db4b4990-0864-4595-a238-c5922723d84b;2025-03-03T20:29:00Z;12.214;12.22;12.224;12.214;894;
db4b4990-0864-4595-a238-c5922723d84b;2025-03-03T20:30:00Z;12.22;12.217;12.224;12.215;665;
db4b4990-0864-4595-a238-c5922723d84b;2025-03-03T20:31:00Z;12.216;12.216;12.22;12.213;1811;
db4b4990-0864-4595-a238-c5922723d84b;2025-03-03T20:32:00Z;12.216;12.226;12.228;12.216;3278;
db4b4990-0864-4595-a238-c5922723d84b;2025-03-03T20:33:00Z;12.227;12.227;12.228;12.222;2619;
db4b4990-0864-4595-a238-c5922723d84b;2025-03-03T20:34:00Z;12.227;12.223;12.228;12.222;1975;
db4b4990-0864-4595-a238-c5922723d84b;2025-03-03T20:35:00Z;12.222;12.222;12.224;12.22;443;
db4b4990-0864-4595-a238-c5922723d84b;2025-03-03T20:36:00Z;12.22;12.217;12.225;12.214;4853;
db4b4990-0864-4595-a238-c5922723d84b;2025-03-03T20:37:00Z;12.216;12.219;12.222;12.215;1156;
db4b4990-0864-4595-a238-c5922723d84b;2025-03-03T20:38:00Z;12.218;12.217;12.218;12.212;1385;
db4b4990-0864-4595-a238-c5922723d84b;2025-03-03T20:39:00Z;12.218;12.216;12.218;12.212;477;
db4b4990-0864-4595-a238-c5922723d84b;2025-03-03T20:40:00Z;12.217;12.217;12.222;12.211;2097;
db4b4990-0864-4595-a238-c5922723d84b;2025-03-03T20:41:00Z;12.218;12.217;12.218;12.214;408;
db4b4990-0864-4595-a238-c5922723d84b;2025-03-03T20:42:00Z;12.217;12.221;12.228;12.213;2929;
db4b4990-0864-4595-a238-c5922723d84b;2025-03-03T20:43:00Z;12.221;12.222;12.227;12.219;4009;
db4b4990-0864-4595-a238-c5922723d84b;2025-03-03T20:44:00Z;12.226;12.22;12.226;12.219;292;
db4b4990-0864-4595-a238-c5922723d84b;2025-03-03T20:45:00Z;12.223;12.233;12.237;12.222;5148;
db4b4990-0864-4595-a238-c5922723d84b;2025-03-03T20:46:00Z;12.233;12.224;12.235;12.215;2416;
db4b4990-0864-4595-a238-c5922723d84b;2025-03-03T20:47:00Z;12.225;12.223;12.225;12.223;382;
db4b4990-0864-4595-a238-c5922723d84b;2025-03-03T20:48:00Z;12.222;12.217;12.223;12.21;1616;
db4b4990-0864-4595-a238-c5922723d84b;2025-03-03T20:49:00Z;12.216;12.216;12.22;12.213;961;
