ticker;timestamp;Open;High;Low;Close;Volume
RUAL;2024-10-01 04:00:00;34.5;34.295;34.145;34.15;3623
RUAL;2024-10-01 05:00:00;34.15;34.21;34.105;34.19;1625
RUAL;2024-10-01 06:00:00;34.155;34.155;33.985;33.985;7793
RUAL;2024-10-01 07:00:00;33.99;34.475;34.08;34.115;291190
RUAL;2024-10-01 08:00:00;34.13;34.21;34.08;34.07;170754
RUAL;2024-10-01 09:00:00;34.08;34.225;34.015;34.14;123339
RUAL;2024-10-01 10:00:00;34.145;34.475;34.11;34.4;141536
RUAL;2024-10-01 11:00:00;34.41;34.625;34.335;34.595;180302
RUAL;2024-10-01 12:00:00;34.625;34.635;34.425;34.41;104375
RUAL;2024-10-01 13:00:00;34.415;34.48;34.295;34.435;111966
RUAL;2024-10-01 14:00:00;34.44;34.47;34.23;34.31;95091
RUAL;2024-10-01 15:00:00;34.325;34.435;34.28;34.28;74036
RUAL;2024-10-01 16:00:00;34.31;34.445;34.295;34.42;31041
RUAL;2024-10-01 17:00:00;34.445;34.49;34.355;34.355;46593
RUAL;2024-10-01 18:00:00;34.355;34.375;34.275;34.345;18142
RUAL;2024-10-01 19:00:00;34.345;34.45;34.345;34.45;6371
RUAL;2024-10-01 20:00:00;34.45;34.485;34.435;34.47;6647
RUAL;2024-10-02 04:00:00;34.55;34.65;34.475;34.64;680
RUAL;2024-10-02 05:00:00;34.64;34.555;34.285;34.495;1255
RUAL;2024-10-02 06:00:00;34.545;34.545;34.365;34.54;1414
RUAL;2024-10-02 07:00:00;34.54;34.885;34.45;34.75;147246
RUAL;2024-10-02 08:00:00;34.755;34.815;34.54;34.565;85661
RUAL;2024-10-02 09:00:00;34.61;34.58;34.38;34.38;66930
RUAL;2024-10-02 10:00:00;34.38;34.465;34.31;34.355;111446
RUAL;2024-10-02 11:00:00;34.355;34.4;34.155;34.135;92238
RUAL;2024-10-02 12:00:00;34.14;34.1;33.925;34.005;206551
RUAL;2024-10-02 13:00:00;34.015;34.1;33.88;33.92;167626
RUAL;2024-10-02 14:00:00;33.925;34.005;33.615;33.6;245451
RUAL;2024-10-02 15:00:00;33.61;33.66;33.56;33.565;121431
RUAL;2024-10-02 16:00:00;33.55;33.66;33.55;33.62;57293
RUAL;2024-10-02 17:00:00;33.625;33.945;33.625;33.78;61816
RUAL;2024-10-02 18:00:00;33.78;33.835;33.77;33.83;21595
RUAL;2024-10-02 19:00:00;33.83;33.855;33.775;33.785;17293
RUAL;2024-10-02 20:00:00;33.785;33.785;33.76;33.785;8624
RUAL;2024-10-03 04:00:00;33.65;33.95;33.65;33.805;57
RUAL;2024-10-03 05:00:00;33.9;33.905;33.71;33.75;559
RUAL;2024-10-03 06:00:00;33.75;33.78;33.725;33.78;1101
RUAL;2024-10-03 07:00:00;33.755;33.845;33.615;33.665;155190
RUAL;2024-10-03 08:00:00;33.665;33.77;33.61;33.6;56298
RUAL;2024-10-03 09:00:00;33.6;33.62;33.445;33.41;177067
RUAL;2024-10-03 10:00:00;33.5;33.51;33.385;33.43;138096
RUAL;2024-10-03 11:00:00;33.44;33.555;33.405;33.425;83682
RUAL;2024-10-03 12:00:00;33.445;34.295;33.475;34.195;332251
RUAL;2024-10-03 13:00:00;34.2;34.585;34.1;34.515;286760
RUAL;2024-10-03 14:00:00;34.53;34.58;34.45;34.45;161940
RUAL;2024-10-03 15:00:00;34.45;34.43;34.23;34.25;101854
RUAL;2024-10-03 16:00:00;34.26;34.61;34.26;34.46;55726
RUAL;2024-10-03 17:00:00;34.47;34.5;34.38;34.445;28249
RUAL;2024-10-03 18:00:00;34.445;34.675;34.44;34.67;26195
RUAL;2024-10-03 19:00:00;34.675;34.845;34.715;34.715;105583
RUAL;2024-10-03 20:00:00;34.73;34.77;34.71;34.77;26865
RUAL;2024-10-04 04:00:00;34.85;34.89;34.575;34.795;6376
RUAL;2024-10-04 05:00:00;34.79;34.985;34.66;34.785;1303
RUAL;2024-10-04 06:00:00;34.97;34.97;34.765;34.8;2910
RUAL;2024-10-04 07:00:00;34.815;35.405;34.71;35.125;431009
RUAL;2024-10-04 08:00:00;35.14;35.105;34.745;34.975;212365
RUAL;2024-10-04 09:00:00;34.98;34.99;34.795;34.8;67895
RUAL;2024-10-04 10:00:00;34.815;34.91;34.755;34.855;73725
RUAL;2024-10-04 11:00:00;34.87;34.92;34.74;34.635;55675
RUAL;2024-10-04 12:00:00;34.645;34.645;34.505;34.525;96716
RUAL;2024-10-04 13:00:00;34.54;34.585;34.43;34.395;125123
RUAL;2024-10-04 14:00:00;34.4;34.555;34.365;34.435;79727
RUAL;2024-10-04 15:00:00;34.44;34.82;34.45;34.73;149950
RUAL;2024-10-04 16:00:00;34.73;34.81;34.73;34.775;13152
RUAL;2024-10-04 17:00:00;34.77;34.8;34.76;34.775;18493
RUAL;2024-10-04 18:00:00;34.785;34.8;34.72;34.73;24538
RUAL;2024-10-04 19:00:00;34.74;34.9;34.74;34.87;29546
RUAL;2024-10-04 20:00:00;34.89;35.0;34.81;34.965;58017
RUAL;2024-10-05 04:00:00;35.05;35.2;34.705;34.91;350
RUAL;2024-10-05 05:00:00;34.995;35.04;34.85;34.99;78
RUAL;2024-10-05 06:00:00;34.85;34.965;34.85;34.85;82
RUAL;2024-10-05 07:00:00;34.955;35.0;34.845;34.86;782
RUAL;2024-10-05 08:00:00;34.94;34.925;34.805;34.805;772
RUAL;2024-10-05 09:00:00;34.805;34.865;34.805;34.81;44
RUAL;2024-10-05 10:00:00;34.865;34.88;34.81;34.88;94
RUAL;2024-10-05 11:00:00;34.825;34.89;34.825;34.89;111
RUAL;2024-10-05 12:00:00;34.89;34.89;34.815;34.815;677
RUAL;2024-10-05 13:00:00;34.815;34.885;34.815;34.815;211
RUAL;2024-10-05 14:00:00;34.815;34.88;34.815;34.88;209
RUAL;2024-10-05 15:00:00;34.875;34.88;34.81;34.81;473
RUAL;2024-10-05 16:00:00;34.81;34.855;34.81;34.84;685
RUAL;2024-10-05 17:00:00;34.84;34.845;34.81;34.845;122
RUAL;2024-10-05 18:00:00;34.845;34.88;34.81;34.88;805
RUAL;2024-10-05 19:00:00;34.88;34.88;34.845;34.88;16
RUAL;2024-10-05 20:00:00;34.88;34.925;34.85;34.925;751
RUAL;2024-10-06 04:00:00;34.48;35.03;34.48;34.95;45
RUAL;2024-10-06 05:00:00;34.945;34.945;34.785;34.935;108
RUAL;2024-10-06 06:00:00;34.935;34.94;34.79;34.795;56
RUAL;2024-10-06 07:00:00;34.805;34.925;34.805;34.91;124
RUAL;2024-10-06 08:00:00;34.835;34.91;34.8;34.815;398
RUAL;2024-10-06 09:00:00;34.805;34.905;34.805;34.85;242
RUAL;2024-10-06 10:00:00;34.85;34.905;34.815;34.905;60
RUAL;2024-10-06 11:00:00;34.9;34.905;34.805;34.9;447
RUAL;2024-10-06 12:00:00;34.89;34.89;34.81;34.835;96
RUAL;2024-10-06 13:00:00;34.865;34.92;34.83;34.895;620
RUAL;2024-10-06 14:00:00;34.895;34.895;34.85;34.895;55
RUAL;2024-10-06 15:00:00;34.895;34.915;34.865;34.915;100
RUAL;2024-10-06 16:00:00;34.87;34.92;34.78;34.905;1530
RUAL;2024-10-06 17:00:00;34.91;35.025;34.865;34.9;1234
RUAL;2024-10-06 18:00:00;34.94;34.945;34.855;34.9;187
RUAL;2024-10-06 19:00:00;34.945;35.025;34.86;35.005;255
RUAL;2024-10-06 20:00:00;34.905;35.005;34.905;34.995;74
RUAL;2024-10-07 04:00:00;35.0;35.075;34.805;34.96;286
RUAL;2024-10-07 05:00:00;34.88;34.96;34.88;34.88;254
RUAL;2024-10-07 06:00:00;34.94;34.975;34.88;34.975;3338
RUAL;2024-10-07 07:00:00;34.97;34.975;34.545;34.515;136380
RUAL;2024-10-07 08:00:00;34.525;35.02;34.505;34.65;205934
RUAL;2024-10-07 09:00:00;35.02;35.06;34.825;34.805;486493
RUAL;2024-10-07 10:00:00;34.805;35.03;34.745;34.735;174385
RUAL;2024-10-07 11:00:00;34.745;34.895;34.71;34.705;66830
RUAL;2024-10-07 12:00:00;34.705;34.755;34.65;34.67;70064
RUAL;2024-10-07 13:00:00;34.67;34.89;34.65;34.69;220776
RUAL;2024-10-07 14:00:00;34.725;34.735;34.51;34.5;91960
RUAL;2024-10-07 15:00:00;34.515;34.64;34.47;34.6;72860
RUAL;2024-10-07 16:00:00;34.61;34.765;34.61;34.66;21058
RUAL;2024-10-07 17:00:00;34.665;34.715;34.655;34.715;6364
RUAL;2024-10-07 18:00:00;34.71;34.76;34.67;34.76;23381
RUAL;2024-10-07 19:00:00;34.755;34.76;34.65;34.735;22357
RUAL;2024-10-07 20:00:00;34.745;34.765;34.745;34.745;28915
RUAL;2024-10-08 04:00:00;34.865;34.905;34.715;34.69;2794
RUAL;2024-10-08 05:00:00;34.685;34.68;33.545;33.525;150869
RUAL;2024-10-08 06:00:00;33.65;33.985;33.62;33.985;97382
RUAL;2024-10-08 07:00:00;33.965;34.105;33.39;33.515;1630624
RUAL;2024-10-08 08:00:00;33.525;33.76;33.505;33.7;227620
RUAL;2024-10-08 09:00:00;33.71;33.85;33.665;33.74;134826
RUAL;2024-10-08 10:00:00;33.75;33.84;33.725;33.775;67833
RUAL;2024-10-08 11:00:00;33.785;33.82;33.525;33.605;123514
RUAL;2024-10-08 12:00:00;33.605;33.7;33.54;33.625;101356
RUAL;2024-10-08 13:00:00;33.63;33.8;33.63;33.77;65911
RUAL;2024-10-08 14:00:00;33.755;33.845;33.665;33.81;90199
RUAL;2024-10-08 15:00:00;33.815;34.565;33.815;34.52;598926
RUAL;2024-10-08 16:00:00;34.47;34.705;34.46;34.59;185848
RUAL;2024-10-08 17:00:00;34.61;34.82;34.61;34.705;123491
RUAL;2024-10-08 18:00:00;34.705;34.72;34.63;34.675;25867
RUAL;2024-10-08 19:00:00;34.675;34.765;34.67;34.69;25055
RUAL;2024-10-08 20:00:00;34.69;35.065;34.71;34.96;103605
RUAL;2024-10-09 04:00:00;35.485;35.435;34.295;34.7;107842
RUAL;2024-10-09 05:00:00;34.705;34.92;34.5;34.55;39549
RUAL;2024-10-09 06:00:00;34.55;34.785;34.52;34.785;15058
RUAL;2024-10-09 07:00:00;34.8;34.565;34.2;34.19;737034
RUAL;2024-10-09 08:00:00;34.195;34.2;33.975;34.0;360004
RUAL;2024-10-09 09:00:00;34.01;34.04;33.74;33.78;168639
RUAL;2024-10-09 10:00:00;33.8;33.815;33.52;33.805;425301
RUAL;2024-10-09 11:00:00;33.815;34.12;33.83;33.99;403955
RUAL;2024-10-09 12:00:00;33.995;34.235;33.855;33.96;350427
RUAL;2024-10-09 13:00:00;34.025;34.02;33.8;33.795;217899
RUAL;2024-10-09 14:00:00;33.8;33.93;33.8;33.9;80852
RUAL;2024-10-09 15:00:00;33.905;33.95;33.85;33.865;34224
RUAL;2024-10-09 16:00:00;33.865;34.015;33.865;33.955;59715
RUAL;2024-10-09 17:00:00;33.96;33.99;33.905;33.9;22491
RUAL;2024-10-09 18:00:00;33.9;34.015;33.88;34.005;90743
RUAL;2024-10-09 19:00:00;34.01;34.02;33.98;34.015;17680
RUAL;2024-10-09 20:00:00;34.005;34.08;33.97;33.975;36157
RUAL;2024-10-10 04:00:00;33.88;34.175;33.89;33.955;724
RUAL;2024-10-10 05:00:00;34.015;34.025;33.97;34.02;415
RUAL;2024-10-10 06:00:00;34.02;34.185;33.98;34.185;7262
RUAL;2024-10-10 07:00:00;34.065;34.13;33.875;33.96;128249
RUAL;2024-10-10 08:00:00;33.955;34.155;33.99;34.095;89792
RUAL;2024-10-10 09:00:00;34.11;34.105;33.945;33.94;39664
RUAL;2024-10-10 10:00:00;33.94;33.915;33.82;33.825;43300
RUAL;2024-10-10 11:00:00;33.825;33.945;33.58;33.555;158040
RUAL;2024-10-10 12:00:00;33.58;33.745;33.555;33.645;88852
RUAL;2024-10-10 13:00:00;33.65;33.7;33.51;33.635;137553
RUAL;2024-10-10 14:00:00;33.635;33.7;33.565;33.615;70049
RUAL;2024-10-10 15:00:00;33.605;33.6;33.53;33.53;41187
RUAL;2024-10-10 16:00:00;33.535;33.63;33.535;33.61;23428
RUAL;2024-10-10 17:00:00;33.615;33.715;33.615;33.7;18842
RUAL;2024-10-10 18:00:00;33.71;33.73;33.685;33.68;17068
RUAL;2024-10-10 19:00:00;33.7;33.705;33.555;33.555;28395
RUAL;2024-10-10 20:00:00;33.56;33.66;33.565;33.59;32299
RUAL;2024-10-11 04:00:00;33.54;33.83;33.54;33.56;560
RUAL;2024-10-11 05:00:00;33.58;33.58;33.495;33.54;2697
RUAL;2024-10-11 06:00:00;33.54;33.58;33.405;33.5;6859
RUAL;2024-10-11 07:00:00;33.53;33.465;33.105;33.195;477586
RUAL;2024-10-11 08:00:00;33.21;33.335;33.165;33.28;171627
RUAL;2024-10-11 09:00:00;33.28;33.28;33.13;33.135;107658
RUAL;2024-10-11 10:00:00;33.16;33.2;33.125;33.2;79571
RUAL;2024-10-11 11:00:00;33.205;33.32;33.18;33.27;87210
RUAL;2024-10-11 12:00:00;33.275;33.635;33.275;33.485;232350
RUAL;2024-10-11 13:00:00;33.475;33.585;33.43;33.555;48065
RUAL;2024-10-11 14:00:00;33.555;33.96;33.57;33.91;206262
RUAL;2024-10-11 15:00:00;33.91;33.95;33.78;33.945;86246
RUAL;2024-10-11 16:00:00;33.945;33.965;33.82;33.935;56471
RUAL;2024-10-11 17:00:00;33.935;33.955;33.775;33.765;28572
RUAL;2024-10-11 18:00:00;33.765;33.785;33.725;33.77;19839
RUAL;2024-10-11 19:00:00;33.77;33.845;33.77;33.795;31116
RUAL;2024-10-11 20:00:00;33.795;33.8;33.705;33.705;17999
RUAL;2024-10-12 04:00:00;33.8;34.1;33.715;33.725;445
RUAL;2024-10-12 05:00:00;33.73;33.965;33.73;33.815;132
RUAL;2024-10-12 06:00:00;33.825;33.825;33.73;33.73;113
RUAL;2024-10-12 07:00:00;33.825;33.91;33.735;33.895;656
RUAL;2024-10-12 08:00:00;33.83;33.895;33.83;33.83;58
RUAL;2024-10-12 09:00:00;33.89;33.895;33.83;33.83;407
RUAL;2024-10-12 10:00:00;33.89;33.89;33.83;33.85;309
RUAL;2024-10-12 11:00:00;33.85;33.89;33.825;33.825;391
RUAL;2024-10-12 12:00:00;33.88;33.88;33.825;33.83;317
RUAL;2024-10-12 13:00:00;33.875;33.88;33.825;33.87;268
RUAL;2024-10-12 14:00:00;33.87;33.87;33.735;33.74;157
RUAL;2024-10-12 15:00:00;33.74;33.825;33.74;33.765;277
RUAL;2024-10-12 16:00:00;33.81;33.82;33.63;33.645;789
RUAL;2024-10-12 17:00:00;33.64;33.79;33.64;33.79;678
RUAL;2024-10-12 18:00:00;33.7;33.735;33.65;33.65;70
RUAL;2024-10-12 19:00:00;33.735;33.74;33.65;33.725;66
RUAL;2024-10-12 20:00:00;33.665;33.82;33.69;33.78;685
RUAL;2024-10-13 04:00:00;33.815;33.99;33.505;33.775;1454
RUAL;2024-10-13 05:00:00;33.805;33.81;33.665;33.8;91
RUAL;2024-10-13 06:00:00;33.81;33.755;33.71;33.71;61
RUAL;2024-10-13 07:00:00;33.71;33.855;33.71;33.71;521
RUAL;2024-10-13 08:00:00;33.715;33.805;33.71;33.8;124
RUAL;2024-10-13 09:00:00;33.8;33.8;33.71;33.71;1746
RUAL;2024-10-13 10:00:00;33.715;33.79;33.71;33.765;174
RUAL;2024-10-13 11:00:00;33.715;33.76;33.655;33.655;174
RUAL;2024-10-13 12:00:00;33.655;33.7;33.65;33.7;169
RUAL;2024-10-13 13:00:00;33.65;33.7;33.605;33.7;120
RUAL;2024-10-13 14:00:00;33.605;33.68;33.52;33.66;235
RUAL;2024-10-13 15:00:00;33.66;33.68;33.54;33.675;244
RUAL;2024-10-13 16:00:00;33.555;33.735;33.555;33.695;349
RUAL;2024-10-13 17:00:00;33.685;33.725;33.675;33.71;135
RUAL;2024-10-13 18:00:00;33.625;33.705;33.59;33.595;109
RUAL;2024-10-13 19:00:00;33.695;33.73;33.625;33.625;201
RUAL;2024-10-13 20:00:00;33.715;33.715;33.485;33.625;4337
RUAL;2024-10-14 04:00:00;32.815;33.815;33.355;33.55;903
RUAL;2024-10-14 05:00:00;33.57;33.86;33.55;33.625;2308
RUAL;2024-10-14 06:00:00;33.615;33.87;33.585;33.68;1244
RUAL;2024-10-14 07:00:00;33.675;33.8;33.255;33.255;157408
RUAL;2024-10-14 08:00:00;33.31;33.34;33.185;33.19;61589
RUAL;2024-10-14 09:00:00;33.195;33.33;33.175;33.26;72050
RUAL;2024-10-14 10:00:00;33.26;33.665;33.27;33.505;167887
RUAL;2024-10-14 11:00:00;33.505;33.645;33.495;33.59;68394
RUAL;2024-10-14 12:00:00;33.59;33.895;33.615;33.865;144984
RUAL;2024-10-14 13:00:00;33.86;34.245;33.865;34.19;176021
RUAL;2024-10-14 14:00:00;34.22;34.4;34.245;34.235;126827
RUAL;2024-10-14 15:00:00;34.27;34.28;34.04;34.04;90121
RUAL;2024-10-14 16:00:00;34.035;34.13;34.035;34.12;24596
RUAL;2024-10-14 17:00:00;34.125;34.25;34.12;34.235;23506
RUAL;2024-10-14 18:00:00;34.235;34.24;34.18;34.2;10395
RUAL;2024-10-14 19:00:00;34.22;34.215;34.17;34.17;8659
RUAL;2024-10-14 20:00:00;34.17;34.18;34.105;34.115;21091
RUAL;2024-10-15 04:00:00;34.265;34.265;34.0;34.205;257
RUAL;2024-10-15 05:00:00;34.095;34.205;34.015;34.15;308
RUAL;2024-10-15 06:00:00;34.135;34.135;33.91;33.995;5808
RUAL;2024-10-15 07:00:00;34.035;34.57;33.87;34.42;200334
RUAL;2024-10-15 08:00:00;34.43;34.84;34.345;34.65;238572
RUAL;2024-10-15 09:00:00;34.655;34.735;34.44;34.63;134230
RUAL;2024-10-15 10:00:00;34.66;34.695;34.565;34.59;67591
RUAL;2024-10-15 11:00:00;34.6;34.78;34.59;34.7;71587
RUAL;2024-10-15 12:00:00;34.755;34.775;34.365;34.365;70041
RUAL;2024-10-15 13:00:00;34.37;34.4;34.32;34.4;44876
RUAL;2024-10-15 14:00:00;34.395;34.67;34.45;34.59;79067
RUAL;2024-10-15 15:00:00;34.605;34.645;34.57;34.57;21506
RUAL;2024-10-15 16:00:00;34.57;34.615;34.56;34.61;22665
RUAL;2024-10-15 17:00:00;34.615;34.615;34.55;34.565;13531
RUAL;2024-10-15 18:00:00;34.56;34.565;34.44;34.44;27271
RUAL;2024-10-15 19:00:00;34.445;34.495;34.4;34.49;13530
RUAL;2024-10-15 20:00:00;34.49;34.495;34.46;34.48;5796
RUAL;2024-10-16 04:00:00;34.87;34.87;34.5;34.52;279
RUAL;2024-10-16 05:00:00;34.655;34.655;34.52;34.52;88
RUAL;2024-10-16 06:00:00;34.52;34.855;34.52;34.62;8280
RUAL;2024-10-16 07:00:00;34.62;34.79;34.59;34.71;122964
RUAL;2024-10-16 08:00:00;34.715;34.95;34.695;34.91;135235
RUAL;2024-10-16 09:00:00;34.94;34.945;34.39;34.43;101778
RUAL;2024-10-16 10:00:00;34.43;34.76;34.4;34.575;102197
RUAL;2024-10-16 11:00:00;34.59;34.675;34.45;34.44;105590
RUAL;2024-10-16 12:00:00;34.46;34.61;34.45;34.425;66121
RUAL;2024-10-16 13:00:00;34.46;34.46;34.19;34.26;111740
RUAL;2024-10-16 14:00:00;34.27;34.335;34.19;34.185;48640
RUAL;2024-10-16 15:00:00;34.185;34.2;34.13;34.13;57574
RUAL;2024-10-16 16:00:00;34.15;34.32;34.15;34.31;25033
RUAL;2024-10-16 17:00:00;34.31;34.335;34.29;34.33;15613
RUAL;2024-10-16 18:00:00;34.33;34.365;34.265;34.365;9105
RUAL;2024-10-16 19:00:00;34.36;34.39;34.335;34.36;5974
RUAL;2024-10-16 20:00:00;34.365;34.385;34.36;34.375;7151
RUAL;2024-10-17 04:00:00;34.0;34.45;34.16;34.205;735
RUAL;2024-10-17 05:00:00;34.205;34.45;34.185;34.45;1515
RUAL;2024-10-17 06:00:00;34.45;34.695;34.48;34.53;8293
RUAL;2024-10-17 07:00:00;34.53;34.6;34.375;34.4;123619
RUAL;2024-10-17 08:00:00;34.41;34.51;34.38;34.375;47302
RUAL;2024-10-17 09:00:00;34.38;34.465;34.25;34.455;107405
RUAL;2024-10-17 10:00:00;34.46;34.48;34.33;34.39;29292
RUAL;2024-10-17 11:00:00;34.39;34.55;34.345;34.49;46749
RUAL;2024-10-17 12:00:00;34.49;34.86;34.535;34.595;131370
RUAL;2024-10-17 13:00:00;34.6;34.725;34.455;34.4;126998
RUAL;2024-10-17 14:00:00;34.425;34.62;34.465;34.495;62260
RUAL;2024-10-17 15:00:00;34.505;34.515;34.38;34.39;52068
RUAL;2024-10-17 16:00:00;34.36;34.425;34.14;34.21;59327
RUAL;2024-10-17 17:00:00;34.22;34.415;34.215;34.33;36652
RUAL;2024-10-17 18:00:00;34.375;34.37;34.265;34.33;14697
RUAL;2024-10-17 19:00:00;34.34;34.355;34.275;34.325;17351
RUAL;2024-10-17 20:00:00;34.37;34.475;34.36;34.42;17620
RUAL;2024-10-18 04:00:00;34.5;34.5;34.215;34.215;71
RUAL;2024-10-18 05:00:00;34.32;34.345;34.19;34.305;847
RUAL;2024-10-18 06:00:00;34.345;34.69;34.275;34.495;1361
RUAL;2024-10-18 07:00:00;34.49;34.55;34.24;34.395;100896
RUAL;2024-10-18 08:00:00;34.4;34.665;34.435;34.435;67429
RUAL;2024-10-18 09:00:00;34.44;34.5;34.335;34.405;34035
RUAL;2024-10-18 10:00:00;34.405;34.5;34.18;34.25;61007
RUAL;2024-10-18 11:00:00;34.275;34.275;34.14;34.18;70829
RUAL;2024-10-18 12:00:00;34.195;34.21;34.185;34.19;32371
RUAL;2024-10-18 13:00:00;34.195;34.195;34.16;34.16;23628
RUAL;2024-10-18 14:00:00;34.16;34.28;34.16;34.275;39636
RUAL;2024-10-18 15:00:00;34.275;34.3;34.25;34.25;45246
RUAL;2024-10-18 16:00:00;34.26;34.33;34.26;34.32;14053
RUAL;2024-10-18 17:00:00;34.33;34.345;34.29;34.34;25072
RUAL;2024-10-18 18:00:00;34.335;34.345;34.275;34.335;16287
RUAL;2024-10-18 19:00:00;34.33;34.355;34.315;34.315;8989
RUAL;2024-10-18 20:00:00;34.305;34.5;34.225;34.465;40919
RUAL;2024-10-19 04:00:00;34.5;34.5;34.09;34.3;21
RUAL;2024-10-19 05:00:00;34.3;34.45;34.28;34.285;316
RUAL;2024-10-19 06:00:00;34.35;34.385;34.285;34.355;94
RUAL;2024-10-19 07:00:00;34.355;34.355;34.295;34.295;44
RUAL;2024-10-19 08:00:00;34.34;34.34;34.29;34.29;95
RUAL;2024-10-19 09:00:00;34.295;34.32;34.29;34.32;286
RUAL;2024-10-19 10:00:00;34.29;34.44;34.29;34.36;511
RUAL;2024-10-19 11:00:00;34.43;34.43;34.34;34.34;45
RUAL;2024-10-19 12:00:00;34.415;34.415;34.335;34.41;55
RUAL;2024-10-19 13:00:00;34.34;34.41;34.335;34.33;177
RUAL;2024-10-19 14:00:00;34.335;34.415;34.335;34.41;199
RUAL;2024-10-19 15:00:00;34.41;34.42;34.305;34.305;305
RUAL;2024-10-19 16:00:00;34.395;34.41;34.315;34.39;46
RUAL;2024-10-19 17:00:00;34.31;34.305;34.295;34.295;966
RUAL;2024-10-19 18:00:00;34.295;34.39;34.295;34.305;59
RUAL;2024-10-19 19:00:00;34.38;34.38;34.305;34.31;49
RUAL;2024-10-19 20:00:00;34.38;34.395;34.295;34.295;1487
RUAL;2024-10-20 04:00:00;34.59;34.59;33.96;34.295;50
RUAL;2024-10-20 05:00:00;34.295;34.34;34.295;34.295;94
RUAL;2024-10-20 06:00:00;34.295;34.335;34.295;34.335;79
RUAL;2024-10-20 07:00:00;34.335;34.335;34.3;34.295;183
RUAL;2024-10-20 08:00:00;34.3;34.335;34.3;34.3;174
RUAL;2024-10-20 09:00:00;34.3;34.335;34.295;34.295;88
RUAL;2024-10-20 10:00:00;34.295;34.335;34.3;34.3;130
RUAL;2024-10-20 11:00:00;34.335;34.335;34.295;34.295;87
RUAL;2024-10-20 12:00:00;34.33;34.33;34.295;34.3;57
RUAL;2024-10-20 13:00:00;34.3;34.33;34.29;34.33;487
RUAL;2024-10-20 14:00:00;34.295;34.33;34.29;34.295;62
RUAL;2024-10-20 15:00:00;34.295;34.33;34.295;34.3;32
RUAL;2024-10-20 16:00:00;34.33;34.33;34.3;34.3;57
RUAL;2024-10-20 17:00:00;34.3;34.33;34.3;34.33;111
RUAL;2024-10-20 18:00:00;34.33;34.33;34.3;34.3;588
RUAL;2024-10-20 19:00:00;34.33;34.335;34.305;34.33;289
RUAL;2024-10-20 20:00:00;34.335;34.42;34.31;34.31;479
RUAL;2024-10-21 04:00:00;34.405;34.575;34.31;34.31;216
RUAL;2024-10-21 05:00:00;34.425;34.425;34.315;34.315;223
RUAL;2024-10-21 06:00:00;34.315;34.4;34.315;34.355;382
RUAL;2024-10-21 07:00:00;34.365;34.59;34.32;34.575;95455
RUAL;2024-10-21 08:00:00;34.58;34.65;34.465;34.525;70349
RUAL;2024-10-21 09:00:00;34.53;34.545;34.425;34.435;46395
RUAL;2024-10-21 10:00:00;34.44;34.48;34.385;34.38;74989
RUAL;2024-10-21 11:00:00;34.39;34.405;34.38;34.38;64655
RUAL;2024-10-21 12:00:00;34.39;34.43;34.38;34.4;42622
RUAL;2024-10-21 13:00:00;34.4;34.465;34.4;34.415;77163
RUAL;2024-10-21 14:00:00;34.43;34.435;34.36;34.365;130643
RUAL;2024-10-21 15:00:00;34.365;34.355;34.105;34.13;124372
RUAL;2024-10-21 16:00:00;34.13;34.18;34.115;34.125;15505
RUAL;2024-10-21 17:00:00;34.125;34.125;34.015;34.05;31161
RUAL;2024-10-21 18:00:00;34.06;34.09;34.045;34.07;7471
RUAL;2024-10-21 19:00:00;34.09;34.095;34.06;34.085;5001
RUAL;2024-10-21 20:00:00;34.09;34.09;33.925;33.93;35192
RUAL;2024-10-22 04:00:00;34.25;34.25;33.94;34.02;324
RUAL;2024-10-22 05:00:00;34.02;34.095;33.98;33.86;1039
RUAL;2024-10-22 06:00:00;34.075;34.13;33.935;33.935;856
RUAL;2024-10-22 07:00:00;33.935;33.925;33.755;33.82;92145
RUAL;2024-10-22 08:00:00;33.83;34.03;33.83;34.01;54598
RUAL;2024-10-22 09:00:00;34.01;34.285;34.03;34.215;86408
RUAL;2024-10-22 10:00:00;34.22;34.305;34.22;34.24;44151
RUAL;2024-10-22 11:00:00;34.24;34.305;34.155;34.29;73804
RUAL;2024-10-22 12:00:00;34.295;34.505;34.375;34.415;114884
RUAL;2024-10-22 13:00:00;34.415;34.47;34.355;34.465;51812
RUAL;2024-10-22 14:00:00;34.465;34.715;34.47;34.56;266430
RUAL;2024-10-22 15:00:00;34.595;34.63;34.48;34.53;140660
RUAL;2024-10-22 16:00:00;34.57;34.62;34.275;34.26;99931
RUAL;2024-10-22 17:00:00;34.265;34.36;34.255;34.36;29618
RUAL;2024-10-22 18:00:00;34.36;34.46;34.37;34.385;14699
RUAL;2024-10-22 19:00:00;34.38;34.44;34.345;34.44;9934
RUAL;2024-10-22 20:00:00;34.44;34.455;34.41;34.41;10853
RUAL;2024-10-23 04:00:00;34.2;34.48;34.19;34.27;1609
RUAL;2024-10-23 05:00:00;34.32;34.32;34.205;34.285;587
RUAL;2024-10-23 06:00:00;34.235;34.45;34.235;34.45;4114
RUAL;2024-10-23 07:00:00;34.45;34.585;34.27;34.275;142238
RUAL;2024-10-23 08:00:00;34.285;34.56;34.265;34.495;101822
RUAL;2024-10-23 09:00:00;34.525;35.375;34.545;35.11;702473
RUAL;2024-10-23 10:00:00;35.165;35.745;35.18;35.585;767526
RUAL;2024-10-23 11:00:00;35.595;35.63;35.225;35.215;466021
RUAL;2024-10-23 12:00:00;35.215;35.32;35.22;35.28;285275
RUAL;2024-10-23 13:00:00;35.275;35.355;35.26;35.28;230522
RUAL;2024-10-23 14:00:00;35.28;35.295;35.095;35.105;220948
RUAL;2024-10-23 15:00:00;35.11;35.105;34.935;34.935;182409
RUAL;2024-10-23 16:00:00;34.915;34.955;34.805;34.805;186127
RUAL;2024-10-23 17:00:00;34.805;34.845;34.655;34.745;113502
RUAL;2024-10-23 18:00:00;34.745;34.77;34.57;34.61;158328
RUAL;2024-10-23 19:00:00;34.6;34.66;34.485;34.64;107466
RUAL;2024-10-23 20:00:00;34.64;34.85;34.64;34.79;81143
RUAL;2024-10-24 04:00:00;34.895;35.05;34.65;34.885;301
RUAL;2024-10-24 05:00:00;34.885;34.99;34.61;34.73;1765
RUAL;2024-10-24 06:00:00;34.74;34.89;34.645;34.88;3077
RUAL;2024-10-24 07:00:00;34.85;35.105;34.67;34.925;833169
RUAL;2024-10-24 08:00:00;34.94;35.055;34.73;34.81;257399
RUAL;2024-10-24 09:00:00;34.82;34.8;34.33;34.575;279529
RUAL;2024-10-24 10:00:00;34.575;34.755;34.485;34.62;122432
RUAL;2024-10-24 11:00:00;34.635;34.695;34.475;34.62;234302
RUAL;2024-10-24 12:00:00;34.63;34.615;34.4;34.395;70138
RUAL;2024-10-24 13:00:00;34.4;34.735;34.4;34.72;89154
RUAL;2024-10-24 14:00:00;34.725;34.895;34.64;34.885;152462
RUAL;2024-10-24 15:00:00;34.9;34.78;34.5;34.545;107594
RUAL;2024-10-24 16:00:00;34.545;34.685;34.54;34.65;30296
RUAL;2024-10-24 17:00:00;34.65;34.695;34.555;34.68;21314
RUAL;2024-10-24 18:00:00;34.68;34.71;34.625;34.66;18590
RUAL;2024-10-24 19:00:00;34.68;34.715;34.62;34.665;14722
RUAL;2024-10-24 20:00:00;34.665;34.91;34.635;34.79;71424
RUAL;2024-10-25 04:00:00;35.0;34.965;34.7;34.76;274
RUAL;2024-10-25 05:00:00;34.89;34.89;34.755;34.84;227
RUAL;2024-10-25 06:00:00;34.79;34.825;34.715;34.715;522
RUAL;2024-10-25 07:00:00;34.78;34.85;34.6;34.695;94214
RUAL;2024-10-25 08:00:00;34.695;34.84;34.66;34.67;36581
RUAL;2024-10-25 09:00:00;34.67;34.755;34.67;34.695;19857
RUAL;2024-10-25 10:00:00;34.695;35.05;34.34;34.655;445520
RUAL;2024-10-25 11:00:00;34.675;34.835;34.185;34.315;212949
RUAL;2024-10-25 12:00:00;34.325;34.575;34.09;34.055;267084
RUAL;2024-10-25 13:00:00;34.07;34.075;33.825;33.93;309857
RUAL;2024-10-25 14:00:00;33.995;34.23;33.885;33.96;142283
RUAL;2024-10-25 15:00:00;33.96;34.05;33.91;33.95;69794
RUAL;2024-10-25 16:00:00;34.14;34.31;34.0;34.165;114382
RUAL;2024-10-25 17:00:00;34.15;34.405;34.135;34.385;96518
RUAL;2024-10-25 18:00:00;34.38;34.395;34.325;34.32;34321
RUAL;2024-10-25 19:00:00;34.32;34.375;34.26;34.32;44240
RUAL;2024-10-25 20:00:00;34.36;34.44;34.31;34.41;37515
RUAL;2024-10-26 04:00:00;34.42;34.5;34.25;34.355;64
RUAL;2024-10-26 05:00:00;34.415;34.485;34.3;34.375;795
RUAL;2024-10-26 06:00:00;34.45;34.47;34.31;34.45;2202
RUAL;2024-10-26 07:00:00;34.435;34.435;34.31;34.395;322
RUAL;2024-10-26 08:00:00;34.315;34.395;34.31;34.31;462
RUAL;2024-10-26 09:00:00;34.365;34.38;34.315;34.315;1654
RUAL;2024-10-26 10:00:00;34.315;34.395;34.225;34.22;3710
RUAL;2024-10-26 11:00:00;34.365;34.365;34.22;34.305;64
RUAL;2024-10-26 12:00:00;34.3;34.3;34.22;34.22;92
RUAL;2024-10-26 13:00:00;34.3;34.3;34.215;34.285;1161
RUAL;2024-10-26 14:00:00;34.285;34.285;34.215;34.275;2246
RUAL;2024-10-26 15:00:00;34.215;34.275;34.215;34.275;212
RUAL;2024-10-26 16:00:00;34.275;34.275;34.215;34.275;245
RUAL;2024-10-26 17:00:00;34.215;34.275;34.215;34.27;105
RUAL;2024-10-26 18:00:00;34.27;34.27;34.215;34.215;250
RUAL;2024-10-26 19:00:00;34.25;34.25;34.21;34.21;106
RUAL;2024-10-26 20:00:00;34.2;34.275;34.2;34.25;283
RUAL;2024-10-27 04:00:00;34.05;34.355;34.05;34.1;16
RUAL;2024-10-27 05:00:00;34.31;34.32;34.105;34.2;24
RUAL;2024-10-27 06:00:00;34.2;34.29;34.155;34.27;29
RUAL;2024-10-27 07:00:00;34.275;34.275;34.16;34.265;817
RUAL;2024-10-27 08:00:00;34.19;34.255;34.165;34.255;29
RUAL;2024-10-27 09:00:00;34.165;34.255;34.165;34.175;64
RUAL;2024-10-27 10:00:00;34.175;34.245;34.17;34.23;245
RUAL;2024-10-27 11:00:00;34.175;34.215;33.91;34.055;482
RUAL;2024-10-27 12:00:00;34.06;34.15;34.055;34.06;84
RUAL;2024-10-27 13:00:00;34.06;34.13;34.055;34.12;43
RUAL;2024-10-27 14:00:00;34.06;34.205;34.055;34.085;409
RUAL;2024-10-27 15:00:00;34.05;34.15;34.05;34.115;1326
RUAL;2024-10-27 16:00:00;34.115;34.155;34.05;34.055;401
RUAL;2024-10-27 17:00:00;34.075;34.23;34.075;34.185;1065
RUAL;2024-10-27 18:00:00;34.1;34.185;34.1;34.175;511
RUAL;2024-10-27 19:00:00;34.105;34.175;34.095;34.145;708
RUAL;2024-10-27 20:00:00;34.145;34.145;34.09;34.09;476
RUAL;2024-10-28 04:00:00;34.0;34.345;34.0;33.995;837
RUAL;2024-10-28 05:00:00;33.905;34.105;33.475;33.49;10581
RUAL;2024-10-28 06:00:00;33.49;33.85;33.49;33.85;11132
RUAL;2024-10-28 07:00:00;33.985;34.165;33.7;33.765;396702
RUAL;2024-10-28 08:00:00;33.785;33.965;33.73;33.86;107989
RUAL;2024-10-28 09:00:00;33.925;34.025;33.49;33.46;212103
RUAL;2024-10-28 10:00:00;33.46;33.48;33.16;33.32;241291
RUAL;2024-10-28 11:00:00;33.335;33.375;33.21;33.225;161744
RUAL;2024-10-28 12:00:00;33.25;33.495;33.23;33.255;122751
RUAL;2024-10-28 13:00:00;33.275;33.34;33.105;33.085;146869
RUAL;2024-10-28 14:00:00;33.1;33.45;33.08;33.4;127880
RUAL;2024-10-28 15:00:00;33.45;33.56;33.25;33.25;132235
RUAL;2024-10-28 16:00:00;33.25;33.4;33.065;33.06;67640
RUAL;2024-10-28 17:00:00;33.06;33.37;33.075;33.2;63306
RUAL;2024-10-28 18:00:00;33.2;33.305;33.19;33.225;41835
RUAL;2024-10-28 19:00:00;33.245;33.3;33.21;33.295;21898
RUAL;2024-10-28 20:00:00;33.275;33.415;33.265;33.39;21816
RUAL;2024-10-29 04:00:00;33.45;33.45;33.155;33.24;487
RUAL;2024-10-29 05:00:00;33.245;33.465;33.245;33.465;2884
RUAL;2024-10-29 06:00:00;33.305;33.5;33.265;33.5;2935
RUAL;2024-10-29 07:00:00;33.51;33.65;33.25;33.425;411251
RUAL;2024-10-29 08:00:00;33.5;33.875;33.23;33.705;571212
RUAL;2024-10-29 09:00:00;33.71;34.0;33.55;33.935;625559
RUAL;2024-10-29 10:00:00;33.935;34.06;33.74;33.745;250020
RUAL;2024-10-29 11:00:00;33.78;33.98;33.435;33.31;633321
RUAL;2024-10-29 12:00:00;33.315;33.61;33.405;33.595;301145
RUAL;2024-10-29 13:00:00;33.615;33.68;33.41;33.46;204942
RUAL;2024-10-29 14:00:00;33.455;33.545;33.465;33.535;128796
RUAL;2024-10-29 15:00:00;33.545;33.75;33.6;33.73;140362
RUAL;2024-10-29 16:00:00;33.705;33.815;33.705;33.76;65776
RUAL;2024-10-29 17:00:00;33.76;33.84;33.67;33.825;36691
RUAL;2024-10-29 18:00:00;33.835;33.885;33.81;33.84;26241
RUAL;2024-10-29 19:00:00;33.845;33.84;33.73;33.72;31666
RUAL;2024-10-29 20:00:00;33.725;33.795;33.7;33.715;33685
RUAL;2024-10-30 04:00:00;33.9;33.95;33.605;33.715;517
RUAL;2024-10-30 05:00:00;33.86;33.865;33.72;33.74;52
RUAL;2024-10-30 06:00:00;33.74;33.885;33.7;33.885;5649
RUAL;2024-10-30 07:00:00;33.875;34.9;33.86;34.79;945875
RUAL;2024-10-30 08:00:00;34.81;35.1;34.865;34.925;693867
RUAL;2024-10-30 09:00:00;34.94;35.095;34.925;34.93;333700
RUAL;2024-10-30 10:00:00;34.93;34.93;34.755;34.81;408371
RUAL;2024-10-30 11:00:00;34.815;35.0;34.74;34.76;432076
RUAL;2024-10-30 12:00:00;34.77;34.985;34.805;34.87;255830
RUAL;2024-10-30 13:00:00;34.875;34.98;34.855;34.885;226749
RUAL;2024-10-30 14:00:00;34.915;35.445;34.92;35.34;831478
RUAL;2024-10-30 15:00:00;35.355;35.52;35.285;35.31;481139
RUAL;2024-10-30 16:00:00;35.25;35.265;35.05;35.025;331120
RUAL;2024-10-30 17:00:00;35.025;35.135;34.87;34.845;270886
RUAL;2024-10-30 18:00:00;34.86;35.055;34.845;34.9;242990
RUAL;2024-10-30 19:00:00;34.925;35.0;34.8;34.88;236566
RUAL;2024-10-30 20:00:00;34.91;35.07;34.9;34.98;134786
RUAL;2024-10-31 04:00:00;34.795;35.0;34.67;34.665;7341
RUAL;2024-10-31 05:00:00;34.67;34.965;34.58;34.555;44115
RUAL;2024-10-31 06:00:00;34.56;34.76;34.56;34.655;47156
RUAL;2024-10-31 07:00:00;34.655;35.4;34.71;34.795;1578491
RUAL;2024-10-31 08:00:00;34.81;34.9;34.58;34.54;294757
RUAL;2024-10-31 09:00:00;34.58;34.76;34.54;34.705;471958
RUAL;2024-10-31 10:00:00;34.74;35.2;34.645;34.94;320428
RUAL;2024-10-31 11:00:00;34.96;35.08;34.865;34.96;81972
RUAL;2024-10-31 12:00:00;34.995;34.995;34.85;34.855;40704
RUAL;2024-10-31 13:00:00;34.855;34.915;34.655;34.7;115779
RUAL;2024-10-31 14:00:00;34.72;34.785;34.525;34.535;166037
RUAL;2024-10-31 15:00:00;34.545;34.71;34.58;34.67;47543
RUAL;2024-10-31 16:00:00;34.625;34.65;34.21;34.415;335745
RUAL;2024-10-31 17:00:00;34.415;34.56;34.415;34.47;68224
RUAL;2024-10-31 18:00:00;34.47;34.75;34.47;34.745;97565
RUAL;2024-10-31 19:00:00;34.75;34.87;34.73;34.76;59744
RUAL;2024-10-31 20:00:00;34.78;34.95;34.745;34.895;58281
